timestamp,gco2_per_kwh,week_index,week_start
2020-05-04 00:00:00+00:00,160.0870964221871,0,2020-05-04T00:00:00+00:00
2020-05-04 00:30:00+00:00,150.67418812022262,0,2020-05-04T00:00:00+00:00
2020-05-04 01:00:00+00:00,162.2531583706452,0,2020-05-04T00:00:00+00:00
2020-05-04 01:30:00+00:00,163.58395301473848,0,2020-05-04T00:00:00+00:00
2020-05-04 02:00:00+00:00,144.29683054332924,0,2020-05-04T00:00:00+00:00
2020-05-04 02:30:00+00:00,148.83882031586987,0,2020-05-04T00:00:00+00:00
2020-05-04 03:00:00+00:00,161.6461715162067,0,2020-05-04T00:00:00+00:00
2020-05-04 03:30:00+00:00,158.53759054763063,0,2020-05-04T00:00:00+00:00
2020-05-04 04:00:00+00:00,165.08340202424665,0,2020-05-04T00:00:00+00:00
2020-05-04 04:30:00+00:00,159.22970263376163,0,2020-05-04T00:00:00+00:00
2020-05-04 05:00:00+00:00,177.1557858240398,0,2020-05-04T00:00:00+00:00
2020-05-04 05:30:00+00:00,176.44454354800263,0,2020-05-04T00:00:00+00:00
2020-05-04 06:00:00+00:00,178.21528162005794,0,2020-05-04T00:00:00+00:00
2020-05-04 06:30:00+00:00,185.64375518590563,0,2020-05-04T00:00:00+00:00
2020-05-04 07:00:00+00:00,188.27256539576433,0,2020-05-04T00:00:00+00:00
2020-05-04 07:30:00+00:00,178.98495275981733,0,2020-05-04T00:00:00+00:00
2020-05-04 08:00:00+00:00,194.82818875144807,0,2020-05-04T00:00:00+00:00
2020-05-04 08:30:00+00:00,185.5347550570676,0,2020-05-04T00:00:00+00:00
2020-05-04 09:00:00+00:00,205.14915210915092,0,2020-05-04T00:00:00+00:00
2020-05-04 09:30:00+00:00,198.65051862309622,0,2020-05-04T00:00:00+00:00
2020-05-04 10:00:00+00:00,203.5049533284065,0,2020-05-04T00:00:00+00:00
2020-05-04 10:30:00+00:00,200.03248306239573,0,2020-05-04T00:00:00+00:00
2020-05-04 11:00:00+00:00,217.8065006766825,0,2020-05-04T00:00:00+00:00
2020-05-04 11:30:00+00:00,208.16700493148267,0,2020-05-04T00:00:00+00:00
2020-05-04 12:00:00+00:00,209.04762838095215,0,2020-05-04T00:00:00+00:00
2020-05-04 12:30:00+00:00,209.5809882826763,0,2020-05-04T00:00:00+00:00
2020-05-04 13:00:00+00:00,216.72616429887344,0,2020-05-04T00:00:00+00:00
2020-05-04 13:30:00+00:00,215.55810845054856,0,2020-05-04T00:00:00+00:00
2020-05-04 14:00:00+00:00,214.9350514172658,0,2020-05-04T00:00:00+00:00
2020-05-04 14:30:00+00:00,215.06167015714908,0,2020-05-04T00:00:00+00:00
2020-05-04 15:00:00+00:00,224.24024451205753,0,2020-05-04T00:00:00+00:00
2020-05-04 15:30:00+00:00,206.403806191272,0,2020-05-04T00:00:00+00:00
2020-05-04 16:00:00+00:00,201.21329076972256,0,2020-05-04T00:00:00+00:00
2020-05-04 16:30:00+00:00,199.10258077548818,0,2020-05-04T00:00:00+00:00
2020-05-04 17:00:00+00:00,203.31185595802847,0,2020-05-04T00:00:00+00:00
2020-05-04 17:30:00+00:00,206.90280604904623,0,2020-05-04T00:00:00+00:00
2020-05-04 18:00:00+00:00,191.44930105928646,0,2020-05-04T00:00:00+00:00
2020-05-04 18:30:00+00:00,186.36583792413288,0,2020-05-04T00:00:00+00:00
2020-05-04 19:00:00+00:00,179.22863149016132,0,2020-05-04T00:00:00+00:00
2020-05-04 19:30:00+00:00,189.55414951477292,0,2020-05-04T00:00:00+00:00
2020-05-04 20:00:00+00:00,182.9558459355535,0,2020-05-04T00:00:00+00:00
2020-05-04 20:30:00+00:00,181.55514661526578,0,2020-05-04T00:00:00+00:00
2020-05-04 21:00:00+00:00,166.34143204897913,0,2020-05-04T00:00:00+00:00
2020-05-04 21:30:00+00:00,172.62512926146704,0,2020-05-04T00:00:00+00:00
2020-05-04 22:00:00+00:00,166.01781079076179,0,2020-05-04T00:00:00+00:00
2020-05-04 22:30:00+00:00,166.73183030387978,0,2020-05-04T00:00:00+00:00
2020-05-04 23:00:00+00:00,166.85129013967304,0,2020-05-04T00:00:00+00:00
2020-05-04 23:30:00+00:00,162.31645753545848,0,2020-05-04T00:00:00+00:00
2020-05-05 00:00:00+00:00,162.70647180540936,0,2020-05-04T00:00:00+00:00
2020-05-05 00:30:00+00:00,158.42713035032833,0,2020-05-04T00:00:00+00:00
2020-05-05 01:00:00+00:00,159.02383579082988,0,2020-05-04T00:00:00+00:00
2020-05-05 01:30:00+00:00,161.4190175808698,0,2020-05-04T00:00:00+00:00
2020-05-05 02:00:00+00:00,147.75398612491642,0,2020-05-04T00:00:00+00:00
2020-05-05 02:30:00+00:00,155.71637834940498,0,2020-05-04T00:00:00+00:00
2020-05-05 03:00:00+00:00,157.45868011398613,0,2020-05-04T00:00:00+00:00
2020-05-05 03:30:00+00:00,156.2791437563323,0,2020-05-04T00:00:00+00:00
2020-05-05 04:00:00+00:00,163.2750143681899,0,2020-05-04T00:00:00+00:00
2020-05-05 04:30:00+00:00,175.66559930541746,0,2020-05-04T00:00:00+00:00
2020-05-05 05:00:00+00:00,164.9391821901473,0,2020-05-04T00:00:00+00:00
2020-05-05 05:30:00+00:00,177.77794848214037,0,2020-05-04T00:00:00+00:00
2020-05-05 06:00:00+00:00,165.9729783358188,0,2020-05-04T00:00:00+00:00
2020-05-05 06:30:00+00:00,175.408871527229,0,2020-05-04T00:00:00+00:00
2020-05-05 07:00:00+00:00,186.13927145573504,0,2020-05-04T00:00:00+00:00
2020-05-05 07:30:00+00:00,189.10355631951495,0,2020-05-04T00:00:00+00:00
2020-05-05 08:00:00+00:00,197.22551932142056,0,2020-05-04T00:00:00+00:00
2020-05-05 08:30:00+00:00,197.80036390927006,0,2020-05-04T00:00:00+00:00
2020-05-05 09:00:00+00:00,196.55892449426094,0,2020-05-04T00:00:00+00:00
2020-05-05 09:30:00+00:00,195.76353745134804,0,2020-05-04T00:00:00+00:00
2020-05-05 10:00:00+00:00,210.8048210420234,0,2020-05-04T00:00:00+00:00
2020-05-05 10:30:00+00:00,203.459859599052,0,2020-05-04T00:00:00+00:00
2020-05-05 11:00:00+00:00,200.31890704259885,0,2020-05-04T00:00:00+00:00
2020-05-05 11:30:00+00:00,201.31570080793992,0,2020-05-04T00:00:00+00:00
2020-05-05 12:00:00+00:00,205.60975713408263,0,2020-05-04T00:00:00+00:00
2020-05-05 12:30:00+00:00,215.52604834447024,0,2020-05-04T00:00:00+00:00
2020-05-05 13:00:00+00:00,213.99698015249396,0,2020-05-04T00:00:00+00:00
2020-05-05 13:30:00+00:00,217.83339747847438,0,2020-05-04T00:00:00+00:00
2020-05-05 14:00:00+00:00,209.05515461173817,0,2020-05-04T00:00:00+00:00
2020-05-05 14:30:00+00:00,213.1557009736309,0,2020-05-04T00:00:00+00:00
2020-05-05 15:00:00+00:00,213.62784406373564,0,2020-05-04T00:00:00+00:00
2020-05-05 15:30:00+00:00,207.0832855279226,0,2020-05-04T00:00:00+00:00
2020-05-05 16:00:00+00:00,207.9964165361252,0,2020-05-04T00:00:00+00:00
2020-05-05 16:30:00+00:00,200.16550828575677,0,2020-05-04T00:00:00+00:00
2020-05-05 17:00:00+00:00,196.4586230740445,0,2020-05-04T00:00:00+00:00
2020-05-05 17:30:00+00:00,196.3278347420117,0,2020-05-04T00:00:00+00:00
2020-05-05 18:00:00+00:00,183.87605574374732,0,2020-05-04T00:00:00+00:00
2020-05-05 18:30:00+00:00,195.65574062836967,0,2020-05-04T00:00:00+00:00
2020-05-05 19:00:00+00:00,181.71418361858093,0,2020-05-04T00:00:00+00:00
2020-05-05 19:30:00+00:00,185.0874588310938,0,2020-05-04T00:00:00+00:00
2020-05-05 20:00:00+00:00,181.11829334947078,0,2020-05-04T00:00:00+00:00
2020-05-05 20:30:00+00:00,180.87878496933902,0,2020-05-04T00:00:00+00:00
2020-05-05 21:00:00+00:00,175.6576957628095,0,2020-05-04T00:00:00+00:00
2020-05-05 21:30:00+00:00,170.31060160843404,0,2020-05-04T00:00:00+00:00
2020-05-05 22:00:00+00:00,162.2379219424676,0,2020-05-04T00:00:00+00:00
2020-05-05 22:30:00+00:00,164.6429826504319,0,2020-05-04T00:00:00+00:00
2020-05-05 23:00:00+00:00,148.9399476563295,0,2020-05-04T00:00:00+00:00
2020-05-05 23:30:00+00:00,150.6215013870741,0,2020-05-04T00:00:00+00:00
2020-05-06 00:00:00+00:00,148.69517957742528,0,2020-05-04T00:00:00+00:00
2020-05-06 00:30:00+00:00,150.97334907069572,0,2020-05-04T00:00:00+00:00
2020-05-06 01:00:00+00:00,159.79841958706405,0,2020-05-04T00:00:00+00:00
2020-05-06 01:30:00+00:00,150.6616466124796,0,2020-05-04T00:00:00+00:00
2020-05-06 02:00:00+00:00,155.30693898563038,0,2020-05-04T00:00:00+00:00
2020-05-06 02:30:00+00:00,167.04867494840855,0,2020-05-04T00:00:00+00:00
2020-05-06 03:00:00+00:00,158.25744089660571,0,2020-05-04T00:00:00+00:00
2020-05-06 03:30:00+00:00,165.9138976733053,0,2020-05-04T00:00:00+00:00
2020-05-06 04:00:00+00:00,158.66568636670755,0,2020-05-04T00:00:00+00:00
2020-05-06 04:30:00+00:00,163.76294722170326,0,2020-05-04T00:00:00+00:00
2020-05-06 05:00:00+00:00,164.34984561562592,0,2020-05-04T00:00:00+00:00
2020-05-06 05:30:00+00:00,168.62676846869607,0,2020-05-04T00:00:00+00:00
2020-05-06 06:00:00+00:00,183.6352236993312,0,2020-05-04T00:00:00+00:00
2020-05-06 06:30:00+00:00,165.661823774783,0,2020-05-04T00:00:00+00:00
2020-05-06 07:00:00+00:00,188.040965504821,0,2020-05-04T00:00:00+00:00
2020-05-06 07:30:00+00:00,186.66414921632594,0,2020-05-04T00:00:00+00:00
2020-05-06 08:00:00+00:00,188.08788357299304,0,2020-05-04T00:00:00+00:00
2020-05-06 08:30:00+00:00,182.1245282821514,0,2020-05-04T00:00:00+00:00
2020-05-06 09:00:00+00:00,199.50490655399707,0,2020-05-04T00:00:00+00:00
2020-05-06 09:30:00+00:00,195.2935510365534,0,2020-05-04T00:00:00+00:00
2020-05-06 10:00:00+00:00,206.42772335270624,0,2020-05-04T00:00:00+00:00
2020-05-06 10:30:00+00:00,204.95195489188742,0,2020-05-04T00:00:00+00:00
2020-05-06 11:00:00+00:00,220.4611635452107,0,2020-05-04T00:00:00+00:00
2020-05-06 11:30:00+00:00,207.57322191365313,0,2020-05-04T00:00:00+00:00
2020-05-06 12:00:00+00:00,204.88144068774085,0,2020-05-04T00:00:00+00:00
2020-05-06 12:30:00+00:00,213.30085258078813,0,2020-05-04T00:00:00+00:00
2020-05-06 13:00:00+00:00,214.53997678780235,0,2020-05-04T00:00:00+00:00
2020-05-06 13:30:00+00:00,222.51431302668306,0,2020-05-04T00:00:00+00:00
2020-05-06 14:00:00+00:00,217.89170185749595,0,2020-05-04T00:00:00+00:00
2020-05-06 14:30:00+00:00,214.54402055014046,0,2020-05-04T00:00:00+00:00
2020-05-06 15:00:00+00:00,219.49183154450122,0,2020-05-04T00:00:00+00:00
2020-05-06 15:30:00+00:00,200.92736992570434,0,2020-05-04T00:00:00+00:00
2020-05-06 16:00:00+00:00,200.3207291439751,0,2020-05-04T00:00:00+00:00
2020-05-06 16:30:00+00:00,198.31295828338466,0,2020-05-04T00:00:00+00:00
2020-05-06 17:00:00+00:00,196.27133137790963,0,2020-05-04T00:00:00+00:00
2020-05-06 17:30:00+00:00,189.36319696710584,0,2020-05-04T00:00:00+00:00
2020-05-06 18:00:00+00:00,196.69298989057143,0,2020-05-04T00:00:00+00:00
2020-05-06 18:30:00+00:00,190.69137438317918,0,2020-05-04T00:00:00+00:00
2020-05-06 19:00:00+00:00,174.7043559384814,0,2020-05-04T00:00:00+00:00
2020-05-06 19:30:00+00:00,177.8909464315472,0,2020-05-04T00:00:00+00:00
2020-05-06 20:00:00+00:00,179.9476636692808,0,2020-05-04T00:00:00+00:00
2020-05-06 20:30:00+00:00,183.61995271239007,0,2020-05-04T00:00:00+00:00
2020-05-06 21:00:00+00:00,184.9771162418425,0,2020-05-04T00:00:00+00:00
2020-05-06 21:30:00+00:00,191.3970372620513,0,2020-05-04T00:00:00+00:00
2020-05-06 22:00:00+00:00,168.10187615970867,0,2020-05-04T00:00:00+00:00
2020-05-06 22:30:00+00:00,158.27424328655363,0,2020-05-04T00:00:00+00:00
2020-05-06 23:00:00+00:00,145.82696472891655,0,2020-05-04T00:00:00+00:00
2020-05-06 23:30:00+00:00,162.62526893044256,0,2020-05-04T00:00:00+00:00
2020-05-07 00:00:00+00:00,152.26348919673381,0,2020-05-04T00:00:00+00:00
2020-05-07 00:30:00+00:00,155.0465760426483,0,2020-05-04T00:00:00+00:00
2020-05-07 01:00:00+00:00,152.71532240658135,0,2020-05-04T00:00:00+00:00
2020-05-07 01:30:00+00:00,156.0144637950853,0,2020-05-04T00:00:00+00:00
2020-05-07 02:00:00+00:00,165.4159384794196,0,2020-05-04T00:00:00+00:00
2020-05-07 02:30:00+00:00,159.0534168360235,0,2020-05-04T00:00:00+00:00
2020-05-07 03:00:00+00:00,159.6408448347649,0,2020-05-04T00:00:00+00:00
2020-05-07 03:30:00+00:00,153.50171242425503,0,2020-05-04T00:00:00+00:00
2020-05-07 04:00:00+00:00,153.47822951384617,0,2020-05-04T00:00:00+00:00
2020-05-07 04:30:00+00:00,161.79685476326335,0,2020-05-04T00:00:00+00:00
2020-05-07 05:00:00+00:00,170.62352214427176,0,2020-05-04T00:00:00+00:00
2020-05-07 05:30:00+00:00,183.37550939505917,0,2020-05-04T00:00:00+00:00
2020-05-07 06:00:00+00:00,178.66498838743962,0,2020-05-04T00:00:00+00:00
2020-05-07 06:30:00+00:00,184.63224331429083,0,2020-05-04T00:00:00+00:00
2020-05-07 07:00:00+00:00,181.50493081022594,0,2020-05-04T00:00:00+00:00
2020-05-07 07:30:00+00:00,176.70539363508084,0,2020-05-04T00:00:00+00:00
2020-05-07 08:00:00+00:00,185.49111592724398,0,2020-05-04T00:00:00+00:00
2020-05-07 08:30:00+00:00,187.1703508111203,0,2020-05-04T00:00:00+00:00
2020-05-07 09:00:00+00:00,213.89928812704616,0,2020-05-04T00:00:00+00:00
2020-05-07 09:30:00+00:00,193.2502932454293,0,2020-05-04T00:00:00+00:00
2020-05-07 10:00:00+00:00,210.66841429937773,0,2020-05-04T00:00:00+00:00
2020-05-07 10:30:00+00:00,198.47849962661414,0,2020-05-04T00:00:00+00:00
2020-05-07 11:00:00+00:00,215.769722396084,0,2020-05-04T00:00:00+00:00
2020-05-07 11:30:00+00:00,211.94336806870533,0,2020-05-04T00:00:00+00:00
2020-05-07 12:00:00+00:00,210.94945785248728,0,2020-05-04T00:00:00+00:00
2020-05-07 12:30:00+00:00,211.76058545314586,0,2020-05-04T00:00:00+00:00
2020-05-07 13:00:00+00:00,208.41648613199428,0,2020-05-04T00:00:00+00:00
2020-05-07 13:30:00+00:00,216.12250541037457,0,2020-05-04T00:00:00+00:00
2020-05-07 14:00:00+00:00,208.86103877370846,0,2020-05-04T00:00:00+00:00
2020-05-07 14:30:00+00:00,203.46668278972317,0,2020-05-04T00:00:00+00:00
2020-05-07 15:00:00+00:00,200.30314828572696,0,2020-05-04T00:00:00+00:00
2020-05-07 15:30:00+00:00,210.45682673001912,0,2020-05-04T00:00:00+00:00
2020-05-07 16:00:00+00:00,215.85262866809637,0,2020-05-04T00:00:00+00:00
2020-05-07 16:30:00+00:00,205.91893116823738,0,2020-05-04T00:00:00+00:00
2020-05-07 17:00:00+00:00,198.16953171723083,0,2020-05-04T00:00:00+00:00
2020-05-07 17:30:00+00:00,201.0007829772178,0,2020-05-04T00:00:00+00:00
2020-05-07 18:00:00+00:00,201.38894545481836,0,2020-05-04T00:00:00+00:00
2020-05-07 18:30:00+00:00,193.78261077241757,0,2020-05-04T00:00:00+00:00
2020-05-07 19:00:00+00:00,182.12350938416384,0,2020-05-04T00:00:00+00:00
2020-05-07 19:30:00+00:00,192.74402097041923,0,2020-05-04T00:00:00+00:00
2020-05-07 20:00:00+00:00,180.75436180636072,0,2020-05-04T00:00:00+00:00
2020-05-07 20:30:00+00:00,188.50335868110136,0,2020-05-04T00:00:00+00:00
2020-05-07 21:00:00+00:00,172.28264106055335,0,2020-05-04T00:00:00+00:00
2020-05-07 21:30:00+00:00,162.4287167779565,0,2020-05-04T00:00:00+00:00
2020-05-07 22:00:00+00:00,155.62389573205704,0,2020-05-04T00:00:00+00:00
2020-05-07 22:30:00+00:00,176.75750565239542,0,2020-05-04T00:00:00+00:00
2020-05-07 23:00:00+00:00,172.81694873951878,0,2020-05-04T00:00:00+00:00
2020-05-07 23:30:00+00:00,159.4946542010575,0,2020-05-04T00:00:00+00:00
2020-05-08 00:00:00+00:00,155.2717656159542,0,2020-05-04T00:00:00+00:00
2020-05-08 00:30:00+00:00,168.18418690960152,0,2020-05-04T00:00:00+00:00
2020-05-08 01:00:00+00:00,149.2506802256956,0,2020-05-04T00:00:00+00:00
2020-05-08 01:30:00+00:00,150.7369108673092,0,2020-05-04T00:00:00+00:00
2020-05-08 02:00:00+00:00,162.4573644267294,0,2020-05-04T00:00:00+00:00
2020-05-08 02:30:00+00:00,155.19184100388898,0,2020-05-04T00:00:00+00:00
2020-05-08 03:00:00+00:00,160.7154356269952,0,2020-05-04T00:00:00+00:00
2020-05-08 03:30:00+00:00,159.6071884043641,0,2020-05-04T00:00:00+00:00
2020-05-08 04:00:00+00:00,167.56403196836922,0,2020-05-04T00:00:00+00:00
2020-05-08 04:30:00+00:00,175.0533831559727,0,2020-05-04T00:00:00+00:00
2020-05-08 05:00:00+00:00,171.63409434831223,0,2020-05-04T00:00:00+00:00
2020-05-08 05:30:00+00:00,175.507571552938,0,2020-05-04T00:00:00+00:00
2020-05-08 06:00:00+00:00,163.40186202991225,0,2020-05-04T00:00:00+00:00
2020-05-08 06:30:00+00:00,177.41203792361858,0,2020-05-04T00:00:00+00:00
2020-05-08 07:00:00+00:00,179.0973881079499,0,2020-05-04T00:00:00+00:00
2020-05-08 07:30:00+00:00,176.4683085770346,0,2020-05-04T00:00:00+00:00
2020-05-08 08:00:00+00:00,186.09986669436933,0,2020-05-04T00:00:00+00:00
2020-05-08 08:30:00+00:00,189.9080691779649,0,2020-05-04T00:00:00+00:00
2020-05-08 09:00:00+00:00,205.41131779649209,0,2020-05-04T00:00:00+00:00
2020-05-08 09:30:00+00:00,189.71525097582304,0,2020-05-04T00:00:00+00:00
2020-05-08 10:00:00+00:00,205.01341032138424,0,2020-05-04T00:00:00+00:00
2020-05-08 10:30:00+00:00,201.40980383988827,0,2020-05-04T00:00:00+00:00
2020-05-08 11:00:00+00:00,206.95499964543058,0,2020-05-04T00:00:00+00:00
2020-05-08 11:30:00+00:00,216.2680160830965,0,2020-05-04T00:00:00+00:00
2020-05-08 12:00:00+00:00,215.8127311951214,0,2020-05-04T00:00:00+00:00
2020-05-08 12:30:00+00:00,221.4077098881931,0,2020-05-04T00:00:00+00:00
2020-05-08 13:00:00+00:00,211.91846024525069,0,2020-05-04T00:00:00+00:00
2020-05-08 13:30:00+00:00,208.12840171830507,0,2020-05-04T00:00:00+00:00
2020-05-08 14:00:00+00:00,210.47891141793042,0,2020-05-04T00:00:00+00:00
2020-05-08 14:30:00+00:00,213.74340067499244,0,2020-05-04T00:00:00+00:00
2020-05-08 15:00:00+00:00,210.48472481514028,0,2020-05-04T00:00:00+00:00
2020-05-08 15:30:00+00:00,201.65799480033073,0,2020-05-04T00:00:00+00:00
2020-05-08 16:00:00+00:00,205.43241834461844,0,2020-05-04T00:00:00+00:00
2020-05-08 16:30:00+00:00,206.39658818419565,0,2020-05-04T00:00:00+00:00
2020-05-08 17:00:00+00:00,216.62231826273745,0,2020-05-04T00:00:00+00:00
2020-05-08 17:30:00+00:00,212.1379122789717,0,2020-05-04T00:00:00+00:00
2020-05-08 18:00:00+00:00,186.27422980895884,0,2020-05-04T00:00:00+00:00
2020-05-08 18:30:00+00:00,190.23524973202635,0,2020-05-04T00:00:00+00:00
2020-05-08 19:00:00+00:00,174.75590598714098,0,2020-05-04T00:00:00+00:00
2020-05-08 19:30:00+00:00,180.8650509022556,0,2020-05-04T00:00:00+00:00
2020-05-08 20:00:00+00:00,179.9623017622618,0,2020-05-04T00:00:00+00:00
2020-05-08 20:30:00+00:00,186.19404208334706,0,2020-05-04T00:00:00+00:00
2020-05-08 21:00:00+00:00,165.89641313579475,0,2020-05-04T00:00:00+00:00
2020-05-08 21:30:00+00:00,166.42097491952543,0,2020-05-04T00:00:00+00:00
2020-05-08 22:00:00+00:00,150.1699869186061,0,2020-05-04T00:00:00+00:00
2020-05-08 22:30:00+00:00,164.06234868296232,0,2020-05-04T00:00:00+00:00
2020-05-08 23:00:00+00:00,153.31438781101878,0,2020-05-04T00:00:00+00:00
2020-05-08 23:30:00+00:00,157.04521270247318,0,2020-05-04T00:00:00+00:00
2020-05-09 00:00:00+00:00,129.816051416733,0,2020-05-04T00:00:00+00:00
2020-05-09 00:30:00+00:00,135.2942389841382,0,2020-05-04T00:00:00+00:00
2020-05-09 01:00:00+00:00,122.69590126050358,0,2020-05-04T00:00:00+00:00
2020-05-09 01:30:00+00:00,124.73068328226307,0,2020-05-04T00:00:00+00:00
2020-05-09 02:00:00+00:00,150.85880664810418,0,2020-05-04T00:00:00+00:00
2020-05-09 02:30:00+00:00,126.94211879498788,0,2020-05-04T00:00:00+00:00
2020-05-09 03:00:00+00:00,131.07378964485324,0,2020-05-04T00:00:00+00:00
2020-05-09 03:30:00+00:00,151.6096833922849,0,2020-05-04T00:00:00+00:00
2020-05-09 04:00:00+00:00,163.5364803114595,0,2020-05-04T00:00:00+00:00
2020-05-09 04:30:00+00:00,135.0000437249993,0,2020-05-04T00:00:00+00:00
2020-05-09 05:00:00+00:00,146.42225730248379,0,2020-05-04T00:00:00+00:00
2020-05-09 05:30:00+00:00,151.39088885658356,0,2020-05-04T00:00:00+00:00
2020-05-09 06:00:00+00:00,167.85395024796856,0,2020-05-04T00:00:00+00:00
2020-05-09 06:30:00+00:00,148.84506718813176,0,2020-05-04T00:00:00+00:00
2020-05-09 07:00:00+00:00,161.28305507840523,0,2020-05-04T00:00:00+00:00
2020-05-09 07:30:00+00:00,168.4413630324322,0,2020-05-04T00:00:00+00:00
2020-05-09 08:00:00+00:00,173.2902957841369,0,2020-05-04T00:00:00+00:00
2020-05-09 08:30:00+00:00,167.6138407642599,0,2020-05-04T00:00:00+00:00
2020-05-09 09:00:00+00:00,176.0632392483877,0,2020-05-04T00:00:00+00:00
2020-05-09 09:30:00+00:00,167.37572934141014,0,2020-05-04T00:00:00+00:00
2020-05-09 10:00:00+00:00,181.13177366540066,0,2020-05-04T00:00:00+00:00
2020-05-09 10:30:00+00:00,180.93427744316062,0,2020-05-04T00:00:00+00:00
2020-05-09 11:00:00+00:00,188.8739005333481,0,2020-05-04T00:00:00+00:00
2020-05-09 11:30:00+00:00,183.3614207742312,0,2020-05-04T00:00:00+00:00
2020-05-09 12:00:00+00:00,193.34669279390988,0,2020-05-04T00:00:00+00:00
2020-05-09 12:30:00+00:00,197.13493386083272,0,2020-05-04T00:00:00+00:00
2020-05-09 13:00:00+00:00,192.08800529367926,0,2020-05-04T00:00:00+00:00
2020-05-09 13:30:00+00:00,193.46229485879442,0,2020-05-04T00:00:00+00:00
2020-05-09 14:00:00+00:00,190.41801056913897,0,2020-05-04T00:00:00+00:00
2020-05-09 14:30:00+00:00,190.0465138877338,0,2020-05-04T00:00:00+00:00
2020-05-09 15:00:00+00:00,182.19780507116437,0,2020-05-04T00:00:00+00:00
2020-05-09 15:30:00+00:00,189.46417113767745,0,2020-05-04T00:00:00+00:00
2020-05-09 16:00:00+00:00,182.1179836843289,0,2020-05-04T00:00:00+00:00
2020-05-09 16:30:00+00:00,197.45116803573748,0,2020-05-04T00:00:00+00:00
2020-05-09 17:00:00+00:00,188.0134843173267,0,2020-05-04T00:00:00+00:00
2020-05-09 17:30:00+00:00,179.7009258678955,0,2020-05-04T00:00:00+00:00
2020-05-09 18:00:00+00:00,164.90553279500722,0,2020-05-04T00:00:00+00:00
2020-05-09 18:30:00+00:00,162.46005295898667,0,2020-05-04T00:00:00+00:00
2020-05-09 19:00:00+00:00,171.33800067162207,0,2020-05-04T00:00:00+00:00
2020-05-09 19:30:00+00:00,164.83924457602996,0,2020-05-04T00:00:00+00:00
2020-05-09 20:00:00+00:00,159.1140705608707,0,2020-05-04T00:00:00+00:00
2020-05-09 20:30:00+00:00,143.54096482831005,0,2020-05-04T00:00:00+00:00
2020-05-09 21:00:00+00:00,155.49206937090727,0,2020-05-04T00:00:00+00:00
2020-05-09 21:30:00+00:00,152.18094236750053,0,2020-05-04T00:00:00+00:00
2020-05-09 22:00:00+00:00,135.42799533587532,0,2020-05-04T00:00:00+00:00
2020-05-09 22:30:00+00:00,139.90033647462704,0,2020-05-04T00:00:00+00:00
2020-05-09 23:00:00+00:00,140.59730912453134,0,2020-05-04T00:00:00+00:00
2020-05-09 23:30:00+00:00,139.11855628252943,0,2020-05-04T00:00:00+00:00
2020-05-10 00:00:00+00:00,133.9088785632812,0,2020-05-04T00:00:00+00:00
2020-05-10 00:30:00+00:00,135.22965898744437,0,2020-05-04T00:00:00+00:00
2020-05-10 01:00:00+00:00,133.2361583525518,0,2020-05-04T00:00:00+00:00
2020-05-10 01:30:00+00:00,136.06793758471727,0,2020-05-04T00:00:00+00:00
2020-05-10 02:00:00+00:00,146.25452067485818,0,2020-05-04T00:00:00+00:00
2020-05-10 02:30:00+00:00,117.98746777738701,0,2020-05-04T00:00:00+00:00
2020-05-10 03:00:00+00:00,137.09333684246792,0,2020-05-04T00:00:00+00:00
2020-05-10 03:30:00+00:00,139.98687564364283,0,2020-05-04T00:00:00+00:00
2020-05-10 04:00:00+00:00,145.27296805458639,0,2020-05-04T00:00:00+00:00
2020-05-10 04:30:00+00:00,140.59760805752765,0,2020-05-04T00:00:00+00:00
2020-05-10 05:00:00+00:00,136.70294752264994,0,2020-05-04T00:00:00+00:00
2020-05-10 05:30:00+00:00,151.29596838599878,0,2020-05-04T00:00:00+00:00
2020-05-10 06:00:00+00:00,167.8445182362787,0,2020-05-04T00:00:00+00:00
2020-05-10 06:30:00+00:00,145.01603690271645,0,2020-05-04T00:00:00+00:00
2020-05-10 07:00:00+00:00,169.04679609588732,0,2020-05-04T00:00:00+00:00
2020-05-10 07:30:00+00:00,160.70032343813975,0,2020-05-04T00:00:00+00:00
2020-05-10 08:00:00+00:00,169.81766284206864,0,2020-05-04T00:00:00+00:00
2020-05-10 08:30:00+00:00,162.87664368794293,0,2020-05-04T00:00:00+00:00
2020-05-10 09:00:00+00:00,174.65880679350886,0,2020-05-04T00:00:00+00:00
2020-05-10 09:30:00+00:00,186.10031216289272,0,2020-05-04T00:00:00+00:00
2020-05-10 10:00:00+00:00,186.87757656713728,0,2020-05-04T00:00:00+00:00
2020-05-10 10:30:00+00:00,194.92517111109294,0,2020-05-04T00:00:00+00:00
2020-05-10 11:00:00+00:00,195.49059452880815,0,2020-05-04T00:00:00+00:00
2020-05-10 11:30:00+00:00,190.32231805847132,0,2020-05-04T00:00:00+00:00
2020-05-10 12:00:00+00:00,202.25346481926846,0,2020-05-04T00:00:00+00:00
2020-05-10 12:30:00+00:00,193.118875247262,0,2020-05-04T00:00:00+00:00
2020-05-10 13:00:00+00:00,196.7959172375794,0,2020-05-04T00:00:00+00:00
2020-05-10 13:30:00+00:00,188.92400332525705,0,2020-05-04T00:00:00+00:00
2020-05-10 14:00:00+00:00,190.51174384710833,0,2020-05-04T00:00:00+00:00
2020-05-10 14:30:00+00:00,185.16395637299198,0,2020-05-04T00:00:00+00:00
2020-05-10 15:00:00+00:00,194.17579884812827,0,2020-05-04T00:00:00+00:00
2020-05-10 15:30:00+00:00,179.00058594416024,0,2020-05-04T00:00:00+00:00
2020-05-10 16:00:00+00:00,188.27544227014695,0,2020-05-04T00:00:00+00:00
2020-05-10 16:30:00+00:00,181.4644324706872,0,2020-05-04T00:00:00+00:00
2020-05-10 17:00:00+00:00,185.19872965427123,0,2020-05-04T00:00:00+00:00
2020-05-10 17:30:00+00:00,182.25608292111883,0,2020-05-04T00:00:00+00:00
2020-05-10 18:00:00+00:00,182.99145636639818,0,2020-05-04T00:00:00+00:00
2020-05-10 18:30:00+00:00,175.3623561008411,0,2020-05-04T00:00:00+00:00
2020-05-10 19:00:00+00:00,151.99571821042733,0,2020-05-04T00:00:00+00:00
2020-05-10 19:30:00+00:00,162.5313277897126,0,2020-05-04T00:00:00+00:00
2020-05-10 20:00:00+00:00,147.5490163889657,0,2020-05-04T00:00:00+00:00
2020-05-10 20:30:00+00:00,152.1251078405655,0,2020-05-04T00:00:00+00:00
2020-05-10 21:00:00+00:00,159.57859903293706,0,2020-05-04T00:00:00+00:00
2020-05-10 21:30:00+00:00,153.46273667628387,0,2020-05-04T00:00:00+00:00
2020-05-10 22:00:00+00:00,138.30849712672546,0,2020-05-04T00:00:00+00:00
2020-05-10 22:30:00+00:00,136.1049885616939,0,2020-05-04T00:00:00+00:00
2020-05-10 23:00:00+00:00,138.98076334416953,0,2020-05-04T00:00:00+00:00
2020-05-10 23:30:00+00:00,130.2353676483678,0,2020-05-04T00:00:00+00:00
2020-05-11 00:00:00+00:00,153.25609492213002,0,2020-05-04T00:00:00+00:00
2020-05-11 00:30:00+00:00,160.1381431647648,0,2020-05-04T00:00:00+00:00
2020-05-11 01:00:00+00:00,165.08718425274688,0,2020-05-04T00:00:00+00:00
2020-05-11 01:30:00+00:00,161.26133030557108,0,2020-05-04T00:00:00+00:00
2020-05-11 02:00:00+00:00,141.9150503037194,0,2020-05-04T00:00:00+00:00
2020-05-11 02:30:00+00:00,160.08464396711793,0,2020-05-04T00:00:00+00:00
2020-05-11 03:00:00+00:00,161.25552370666375,0,2020-05-04T00:00:00+00:00
2020-05-11 03:30:00+00:00,163.64852069164456,0,2020-05-04T00:00:00+00:00
2020-05-11 04:00:00+00:00,176.51447789833514,0,2020-05-04T00:00:00+00:00
2020-05-11 04:30:00+00:00,150.7583421891435,0,2020-05-04T00:00:00+00:00
2020-05-11 05:00:00+00:00,166.86227602366228,0,2020-05-04T00:00:00+00:00
2020-05-11 05:30:00+00:00,175.13634425955348,0,2020-05-04T00:00:00+00:00
2020-05-11 06:00:00+00:00,166.68190594095182,0,2020-05-04T00:00:00+00:00
2020-05-11 06:30:00+00:00,188.08471007350397,0,2020-05-04T00:00:00+00:00
2020-05-11 07:00:00+00:00,187.5784962889046,0,2020-05-04T00:00:00+00:00
2020-05-11 07:30:00+00:00,190.92608790090384,0,2020-05-04T00:00:00+00:00
2020-05-11 08:00:00+00:00,188.25032763221802,0,2020-05-04T00:00:00+00:00
2020-05-11 08:30:00+00:00,197.94327909263407,0,2020-05-04T00:00:00+00:00
2020-05-11 09:00:00+00:00,206.47930089192326,0,2020-05-04T00:00:00+00:00
2020-05-11 09:30:00+00:00,200.63014614096016,0,2020-05-04T00:00:00+00:00
2020-05-11 10:00:00+00:00,206.4397961221142,0,2020-05-04T00:00:00+00:00
2020-05-11 10:30:00+00:00,206.6913925481954,0,2020-05-04T00:00:00+00:00
2020-05-11 11:00:00+00:00,203.20529445278862,0,2020-05-04T00:00:00+00:00
2020-05-11 11:30:00+00:00,208.21601054428183,0,2020-05-04T00:00:00+00:00
2020-05-11 12:00:00+00:00,210.9782654089274,0,2020-05-04T00:00:00+00:00
2020-05-11 12:30:00+00:00,214.72968018656837,0,2020-05-04T00:00:00+00:00
2020-05-11 13:00:00+00:00,219.99876972837205,0,2020-05-04T00:00:00+00:00
2020-05-11 13:30:00+00:00,205.59024742615114,0,2020-05-04T00:00:00+00:00
2020-05-11 14:00:00+00:00,211.17085992385685,0,2020-05-04T00:00:00+00:00
2020-05-11 14:30:00+00:00,222.41611196970672,0,2020-05-04T00:00:00+00:00
2020-05-11 15:00:00+00:00,204.04359370427633,0,2020-05-04T00:00:00+00:00
2020-05-11 15:30:00+00:00,203.49296118493206,0,2020-05-04T00:00:00+00:00
2020-05-11 16:00:00+00:00,206.21513321604166,0,2020-05-04T00:00:00+00:00
2020-05-11 16:30:00+00:00,210.70968620662057,0,2020-05-04T00:00:00+00:00
2020-05-11 17:00:00+00:00,199.0799823889246,0,2020-05-04T00:00:00+00:00
2020-05-11 17:30:00+00:00,208.30272413305892,0,2020-05-04T00:00:00+00:00
2020-05-11 18:00:00+00:00,198.24449114083626,0,2020-05-04T00:00:00+00:00
2020-05-11 18:30:00+00:00,198.13967373110103,0,2020-05-04T00:00:00+00:00
2020-05-11 19:00:00+00:00,188.87881550926866,0,2020-05-04T00:00:00+00:00
2020-05-11 19:30:00+00:00,201.29357170242258,0,2020-05-04T00:00:00+00:00
2020-05-11 20:00:00+00:00,176.3169349150671,0,2020-05-04T00:00:00+00:00
2020-05-11 20:30:00+00:00,163.72841069266383,0,2020-05-04T00:00:00+00:00
2020-05-11 21:00:00+00:00,182.22978053062,0,2020-05-04T00:00:00+00:00
2020-05-11 21:30:00+00:00,167.79610398330223,0,2020-05-04T00:00:00+00:00
2020-05-11 22:00:00+00:00,165.95617323717792,0,2020-05-04T00:00:00+00:00
2020-05-11 22:30:00+00:00,174.36786492080037,0,2020-05-04T00:00:00+00:00
2020-05-11 23:00:00+00:00,149.53547190662323,0,2020-05-04T00:00:00+00:00
2020-05-11 23:30:00+00:00,151.98975819529272,0,2020-05-04T00:00:00+00:00
2020-05-12 00:00:00+00:00,146.7451313040741,0,2020-05-04T00:00:00+00:00
2020-05-12 00:30:00+00:00,152.39512283372812,0,2020-05-04T00:00:00+00:00
2020-05-12 01:00:00+00:00,160.07745624211896,0,2020-05-04T00:00:00+00:00
2020-05-12 01:30:00+00:00,160.6693148996894,0,2020-05-04T00:00:00+00:00
2020-05-12 02:00:00+00:00,159.88799611920598,0,2020-05-04T00:00:00+00:00
2020-05-12 02:30:00+00:00,148.06471567665952,0,2020-05-04T00:00:00+00:00
2020-05-12 03:00:00+00:00,144.5805646376072,0,2020-05-04T00:00:00+00:00
2020-05-12 03:30:00+00:00,161.13176379176838,0,2020-05-04T00:00:00+00:00
2020-05-12 04:00:00+00:00,161.89857789130832,0,2020-05-04T00:00:00+00:00
2020-05-12 04:30:00+00:00,168.41671052879298,0,2020-05-04T00:00:00+00:00
2020-05-12 05:00:00+00:00,175.91367538354888,0,2020-05-04T00:00:00+00:00
2020-05-12 05:30:00+00:00,171.96769002441079,0,2020-05-04T00:00:00+00:00
2020-05-12 06:00:00+00:00,183.0739983347604,0,2020-05-04T00:00:00+00:00
2020-05-12 06:30:00+00:00,179.3575463559349,0,2020-05-04T00:00:00+00:00
2020-05-12 07:00:00+00:00,188.71045293921026,0,2020-05-04T00:00:00+00:00
2020-05-12 07:30:00+00:00,180.06728715991082,0,2020-05-04T00:00:00+00:00
2020-05-12 08:00:00+00:00,190.98965336605036,0,2020-05-04T00:00:00+00:00
2020-05-12 08:30:00+00:00,193.62436593946927,0,2020-05-04T00:00:00+00:00
2020-05-12 09:00:00+00:00,204.74369932792195,0,2020-05-04T00:00:00+00:00
2020-05-12 09:30:00+00:00,196.24381179442798,0,2020-05-04T00:00:00+00:00
2020-05-12 10:00:00+00:00,208.44716066334811,0,2020-05-04T00:00:00+00:00
2020-05-12 10:30:00+00:00,202.93811832981567,0,2020-05-04T00:00:00+00:00
2020-05-12 11:00:00+00:00,208.42591613466737,0,2020-05-04T00:00:00+00:00
2020-05-12 11:30:00+00:00,215.0553446001328,0,2020-05-04T00:00:00+00:00
2020-05-12 12:00:00+00:00,198.0945005387148,0,2020-05-04T00:00:00+00:00
2020-05-12 12:30:00+00:00,202.97061683957057,0,2020-05-04T00:00:00+00:00
2020-05-12 13:00:00+00:00,202.62470221790025,0,2020-05-04T00:00:00+00:00
2020-05-12 13:30:00+00:00,196.66468716106186,0,2020-05-04T00:00:00+00:00
2020-05-12 14:00:00+00:00,207.29807205500768,0,2020-05-04T00:00:00+00:00
2020-05-12 14:30:00+00:00,217.2919604341881,0,2020-05-04T00:00:00+00:00
2020-05-12 15:00:00+00:00,207.25452284128627,0,2020-05-04T00:00:00+00:00
2020-05-12 15:30:00+00:00,210.63324187955726,0,2020-05-04T00:00:00+00:00
2020-05-12 16:00:00+00:00,212.42351235019888,0,2020-05-04T00:00:00+00:00
2020-05-12 16:30:00+00:00,214.09279279909717,0,2020-05-04T00:00:00+00:00
2020-05-12 17:00:00+00:00,198.51603445691703,0,2020-05-04T00:00:00+00:00
2020-05-12 17:30:00+00:00,208.47510122698577,0,2020-05-04T00:00:00+00:00
2020-05-12 18:00:00+00:00,192.89181987190935,0,2020-05-04T00:00:00+00:00
2020-05-12 18:30:00+00:00,186.38514569607835,0,2020-05-04T00:00:00+00:00
2020-05-12 19:00:00+00:00,180.83919753460884,0,2020-05-04T00:00:00+00:00
2020-05-12 19:30:00+00:00,174.63624441204487,0,2020-05-04T00:00:00+00:00
2020-05-12 20:00:00+00:00,171.53612976099384,0,2020-05-04T00:00:00+00:00
2020-05-12 20:30:00+00:00,175.24694992060842,0,2020-05-04T00:00:00+00:00
2020-05-12 21:00:00+00:00,176.6250951356502,0,2020-05-04T00:00:00+00:00
2020-05-12 21:30:00+00:00,183.04538881816188,0,2020-05-04T00:00:00+00:00
2020-05-12 22:00:00+00:00,155.5257395191374,0,2020-05-04T00:00:00+00:00
2020-05-12 22:30:00+00:00,167.95080240459612,0,2020-05-04T00:00:00+00:00
2020-05-11 00:00:00+00:00,159.66368341060843,1,2020-05-11T00:00:00+00:00
2020-05-11 00:30:00+00:00,162.70132510445808,1,2020-05-11T00:00:00+00:00
2020-05-11 01:00:00+00:00,152.9012943305355,1,2020-05-11T00:00:00+00:00
2020-05-11 01:30:00+00:00,150.63928813812257,1,2020-05-11T00:00:00+00:00
2020-05-11 02:00:00+00:00,144.01120938605655,1,2020-05-11T00:00:00+00:00
2020-05-11 02:30:00+00:00,164.7554377378095,1,2020-05-11T00:00:00+00:00
2020-05-11 03:00:00+00:00,160.86788979806803,1,2020-05-11T00:00:00+00:00
2020-05-11 03:30:00+00:00,162.1914081086635,1,2020-05-11T00:00:00+00:00
2020-05-11 04:00:00+00:00,159.7158459912374,1,2020-05-11T00:00:00+00:00
2020-05-11 04:30:00+00:00,173.7864963317784,1,2020-05-11T00:00:00+00:00
2020-05-11 05:00:00+00:00,177.6024040437461,1,2020-05-11T00:00:00+00:00
2020-05-11 05:30:00+00:00,170.14723282958616,1,2020-05-11T00:00:00+00:00
2020-05-11 06:00:00+00:00,173.86202253181344,1,2020-05-11T00:00:00+00:00
2020-05-11 06:30:00+00:00,175.25622704871935,1,2020-05-11T00:00:00+00:00
2020-05-11 07:00:00+00:00,179.40962120302746,1,2020-05-11T00:00:00+00:00
2020-05-11 07:30:00+00:00,185.18594904468378,1,2020-05-11T00:00:00+00:00
2020-05-11 08:00:00+00:00,187.93375922496676,1,2020-05-11T00:00:00+00:00
2020-05-11 08:30:00+00:00,196.34573090666487,1,2020-05-11T00:00:00+00:00
2020-05-11 09:00:00+00:00,196.4837199773888,1,2020-05-11T00:00:00+00:00
2020-05-11 09:30:00+00:00,196.5223005524245,1,2020-05-11T00:00:00+00:00
2020-05-11 10:00:00+00:00,215.55976090263727,1,2020-05-11T00:00:00+00:00
2020-05-11 10:30:00+00:00,199.71895321535894,1,2020-05-11T00:00:00+00:00
2020-05-11 11:00:00+00:00,198.27330009034603,1,2020-05-11T00:00:00+00:00
2020-05-11 11:30:00+00:00,211.81221765281643,1,2020-05-11T00:00:00+00:00
2020-05-11 12:00:00+00:00,197.5008435562283,1,2020-05-11T00:00:00+00:00
2020-05-11 12:30:00+00:00,213.89657358687396,1,2020-05-11T00:00:00+00:00
2020-05-11 13:00:00+00:00,219.8720409932485,1,2020-05-11T00:00:00+00:00
2020-05-11 13:30:00+00:00,213.49080521527878,1,2020-05-11T00:00:00+00:00
2020-05-11 14:00:00+00:00,212.11084865616735,1,2020-05-11T00:00:00+00:00
2020-05-11 14:30:00+00:00,197.691657670347,1,2020-05-11T00:00:00+00:00
2020-05-11 15:00:00+00:00,213.1358371048758,1,2020-05-11T00:00:00+00:00
2020-05-11 15:30:00+00:00,212.02275927669058,1,2020-05-11T00:00:00+00:00
2020-05-11 16:00:00+00:00,196.59500556460182,1,2020-05-11T00:00:00+00:00
2020-05-11 16:30:00+00:00,218.19118510394674,1,2020-05-11T00:00:00+00:00
2020-05-11 17:00:00+00:00,190.43188659481842,1,2020-05-11T00:00:00+00:00
2020-05-11 17:30:00+00:00,187.24496746797996,1,2020-05-11T00:00:00+00:00
2020-05-11 18:00:00+00:00,179.56952887349593,1,2020-05-11T00:00:00+00:00
2020-05-11 18:30:00+00:00,192.428729614118,1,2020-05-11T00:00:00+00:00
2020-05-11 19:00:00+00:00,187.36509875102968,1,2020-05-11T00:00:00+00:00
2020-05-11 19:30:00+00:00,188.08681737654248,1,2020-05-11T00:00:00+00:00
2020-05-11 20:00:00+00:00,175.391546889621,1,2020-05-11T00:00:00+00:00
2020-05-11 20:30:00+00:00,172.06434158287837,1,2020-05-11T00:00:00+00:00
2020-05-11 21:00:00+00:00,176.89935207405628,1,2020-05-11T00:00:00+00:00
2020-05-11 21:30:00+00:00,164.71690229406752,1,2020-05-11T00:00:00+00:00
2020-05-11 22:00:00+00:00,156.73212868491785,1,2020-05-11T00:00:00+00:00
2020-05-11 22:30:00+00:00,175.01021979922916,1,2020-05-11T00:00:00+00:00
2020-05-11 23:00:00+00:00,161.99428925103567,1,2020-05-11T00:00:00+00:00
2020-05-11 23:30:00+00:00,164.05031796177258,1,2020-05-11T00:00:00+00:00
2020-05-12 00:00:00+00:00,162.33496179641762,1,2020-05-11T00:00:00+00:00
2020-05-12 00:30:00+00:00,153.95149710091087,1,2020-05-11T00:00:00+00:00
2020-05-12 01:00:00+00:00,153.26996189798936,1,2020-05-11T00:00:00+00:00
2020-05-12 01:30:00+00:00,161.48407178145953,1,2020-05-11T00:00:00+00:00
2020-05-12 02:00:00+00:00,153.63401829676212,1,2020-05-11T00:00:00+00:00
2020-05-12 02:30:00+00:00,160.30622170401878,1,2020-05-11T00:00:00+00:00
2020-05-12 03:00:00+00:00,160.12507182353903,1,2020-05-11T00:00:00+00:00
2020-05-12 03:30:00+00:00,152.3913880831464,1,2020-05-11T00:00:00+00:00
2020-05-12 04:00:00+00:00,171.96574550930637,1,2020-05-11T00:00:00+00:00
2020-05-12 04:30:00+00:00,156.17547647816056,1,2020-05-11T00:00:00+00:00
2020-05-12 05:00:00+00:00,172.6307441117084,1,2020-05-11T00:00:00+00:00
2020-05-12 05:30:00+00:00,171.46889275366385,1,2020-05-11T00:00:00+00:00
2020-05-12 06:00:00+00:00,186.6193452581869,1,2020-05-11T00:00:00+00:00
2020-05-12 06:30:00+00:00,169.91569017260505,1,2020-05-11T00:00:00+00:00
2020-05-12 07:00:00+00:00,181.19762308905499,1,2020-05-11T00:00:00+00:00
2020-05-12 07:30:00+00:00,184.2978541863522,1,2020-05-11T00:00:00+00:00
2020-05-12 08:00:00+00:00,193.5128627072522,1,2020-05-11T00:00:00+00:00
2020-05-12 08:30:00+00:00,198.3261332690349,1,2020-05-11T00:00:00+00:00
2020-05-12 09:00:00+00:00,201.1776900578402,1,2020-05-11T00:00:00+00:00
2020-05-12 09:30:00+00:00,199.17402407546967,1,2020-05-11T00:00:00+00:00
2020-05-12 10:00:00+00:00,211.9973544021964,1,2020-05-11T00:00:00+00:00
2020-05-12 10:30:00+00:00,219.47143467220246,1,2020-05-11T00:00:00+00:00
2020-05-12 11:00:00+00:00,199.76003601472345,1,2020-05-11T00:00:00+00:00
2020-05-12 11:30:00+00:00,209.2084851994194,1,2020-05-11T00:00:00+00:00
2020-05-12 12:00:00+00:00,217.3634024079941,1,2020-05-11T00:00:00+00:00
2020-05-12 12:30:00+00:00,212.64612172750859,1,2020-05-11T00:00:00+00:00
2020-05-12 13:00:00+00:00,223.04246436935696,1,2020-05-11T00:00:00+00:00
2020-05-12 13:30:00+00:00,210.6607930977174,1,2020-05-11T00:00:00+00:00
2020-05-12 14:00:00+00:00,204.94789738085774,1,2020-05-11T00:00:00+00:00
2020-05-12 14:30:00+00:00,218.1394982452701,1,2020-05-11T00:00:00+00:00
2020-05-12 15:00:00+00:00,189.83841368614685,1,2020-05-11T00:00:00+00:00
2020-05-12 15:30:00+00:00,205.9183997256215,1,2020-05-11T00:00:00+00:00
2020-05-12 16:00:00+00:00,221.3615471363048,1,2020-05-11T00:00:00+00:00
2020-05-12 16:30:00+00:00,204.98269499674203,1,2020-05-11T00:00:00+00:00
2020-05-12 17:00:00+00:00,201.50434964578685,1,2020-05-11T00:00:00+00:00
2020-05-12 17:30:00+00:00,192.33875745483357,1,2020-05-11T00:00:00+00:00
2020-05-12 18:00:00+00:00,192.08462524160723,1,2020-05-11T00:00:00+00:00
2020-05-12 18:30:00+00:00,191.25154136909313,1,2020-05-11T00:00:00+00:00
2020-05-12 19:00:00+00:00,198.00835503834685,1,2020-05-11T00:00:00+00:00
2020-05-12 19:30:00+00:00,177.9294236016575,1,2020-05-11T00:00:00+00:00
2020-05-12 20:00:00+00:00,158.42072121327172,1,2020-05-11T00:00:00+00:00
2020-05-12 20:30:00+00:00,180.59962460611482,1,2020-05-11T00:00:00+00:00
2020-05-12 21:00:00+00:00,181.85011066679488,1,2020-05-11T00:00:00+00:00
2020-05-12 21:30:00+00:00,166.1793411147746,1,2020-05-11T00:00:00+00:00
2020-05-12 22:00:00+00:00,152.43630436895086,1,2020-05-11T00:00:00+00:00
2020-05-12 22:30:00+00:00,157.69125719428538,1,2020-05-11T00:00:00+00:00
2020-05-12 23:00:00+00:00,163.78627617655357,1,2020-05-11T00:00:00+00:00
2020-05-12 23:30:00+00:00,156.81547828857728,1,2020-05-11T00:00:00+00:00
2020-05-13 00:00:00+00:00,158.2507165213586,1,2020-05-11T00:00:00+00:00
2020-05-13 00:30:00+00:00,141.45146087091814,1,2020-05-11T00:00:00+00:00
2020-05-13 01:00:00+00:00,153.35745874426752,1,2020-05-11T00:00:00+00:00
2020-05-13 01:30:00+00:00,162.51786376881944,1,2020-05-11T00:00:00+00:00
2020-05-13 02:00:00+00:00,156.1014543621326,1,2020-05-11T00:00:00+00:00
2020-05-13 02:30:00+00:00,150.7857809215478,1,2020-05-11T00:00:00+00:00
2020-05-13 03:00:00+00:00,168.11479633464612,1,2020-05-11T00:00:00+00:00
2020-05-13 03:30:00+00:00,167.6601381103438,1,2020-05-11T00:00:00+00:00
2020-05-13 04:00:00+00:00,161.94317411513154,1,2020-05-11T00:00:00+00:00
2020-05-13 04:30:00+00:00,160.00817991256574,1,2020-05-11T00:00:00+00:00
2020-05-13 05:00:00+00:00,179.94643261994528,1,2020-05-11T00:00:00+00:00
2020-05-13 05:30:00+00:00,167.1505007553368,1,2020-05-11T00:00:00+00:00
2020-05-13 06:00:00+00:00,176.60953030266174,1,2020-05-11T00:00:00+00:00
2020-05-13 06:30:00+00:00,190.35983653623455,1,2020-05-11T00:00:00+00:00
2020-05-13 07:00:00+00:00,186.30802161497806,1,2020-05-11T00:00:00+00:00
2020-05-13 07:30:00+00:00,181.5320565876801,1,2020-05-11T00:00:00+00:00
2020-05-13 08:00:00+00:00,178.4120423087938,1,2020-05-11T00:00:00+00:00
2020-05-13 08:30:00+00:00,192.49477858302183,1,2020-05-11T00:00:00+00:00
2020-05-13 09:00:00+00:00,198.39386696695533,1,2020-05-11T00:00:00+00:00
2020-05-13 09:30:00+00:00,194.63310986015077,1,2020-05-11T00:00:00+00:00
2020-05-13 10:00:00+00:00,211.2778191825076,1,2020-05-11T00:00:00+00:00
2020-05-13 10:30:00+00:00,195.75909430470065,1,2020-05-11T00:00:00+00:00
2020-05-13 11:00:00+00:00,198.16857655915513,1,2020-05-11T00:00:00+00:00
2020-05-13 11:30:00+00:00,203.7315594436437,1,2020-05-11T00:00:00+00:00
2020-05-13 12:00:00+00:00,211.6650415268182,1,2020-05-11T00:00:00+00:00
2020-05-13 12:30:00+00:00,201.3363454149881,1,2020-05-11T00:00:00+00:00
2020-05-13 13:00:00+00:00,204.53930653248574,1,2020-05-11T00:00:00+00:00
2020-05-13 13:30:00+00:00,206.85320682324726,1,2020-05-11T00:00:00+00:00
2020-05-13 14:00:00+00:00,211.40762552131395,1,2020-05-11T00:00:00+00:00
2020-05-13 14:30:00+00:00,206.65474951606163,1,2020-05-11T00:00:00+00:00
2020-05-13 15:00:00+00:00,215.5939064813547,1,2020-05-11T00:00:00+00:00
2020-05-13 15:30:00+00:00,193.23073218294695,1,2020-05-11T00:00:00+00:00
2020-05-13 16:00:00+00:00,207.04315658454144,1,2020-05-11T00:00:00+00:00
2020-05-13 16:30:00+00:00,200.01997629524664,1,2020-05-11T00:00:00+00:00
2020-05-13 17:00:00+00:00,201.61210564461732,1,2020-05-11T00:00:00+00:00
2020-05-13 17:30:00+00:00,212.1840427705315,1,2020-05-11T00:00:00+00:00
2020-05-13 18:00:00+00:00,191.10448400165356,1,2020-05-11T00:00:00+00:00
2020-05-13 18:30:00+00:00,192.96864283020645,1,2020-05-11T00:00:00+00:00
2020-05-13 19:00:00+00:00,190.19377330626966,1,2020-05-11T00:00:00+00:00
2020-05-13 19:30:00+00:00,175.05441196472816,1,2020-05-11T00:00:00+00:00
2020-05-13 20:00:00+00:00,181.73158505631906,1,2020-05-11T00:00:00+00:00
2020-05-13 20:30:00+00:00,182.8095531208313,1,2020-05-11T00:00:00+00:00
2020-05-13 21:00:00+00:00,169.40005991471443,1,2020-05-11T00:00:00+00:00
2020-05-13 21:30:00+00:00,174.9288939282934,1,2020-05-11T00:00:00+00:00
2020-05-13 22:00:00+00:00,165.45940701073155,1,2020-05-11T00:00:00+00:00
2020-05-13 22:30:00+00:00,159.21900178272574,1,2020-05-11T00:00:00+00:00
2020-05-13 23:00:00+00:00,150.91040367591017,1,2020-05-11T00:00:00+00:00
2020-05-13 23:30:00+00:00,166.98089978590087,1,2020-05-11T00:00:00+00:00
2020-05-14 00:00:00+00:00,169.78141240230138,1,2020-05-11T00:00:00+00:00
2020-05-14 00:30:00+00:00,151.81632972139934,1,2020-05-11T00:00:00+00:00
2020-05-14 01:00:00+00:00,158.94829747425453,1,2020-05-11T00:00:00+00:00
2020-05-14 01:30:00+00:00,147.8775967109189,1,2020-05-11T00:00:00+00:00
2020-05-14 02:00:00+00:00,154.04141064956983,1,2020-05-11T00:00:00+00:00
2020-05-14 02:30:00+00:00,153.86953647343586,1,2020-05-11T00:00:00+00:00
2020-05-14 03:00:00+00:00,152.16571362059236,1,2020-05-11T00:00:00+00:00
2020-05-14 03:30:00+00:00,159.62492691844278,1,2020-05-11T00:00:00+00:00
2020-05-14 04:00:00+00:00,171.54382107150653,1,2020-05-11T00:00:00+00:00
2020-05-14 04:30:00+00:00,168.5298550912062,1,2020-05-11T00:00:00+00:00
2020-05-14 05:00:00+00:00,166.79606764387566,1,2020-05-11T00:00:00+00:00
2020-05-14 05:30:00+00:00,180.37807741218523,1,2020-05-11T00:00:00+00:00
2020-05-14 06:00:00+00:00,178.71354699705114,1,2020-05-11T00:00:00+00:00
2020-05-14 06:30:00+00:00,189.80365849676582,1,2020-05-11T00:00:00+00:00
2020-05-14 07:00:00+00:00,175.3008943500849,1,2020-05-11T00:00:00+00:00
2020-05-14 07:30:00+00:00,205.57681122672642,1,2020-05-11T00:00:00+00:00
2020-05-14 08:00:00+00:00,190.4717598572474,1,2020-05-11T00:00:00+00:00
2020-05-14 08:30:00+00:00,183.43457544103012,1,2020-05-11T00:00:00+00:00
2020-05-14 09:00:00+00:00,191.00315592798077,1,2020-05-11T00:00:00+00:00
2020-05-14 09:30:00+00:00,205.00427279494963,1,2020-05-11T00:00:00+00:00
2020-05-14 10:00:00+00:00,210.61325769528776,1,2020-05-11T00:00:00+00:00
2020-05-14 10:30:00+00:00,209.9681605936578,1,2020-05-11T00:00:00+00:00
2020-05-14 11:00:00+00:00,212.99492376600148,1,2020-05-11T00:00:00+00:00
2020-05-14 11:30:00+00:00,200.84590207810953,1,2020-05-11T00:00:00+00:00
2020-05-14 12:00:00+00:00,210.53160083008473,1,2020-05-11T00:00:00+00:00
2020-05-14 12:30:00+00:00,195.35327729867427,1,2020-05-11T00:00:00+00:00
2020-05-14 13:00:00+00:00,206.38075697464012,1,2020-05-11T00:00:00+00:00
2020-05-14 13:30:00+00:00,217.20074126691998,1,2020-05-11T00:00:00+00:00
2020-05-14 14:00:00+00:00,198.41391464976297,1,2020-05-11T00:00:00+00:00
2020-05-14 14:30:00+00:00,228.20333590424517,1,2020-05-11T00:00:00+00:00
2020-05-14 15:00:00+00:00,217.65901416671664,1,2020-05-11T00:00:00+00:00
2020-05-14 15:30:00+00:00,200.78416965595167,1,2020-05-11T00:00:00+00:00
2020-05-14 16:00:00+00:00,209.4398083974043,1,2020-05-11T00:00:00+00:00
2020-05-14 16:30:00+00:00,208.2675529423453,1,2020-05-11T00:00:00+00:00
2020-05-14 17:00:00+00:00,197.61382261369187,1,2020-05-11T00:00:00+00:00
2020-05-14 17:30:00+00:00,202.7194619816591,1,2020-05-11T00:00:00+00:00
2020-05-14 18:00:00+00:00,189.97695374891606,1,2020-05-11T00:00:00+00:00
2020-05-14 18:30:00+00:00,191.71916872905814,1,2020-05-11T00:00:00+00:00
2020-05-14 19:00:00+00:00,188.46570086303817,1,2020-05-11T00:00:00+00:00
2020-05-14 19:30:00+00:00,188.00744854592213,1,2020-05-11T00:00:00+00:00
2020-05-14 20:00:00+00:00,179.79346103740474,1,2020-05-11T00:00:00+00:00
2020-05-14 20:30:00+00:00,179.94136733259893,1,2020-05-11T00:00:00+00:00
2020-05-14 21:00:00+00:00,177.56607543329162,1,2020-05-11T00:00:00+00:00
2020-05-14 21:30:00+00:00,176.34205011026117,1,2020-05-11T00:00:00+00:00
2020-05-14 22:00:00+00:00,156.756826671986,1,2020-05-11T00:00:00+00:00
2020-05-14 22:30:00+00:00,159.78105955355673,1,2020-05-11T00:00:00+00:00
2020-05-14 23:00:00+00:00,170.88760505533637,1,2020-05-11T00:00:00+00:00
2020-05-14 23:30:00+00:00,171.60943194336153,1,2020-05-11T00:00:00+00:00
2020-05-15 00:00:00+00:00,161.78666917607887,1,2020-05-11T00:00:00+00:00
2020-05-15 00:30:00+00:00,155.97920341335495,1,2020-05-11T00:00:00+00:00
2020-05-15 01:00:00+00:00,162.70598201740773,1,2020-05-11T00:00:00+00:00
2020-05-15 01:30:00+00:00,161.74266940112255,1,2020-05-11T00:00:00+00:00
2020-05-15 02:00:00+00:00,147.10321876604394,1,2020-05-11T00:00:00+00:00
2020-05-15 02:30:00+00:00,158.41641463405728,1,2020-05-11T00:00:00+00:00
2020-05-15 03:00:00+00:00,150.939170235152,1,2020-05-11T00:00:00+00:00
2020-05-15 03:30:00+00:00,157.528136152519,1,2020-05-11T00:00:00+00:00
2020-05-15 04:00:00+00:00,165.42199010625046,1,2020-05-11T00:00:00+00:00
2020-05-15 04:30:00+00:00,177.2435761783144,1,2020-05-11T00:00:00+00:00
2020-05-15 05:00:00+00:00,156.18453329751313,1,2020-05-11T00:00:00+00:00
2020-05-15 05:30:00+00:00,168.5051521127403,1,2020-05-11T00:00:00+00:00
2020-05-15 06:00:00+00:00,182.53048472098718,1,2020-05-11T00:00:00+00:00
2020-05-15 06:30:00+00:00,182.4246426313125,1,2020-05-11T00:00:00+00:00
2020-05-15 07:00:00+00:00,190.95695443128224,1,2020-05-11T00:00:00+00:00
2020-05-15 07:30:00+00:00,178.04435325407294,1,2020-05-11T00:00:00+00:00
2020-05-15 08:00:00+00:00,191.34236507633807,1,2020-05-11T00:00:00+00:00
2020-05-15 08:30:00+00:00,189.00899736013724,1,2020-05-11T00:00:00+00:00
2020-05-15 09:00:00+00:00,208.17188117469894,1,2020-05-11T00:00:00+00:00
2020-05-15 09:30:00+00:00,198.0354574630938,1,2020-05-11T00:00:00+00:00
2020-05-15 10:00:00+00:00,204.92542445126364,1,2020-05-11T00:00:00+00:00
2020-05-15 10:30:00+00:00,206.13631589759427,1,2020-05-11T00:00:00+00:00
2020-05-15 11:00:00+00:00,200.08256736617392,1,2020-05-11T00:00:00+00:00
2020-05-15 11:30:00+00:00,212.8718999497003,1,2020-05-11T00:00:00+00:00
2020-05-15 12:00:00+00:00,204.3082269698102,1,2020-05-11T00:00:00+00:00
2020-05-15 12:30:00+00:00,213.32801647371693,1,2020-05-11T00:00:00+00:00
2020-05-15 13:00:00+00:00,207.92166188006914,1,2020-05-11T00:00:00+00:00
2020-05-15 13:30:00+00:00,221.38799330686402,1,2020-05-11T00:00:00+00:00
2020-05-15 14:00:00+00:00,212.311220873298,1,2020-05-11T00:00:00+00:00
2020-05-15 14:30:00+00:00,225.5625410523632,1,2020-05-11T00:00:00+00:00
2020-05-15 15:00:00+00:00,193.6107000428524,1,2020-05-11T00:00:00+00:00
2020-05-15 15:30:00+00:00,218.85508103839652,1,2020-05-11T00:00:00+00:00
2020-05-15 16:00:00+00:00,210.81892943840447,1,2020-05-11T00:00:00+00:00
2020-05-15 16:30:00+00:00,206.84672108657625,1,2020-05-11T00:00:00+00:00
2020-05-15 17:00:00+00:00,214.4504853035374,1,2020-05-11T00:00:00+00:00
2020-05-15 17:30:00+00:00,189.0035670635236,1,2020-05-11T00:00:00+00:00
2020-05-15 18:00:00+00:00,193.73501299268872,1,2020-05-11T00:00:00+00:00
2020-05-15 18:30:00+00:00,200.9774417817711,1,2020-05-11T00:00:00+00:00
2020-05-15 19:00:00+00:00,189.25038276671296,1,2020-05-11T00:00:00+00:00
2020-05-15 19:30:00+00:00,182.35027924175992,1,2020-05-11T00:00:00+00:00
2020-05-15 20:00:00+00:00,182.28872634428456,1,2020-05-11T00:00:00+00:00
2020-05-15 20:30:00+00:00,174.8465152003966,1,2020-05-11T00:00:00+00:00
2020-05-15 21:00:00+00:00,168.61477034256785,1,2020-05-11T00:00:00+00:00
2020-05-15 21:30:00+00:00,166.3658603536213,1,2020-05-11T00:00:00+00:00
2020-05-15 22:00:00+00:00,172.5808289187715,1,2020-05-11T00:00:00+00:00
2020-05-15 22:30:00+00:00,167.38600725826947,1,2020-05-11T00:00:00+00:00
2020-05-15 23:00:00+00:00,178.366347101636,1,2020-05-11T00:00:00+00:00
2020-05-15 23:30:00+00:00,166.67991595002334,1,2020-05-11T00:00:00+00:00
2020-05-16 00:00:00+00:00,125.57018090449435,1,2020-05-11T00:00:00+00:00
2020-05-16 00:30:00+00:00,141.57201959921198,1,2020-05-11T00:00:00+00:00
2020-05-16 01:00:00+00:00,127.37837421062734,1,2020-05-11T00:00:00+00:00
2020-05-16 01:30:00+00:00,133.0668046332074,1,2020-05-11T00:00:00+00:00
2020-05-16 02:00:00+00:00,136.94202237708103,1,2020-05-11T00:00:00+00:00
2020-05-16 02:30:00+00:00,128.32140937319267,1,2020-05-11T00:00:00+00:00
2020-05-16 03:00:00+00:00,135.21342773880636,1,2020-05-11T00:00:00+00:00
2020-05-16 03:30:00+00:00,134.0343966017253,1,2020-05-11T00:00:00+00:00
2020-05-16 04:00:00+00:00,144.18740728939588,1,2020-05-11T00:00:00+00:00
2020-05-16 04:30:00+00:00,142.68639311739685,1,2020-05-11T00:00:00+00:00
2020-05-16 05:00:00+00:00,148.27075379082154,1,2020-05-11T00:00:00+00:00
2020-05-16 05:30:00+00:00,160.94424927035834,1,2020-05-11T00:00:00+00:00
2020-05-16 06:00:00+00:00,159.5502315483446,1,2020-05-11T00:00:00+00:00
2020-05-16 06:30:00+00:00,158.7839693696687,1,2020-05-11T00:00:00+00:00
2020-05-16 07:00:00+00:00,170.68109338347122,1,2020-05-11T00:00:00+00:00
2020-05-16 07:30:00+00:00,176.03596813122044,1,2020-05-11T00:00:00+00:00
2020-05-16 08:00:00+00:00,180.0346501586472,1,2020-05-11T00:00:00+00:00
2020-05-16 08:30:00+00:00,162.8616112803361,1,2020-05-11T00:00:00+00:00
2020-05-16 09:00:00+00:00,180.6969067252761,1,2020-05-11T00:00:00+00:00
2020-05-16 09:30:00+00:00,182.4168605336186,1,2020-05-11T00:00:00+00:00
2020-05-16 10:00:00+00:00,189.54484364607293,1,2020-05-11T00:00:00+00:00
2020-05-16 10:30:00+00:00,181.81128198676691,1,2020-05-11T00:00:00+00:00
2020-05-16 11:00:00+00:00,187.75265298704082,1,2020-05-11T00:00:00+00:00
2020-05-16 11:30:00+00:00,181.04567598143126,1,2020-05-11T00:00:00+00:00
2020-05-16 12:00:00+00:00,187.4660908280681,1,2020-05-11T00:00:00+00:00
2020-05-16 12:30:00+00:00,181.88105681963705,1,2020-05-11T00:00:00+00:00
2020-05-16 13:00:00+00:00,199.91804517168293,1,2020-05-11T00:00:00+00:00
2020-05-16 13:30:00+00:00,187.36370341249074,1,2020-05-11T00:00:00+00:00
2020-05-16 14:00:00+00:00,183.51714197437093,1,2020-05-11T00:00:00+00:00
2020-05-16 14:30:00+00:00,192.11328657008127,1,2020-05-11T00:00:00+00:00
2020-05-16 15:00:00+00:00,187.9961803175931,1,2020-05-11T00:00:00+00:00
2020-05-16 15:30:00+00:00,182.4449130001028,1,2020-05-11T00:00:00+00:00
2020-05-16 16:00:00+00:00,185.43548658449663,1,2020-05-11T00:00:00+00:00
2020-05-16 16:30:00+00:00,178.41565521226394,1,2020-05-11T00:00:00+00:00
2020-05-16 17:00:00+00:00,180.5697811302353,1,2020-05-11T00:00:00+00:00
2020-05-16 17:30:00+00:00,176.81095932730773,1,2020-05-11T00:00:00+00:00
2020-05-16 18:00:00+00:00,171.76873217809595,1,2020-05-11T00:00:00+00:00
2020-05-16 18:30:00+00:00,167.57952349512829,1,2020-05-11T00:00:00+00:00
2020-05-16 19:00:00+00:00,158.31386798155518,1,2020-05-11T00:00:00+00:00
2020-05-16 19:30:00+00:00,164.7854765144926,1,2020-05-11T00:00:00+00:00
2020-05-16 20:00:00+00:00,144.7548992286965,1,2020-05-11T00:00:00+00:00
2020-05-16 20:30:00+00:00,165.44624743096503,1,2020-05-11T00:00:00+00:00
2020-05-16 21:00:00+00:00,145.81016372160434,1,2020-05-11T00:00:00+00:00
2020-05-16 21:30:00+00:00,163.53674295001431,1,2020-05-11T00:00:00+00:00
2020-05-16 22:00:00+00:00,147.90358927430339,1,2020-05-11T00:00:00+00:00
2020-05-16 22:30:00+00:00,142.5501675083954,1,2020-05-11T00:00:00+00:00
2020-05-16 23:00:00+00:00,134.53102662314714,1,2020-05-11T00:00:00+00:00
2020-05-16 23:30:00+00:00,142.38576269627765,1,2020-05-11T00:00:00+00:00
2020-05-17 00:00:00+00:00,139.19350240235806,1,2020-05-11T00:00:00+00:00
2020-05-17 00:30:00+00:00,138.97200518745296,1,2020-05-11T00:00:00+00:00
2020-05-17 01:00:00+00:00,140.8772631593104,1,2020-05-11T00:00:00+00:00
2020-05-17 01:30:00+00:00,135.84530705074536,1,2020-05-11T00:00:00+00:00
2020-05-17 02:00:00+00:00,143.96934592925612,1,2020-05-11T00:00:00+00:00
2020-05-17 02:30:00+00:00,130.58400713139338,1,2020-05-11T00:00:00+00:00
2020-05-17 03:00:00+00:00,137.32721997464765,1,2020-05-11T00:00:00+00:00
2020-05-17 03:30:00+00:00,143.0878973730973,1,2020-05-11T00:00:00+00:00
2020-05-17 04:00:00+00:00,137.74079248294086,1,2020-05-11T00:00:00+00:00
2020-05-17 04:30:00+00:00,143.50480231247343,1,2020-05-11T00:00:00+00:00
2020-05-17 05:00:00+00:00,159.7449476191573,1,2020-05-11T00:00:00+00:00
2020-05-17 05:30:00+00:00,149.73993074121785,1,2020-05-11T00:00:00+00:00
2020-05-17 06:00:00+00:00,152.46643167244193,1,2020-05-11T00:00:00+00:00
2020-05-17 06:30:00+00:00,163.658703622036,1,2020-05-11T00:00:00+00:00
2020-05-17 07:00:00+00:00,155.04816581964263,1,2020-05-11T00:00:00+00:00
2020-05-17 07:30:00+00:00,160.67892641163002,1,2020-05-11T00:00:00+00:00
2020-05-17 08:00:00+00:00,177.70790785338485,1,2020-05-11T00:00:00+00:00
2020-05-17 08:30:00+00:00,164.85651889731705,1,2020-05-11T00:00:00+00:00
2020-05-17 09:00:00+00:00,178.80449564701775,1,2020-05-11T00:00:00+00:00
2020-05-17 09:30:00+00:00,176.51107976593286,1,2020-05-11T00:00:00+00:00
2020-05-17 10:00:00+00:00,193.77052287514985,1,2020-05-11T00:00:00+00:00
2020-05-17 10:30:00+00:00,172.84578842941872,1,2020-05-11T00:00:00+00:00
2020-05-17 11:00:00+00:00,183.4584894463983,1,2020-05-11T00:00:00+00:00
2020-05-17 11:30:00+00:00,184.9740741607915,1,2020-05-11T00:00:00+00:00
2020-05-17 12:00:00+00:00,192.66232653974103,1,2020-05-11T00:00:00+00:00
2020-05-17 12:30:00+00:00,193.9095089149655,1,2020-05-11T00:00:00+00:00
2020-05-17 13:00:00+00:00,193.96403174503314,1,2020-05-11T00:00:00+00:00
2020-05-17 13:30:00+00:00,200.93396959835187,1,2020-05-11T00:00:00+00:00
2020-05-17 14:00:00+00:00,194.74974130620961,1,2020-05-11T00:00:00+00:00
2020-05-17 14:30:00+00:00,181.07962004992714,1,2020-05-11T00:00:00+00:00
2020-05-17 15:00:00+00:00,177.13317030349614,1,2020-05-11T00:00:00+00:00
2020-05-17 15:30:00+00:00,183.48634049589603,1,2020-05-11T00:00:00+00:00
2020-05-17 16:00:00+00:00,179.11962169267795,1,2020-05-11T00:00:00+00:00
2020-05-17 16:30:00+00:00,179.74157361899972,1,2020-05-11T00:00:00+00:00
2020-05-17 17:00:00+00:00,184.34091685741961,1,2020-05-11T00:00:00+00:00
2020-05-17 17:30:00+00:00,172.58151128081568,1,2020-05-11T00:00:00+00:00
2020-05-17 18:00:00+00:00,178.01062371471406,1,2020-05-11T00:00:00+00:00
2020-05-17 18:30:00+00:00,178.2878156919909,1,2020-05-11T00:00:00+00:00
2020-05-17 19:00:00+00:00,163.2182366333482,1,2020-05-11T00:00:00+00:00
2020-05-17 19:30:00+00:00,159.3515095753478,1,2020-05-11T00:00:00+00:00
2020-05-17 20:00:00+00:00,164.7695637627283,1,2020-05-11T00:00:00+00:00
2020-05-17 20:30:00+00:00,149.83313457256133,1,2020-05-11T00:00:00+00:00
2020-05-17 21:00:00+00:00,152.3524876556026,1,2020-05-11T00:00:00+00:00
2020-05-17 21:30:00+00:00,150.9079012434094,1,2020-05-11T00:00:00+00:00
2020-05-17 22:00:00+00:00,152.28348877389195,1,2020-05-11T00:00:00+00:00
2020-05-17 22:30:00+00:00,145.7129949290947,1,2020-05-11T00:00:00+00:00
2020-05-17 23:00:00+00:00,138.8993438882643,1,2020-05-11T00:00:00+00:00
2020-05-17 23:30:00+00:00,146.13747756262487,1,2020-05-11T00:00:00+00:00
2020-05-18 00:00:00+00:00,168.07581599416605,2,2020-05-18T00:00:00+00:00
2020-05-18 00:30:00+00:00,158.67021284138806,2,2020-05-18T00:00:00+00:00
2020-05-18 01:00:00+00:00,159.28726944434862,2,2020-05-18T00:00:00+00:00
2020-05-18 01:30:00+00:00,164.95523676249724,2,2020-05-18T00:00:00+00:00
2020-05-18 02:00:00+00:00,163.72378441428188,2,2020-05-18T00:00:00+00:00
2020-05-18 02:30:00+00:00,162.00677243701998,2,2020-05-18T00:00:00+00:00
2020-05-18 03:00:00+00:00,158.09709460799058,2,2020-05-18T00:00:00+00:00
2020-05-18 03:30:00+00:00,153.61917383815666,2,2020-05-18T00:00:00+00:00
2020-05-18 04:00:00+00:00,167.83419240012955,2,2020-05-18T00:00:00+00:00
2020-05-18 04:30:00+00:00,161.61729355993472,2,2020-05-18T00:00:00+00:00
2020-05-18 05:00:00+00:00,176.7906440584935,2,2020-05-18T00:00:00+00:00
2020-05-18 05:30:00+00:00,172.47878113635542,2,2020-05-18T00:00:00+00:00
2020-05-18 06:00:00+00:00,172.53600627548752,2,2020-05-18T00:00:00+00:00
2020-05-18 06:30:00+00:00,179.62714357701753,2,2020-05-18T00:00:00+00:00
2020-05-18 07:00:00+00:00,189.96426332363123,2,2020-05-18T00:00:00+00:00
2020-05-18 07:30:00+00:00,186.24264081396956,2,2020-05-18T00:00:00+00:00
2020-05-18 08:00:00+00:00,186.76894957724102,2,2020-05-18T00:00:00+00:00
2020-05-18 08:30:00+00:00,194.0832362605823,2,2020-05-18T00:00:00+00:00
2020-05-18 09:00:00+00:00,201.49901193304916,2,2020-05-18T00:00:00+00:00
2020-05-18 09:30:00+00:00,204.7700116318351,2,2020-05-18T00:00:00+00:00
2020-05-18 10:00:00+00:00,209.85323083183775,2,2020-05-18T00:00:00+00:00
2020-05-18 10:30:00+00:00,198.44118728244962,2,2020-05-18T00:00:00+00:00
2020-05-18 11:00:00+00:00,205.76431181254358,2,2020-05-18T00:00:00+00:00
2020-05-18 11:30:00+00:00,213.48870320163763,2,2020-05-18T00:00:00+00:00
2020-05-18 12:00:00+00:00,200.1621729215041,2,2020-05-18T00:00:00+00:00
2020-05-18 12:30:00+00:00,217.48652481297046,2,2020-05-18T00:00:00+00:00
2020-05-18 13:00:00+00:00,207.12385078165502,2,2020-05-18T00:00:00+00:00
2020-05-18 13:30:00+00:00,210.04757049280897,2,2020-05-18T00:00:00+00:00
2020-05-18 14:00:00+00:00,222.149302675838,2,2020-05-18T00:00:00+00:00
2020-05-18 14:30:00+00:00,211.59454292130567,2,2020-05-18T00:00:00+00:00
2020-05-18 15:00:00+00:00,207.13555729039754,2,2020-05-18T00:00:00+00:00
2020-05-18 15:30:00+00:00,211.2186030282047,2,2020-05-18T00:00:00+00:00
2020-05-18 16:00:00+00:00,204.14137556979807,2,2020-05-18T00:00:00+00:00
2020-05-18 16:30:00+00:00,200.41762672626282,2,2020-05-18T00:00:00+00:00
2020-05-18 17:00:00+00:00,200.74900281758826,2,2020-05-18T00:00:00+00:00
2020-05-18 17:30:00+00:00,213.95780883751047,2,2020-05-18T00:00:00+00:00
2020-05-18 18:00:00+00:00,198.68434841302792,2,2020-05-18T00:00:00+00:00
2020-05-18 18:30:00+00:00,195.31227339820518,2,2020-05-18T00:00:00+00:00
2020-05-18 19:00:00+00:00,186.80098944305325,2,2020-05-18T00:00:00+00:00
2020-05-18 19:30:00+00:00,190.58452348845321,2,2020-05-18T00:00:00+00:00
2020-05-18 20:00:00+00:00,182.12168365961156,2,2020-05-18T00:00:00+00:00
2020-05-18 20:30:00+00:00,171.75591755721527,2,2020-05-18T00:00:00+00:00
2020-05-18 21:00:00+00:00,174.54940582991128,2,2020-05-18T00:00:00+00:00
2020-05-18 21:30:00+00:00,171.36566545042814,2,2020-05-18T00:00:00+00:00
2020-05-18 22:00:00+00:00,177.2120069010794,2,2020-05-18T00:00:00+00:00
2020-05-18 22:30:00+00:00,163.72347789682695,2,2020-05-18T00:00:00+00:00
2020-05-18 23:00:00+00:00,169.51362127829947,2,2020-05-18T00:00:00+00:00
2020-05-18 23:30:00+00:00,152.6614948058393,2,2020-05-18T00:00:00+00:00
2020-05-19 00:00:00+00:00,160.1444655883897,2,2020-05-18T00:00:00+00:00
2020-05-19 00:30:00+00:00,152.9739914615694,2,2020-05-18T00:00:00+00:00
2020-05-19 01:00:00+00:00,150.85834835421605,2,2020-05-18T00:00:00+00:00
2020-05-19 01:30:00+00:00,162.49725907352055,2,2020-05-18T00:00:00+00:00
2020-05-19 02:00:00+00:00,151.07207725960004,2,2020-05-18T00:00:00+00:00
2020-05-19 02:30:00+00:00,156.98730953557308,2,2020-05-18T00:00:00+00:00
2020-05-19 03:00:00+00:00,155.83740079065598,2,2020-05-18T00:00:00+00:00
2020-05-19 03:30:00+00:00,163.52273476682723,2,2020-05-18T00:00:00+00:00
2020-05-19 04:00:00+00:00,167.1443408228288,2,2020-05-18T00:00:00+00:00
2020-05-19 04:30:00+00:00,150.0475425130646,2,2020-05-18T00:00:00+00:00
2020-05-19 05:00:00+00:00,175.9090136681014,2,2020-05-18T00:00:00+00:00
2020-05-19 05:30:00+00:00,166.7342826250127,2,2020-05-18T00:00:00+00:00
2020-05-19 06:00:00+00:00,191.80769652856048,2,2020-05-18T00:00:00+00:00
2020-05-19 06:30:00+00:00,183.94276257332126,2,2020-05-18T00:00:00+00:00
2020-05-19 07:00:00+00:00,191.69656051319333,2,2020-05-18T00:00:00+00:00
2020-05-19 07:30:00+00:00,168.53212683531436,2,2020-05-18T00:00:00+00:00
2020-05-19 08:00:00+00:00,204.52292282763807,2,2020-05-18T00:00:00+00:00
2020-05-19 08:30:00+00:00,192.71651502758604,2,2020-05-18T00:00:00+00:00
2020-05-19 09:00:00+00:00,189.89767077121445,2,2020-05-18T00:00:00+00:00
2020-05-19 09:30:00+00:00,201.32563503221178,2,2020-05-18T00:00:00+00:00
2020-05-19 10:00:00+00:00,213.88985671068474,2,2020-05-18T00:00:00+00:00
2020-05-19 10:30:00+00:00,194.0027928397567,2,2020-05-18T00:00:00+00:00
2020-05-19 11:00:00+00:00,216.7327698381532,2,2020-05-18T00:00:00+00:00
2020-05-19 11:30:00+00:00,207.1893967706294,2,2020-05-18T00:00:00+00:00
2020-05-19 12:00:00+00:00,208.3286283389685,2,2020-05-18T00:00:00+00:00
2020-05-19 12:30:00+00:00,209.31648551737345,2,2020-05-18T00:00:00+00:00
2020-05-19 13:00:00+00:00,207.49708641198754,2,2020-05-18T00:00:00+00:00
2020-05-19 13:30:00+00:00,214.5353310290286,2,2020-05-18T00:00:00+00:00
2020-05-19 14:00:00+00:00,213.91623545025544,2,2020-05-18T00:00:00+00:00
2020-05-19 14:30:00+00:00,219.33137349916512,2,2020-05-18T00:00:00+00:00
2020-05-19 15:00:00+00:00,218.98656640481425,2,2020-05-18T00:00:00+00:00
2020-05-19 15:30:00+00:00,207.20109513190138,2,2020-05-18T00:00:00+00:00
2020-05-19 16:00:00+00:00,212.31611860834582,2,2020-05-18T00:00:00+00:00
2020-05-19 16:30:00+00:00,196.99579290801285,2,2020-05-18T00:00:00+00:00
2020-05-19 17:00:00+00:00,203.49986576689267,2,2020-05-18T00:00:00+00:00
2020-05-19 17:30:00+00:00,191.63626639948183,2,2020-05-18T00:00:00+00:00
2020-05-19 18:00:00+00:00,188.5378772326098,2,2020-05-18T00:00:00+00:00
2020-05-19 18:30:00+00:00,196.51170671041822,2,2020-05-18T00:00:00+00:00
2020-05-19 19:00:00+00:00,180.08752850202202,2,2020-05-18T00:00:00+00:00
2020-05-19 19:30:00+00:00,188.47267595469168,2,2020-05-18T00:00:00+00:00
2020-05-19 20:00:00+00:00,167.93531769157627,2,2020-05-18T00:00:00+00:00
2020-05-19 20:30:00+00:00,173.02109647080653,2,2020-05-18T00:00:00+00:00
2020-05-19 21:00:00+00:00,174.74429968924173,2,2020-05-18T00:00:00+00:00
2020-05-19 21:30:00+00:00,181.33136013126915,2,2020-05-18T00:00:00+00:00
2020-05-19 22:00:00+00:00,157.41746758077008,2,2020-05-18T00:00:00+00:00
2020-05-19 22:30:00+00:00,176.02351617923298,2,2020-05-18T00:00:00+00:00
2020-05-19 23:00:00+00:00,162.62879984019224,2,2020-05-18T00:00:00+00:00
2020-05-19 23:30:00+00:00,176.23094490922585,2,2020-05-18T00:00:00+00:00
2020-05-20 00:00:00+00:00,155.96947330137803,2,2020-05-18T00:00:00+00:00
2020-05-20 00:30:00+00:00,154.58718731381572,2,2020-05-18T00:00:00+00:00
2020-05-20 01:00:00+00:00,159.28044020650927,2,2020-05-18T00:00:00+00:00
2020-05-20 01:30:00+00:00,149.72022573318768,2,2020-05-18T00:00:00+00:00
2020-05-20 02:00:00+00:00,158.878082491101,2,2020-05-18T00:00:00+00:00
2020-05-20 02:30:00+00:00,157.58479280463575,2,2020-05-18T00:00:00+00:00
2020-05-20 03:00:00+00:00,169.82238425971204,2,2020-05-18T00:00:00+00:00
2020-05-20 03:30:00+00:00,163.13732619003426,2,2020-05-18T00:00:00+00:00
2020-05-20 04:00:00+00:00,156.73602908302036,2,2020-05-18T00:00:00+00:00
2020-05-20 04:30:00+00:00,156.34659139097937,2,2020-05-18T00:00:00+00:00
2020-05-20 05:00:00+00:00,164.5405590886689,2,2020-05-18T00:00:00+00:00
2020-05-20 05:30:00+00:00,157.03433495362444,2,2020-05-18T00:00:00+00:00
2020-05-20 06:00:00+00:00,163.19492474784062,2,2020-05-18T00:00:00+00:00
2020-05-20 06:30:00+00:00,192.2073190074526,2,2020-05-18T00:00:00+00:00
2020-05-20 07:00:00+00:00,179.38334337692442,2,2020-05-18T00:00:00+00:00
2020-05-20 07:30:00+00:00,193.83357236057577,2,2020-05-18T00:00:00+00:00
2020-05-20 08:00:00+00:00,187.2428859527318,2,2020-05-18T00:00:00+00:00
2020-05-20 08:30:00+00:00,189.5350419206179,2,2020-05-18T00:00:00+00:00
2020-05-20 09:00:00+00:00,187.39421261437678,2,2020-05-18T00:00:00+00:00
2020-05-20 09:30:00+00:00,207.69765568707183,2,2020-05-18T00:00:00+00:00
2020-05-20 10:00:00+00:00,202.17689108687364,2,2020-05-18T00:00:00+00:00
2020-05-20 10:30:00+00:00,216.27169612139681,2,2020-05-18T00:00:00+00:00
2020-05-20 11:00:00+00:00,204.51186431080936,2,2020-05-18T00:00:00+00:00
2020-05-20 11:30:00+00:00,218.11971508628721,2,2020-05-18T00:00:00+00:00
2020-05-20 12:00:00+00:00,222.3058461935983,2,2020-05-18T00:00:00+00:00
2020-05-20 12:30:00+00:00,201.8180078353585,2,2020-05-18T00:00:00+00:00
2020-05-20 13:00:00+00:00,216.18574240770405,2,2020-05-18T00:00:00+00:00
2020-05-20 13:30:00+00:00,205.99223802473634,2,2020-05-18T00:00:00+00:00
2020-05-20 14:00:00+00:00,204.17640277163656,2,2020-05-18T00:00:00+00:00
2020-05-20 14:30:00+00:00,212.91749398407754,2,2020-05-18T00:00:00+00:00
2020-05-20 15:00:00+00:00,214.8676513927614,2,2020-05-18T00:00:00+00:00
2020-05-20 15:30:00+00:00,218.5663547592186,2,2020-05-18T00:00:00+00:00
2020-05-20 16:00:00+00:00,202.48913924792936,2,2020-05-18T00:00:00+00:00
2020-05-20 16:30:00+00:00,211.648303320565,2,2020-05-18T00:00:00+00:00
2020-05-20 17:00:00+00:00,202.89540564405624,2,2020-05-18T00:00:00+00:00
2020-05-20 17:30:00+00:00,198.94691168957442,2,2020-05-18T00:00:00+00:00
2020-05-20 18:00:00+00:00,185.7528385405302,2,2020-05-18T00:00:00+00:00
2020-05-20 18:30:00+00:00,192.53647625446598,2,2020-05-18T00:00:00+00:00
2020-05-20 19:00:00+00:00,209.243495789738,2,2020-05-18T00:00:00+00:00
2020-05-20 19:30:00+00:00,178.5656429858797,2,2020-05-18T00:00:00+00:00
2020-05-20 20:00:00+00:00,176.57367049605176,2,2020-05-18T00:00:00+00:00
2020-05-20 20:30:00+00:00,171.58382994095217,2,2020-05-18T00:00:00+00:00
2020-05-20 21:00:00+00:00,180.47796195033766,2,2020-05-18T00:00:00+00:00
2020-05-20 21:30:00+00:00,183.44669113243464,2,2020-05-18T00:00:00+00:00
2020-05-20 22:00:00+00:00,174.4357184963299,2,2020-05-18T00:00:00+00:00
2020-05-20 22:30:00+00:00,178.867691632265,2,2020-05-18T00:00:00+00:00
2020-05-20 23:00:00+00:00,160.19485719638476,2,2020-05-18T00:00:00+00:00
2020-05-20 23:30:00+00:00,172.3028593788757,2,2020-05-18T00:00:00+00:00
2020-05-21 00:00:00+00:00,152.2176893502394,2,2020-05-18T00:00:00+00:00
2020-05-21 00:30:00+00:00,168.66272287366806,2,2020-05-18T00:00:00+00:00
2020-05-21 01:00:00+00:00,167.25848680428393,2,2020-05-18T00:00:00+00:00
2020-05-21 01:30:00+00:00,152.63393110268692,2,2020-05-18T00:00:00+00:00
2020-05-21 02:00:00+00:00,164.43857958499163,2,2020-05-18T00:00:00+00:00
2020-05-21 02:30:00+00:00,150.42672461159353,2,2020-05-18T00:00:00+00:00
2020-05-21 03:00:00+00:00,150.9764549890128,2,2020-05-18T00:00:00+00:00
2020-05-21 03:30:00+00:00,151.0374731468015,2,2020-05-18T00:00:00+00:00
2020-05-21 04:00:00+00:00,157.4714550334094,2,2020-05-18T00:00:00+00:00
2020-05-21 04:30:00+00:00,157.20587845549107,2,2020-05-18T00:00:00+00:00
2020-05-21 05:00:00+00:00,170.13783850780206,2,2020-05-18T00:00:00+00:00
2020-05-21 05:30:00+00:00,182.99879386862727,2,2020-05-18T00:00:00+00:00
2020-05-21 06:00:00+00:00,175.8792785949034,2,2020-05-18T00:00:00+00:00
2020-05-21 06:30:00+00:00,171.74407724381973,2,2020-05-18T00:00:00+00:00
2020-05-21 07:00:00+00:00,189.61608779636174,2,2020-05-18T00:00:00+00:00
2020-05-21 07:30:00+00:00,183.15814043986322,2,2020-05-18T00:00:00+00:00
2020-05-21 08:00:00+00:00,192.75782468413388,2,2020-05-18T00:00:00+00:00
2020-05-21 08:30:00+00:00,194.8721371630057,2,2020-05-18T00:00:00+00:00
2020-05-21 09:00:00+00:00,201.90661115679765,2,2020-05-18T00:00:00+00:00
2020-05-21 09:30:00+00:00,194.09045595005315,2,2020-05-18T00:00:00+00:00
2020-05-21 10:00:00+00:00,202.94547098110903,2,2020-05-18T00:00:00+00:00
2020-05-21 10:30:00+00:00,211.15662269051293,2,2020-05-18T00:00:00+00:00
2020-05-21 11:00:00+00:00,206.4915944110323,2,2020-05-18T00:00:00+00:00
2020-05-21 11:30:00+00:00,207.43013734156037,2,2020-05-18T00:00:00+00:00
2020-05-21 12:00:00+00:00,214.03829382263606,2,2020-05-18T00:00:00+00:00
2020-05-21 12:30:00+00:00,214.84117269769197,2,2020-05-18T00:00:00+00:00
2020-05-21 13:00:00+00:00,210.64877276363887,2,2020-05-18T00:00:00+00:00
2020-05-21 13:30:00+00:00,216.77844858605178,2,2020-05-18T00:00:00+00:00
2020-05-21 14:00:00+00:00,211.8581861307413,2,2020-05-18T00:00:00+00:00
2020-05-21 14:30:00+00:00,202.7573327079248,2,2020-05-18T00:00:00+00:00
2020-05-21 15:00:00+00:00,213.63492690899898,2,2020-05-18T00:00:00+00:00
2020-05-21 15:30:00+00:00,203.03661205301282,2,2020-05-18T00:00:00+00:00
2020-05-21 16:00:00+00:00,226.0704059083919,2,2020-05-18T00:00:00+00:00
2020-05-21 16:30:00+00:00,206.69469128491414,2,2020-05-18T00:00:00+00:00
2020-05-21 17:00:00+00:00,196.91144062070367,2,2020-05-18T00:00:00+00:00
2020-05-21 17:30:00+00:00,204.82703924363477,2,2020-05-18T00:00:00+00:00
2020-05-21 18:00:00+00:00,202.37076346927617,2,2020-05-18T00:00:00+00:00
2020-05-21 18:30:00+00:00,202.72760979092618,2,2020-05-18T00:00:00+00:00
2020-05-21 19:00:00+00:00,187.0245231344927,2,2020-05-18T00:00:00+00:00
2020-05-21 19:30:00+00:00,192.39309686941218,2,2020-05-18T00:00:00+00:00
2020-05-21 20:00:00+00:00,182.5920723471846,2,2020-05-18T00:00:00+00:00
2020-05-21 20:30:00+00:00,178.30488122315998,2,2020-05-18T00:00:00+00:00
2020-05-21 21:00:00+00:00,160.3466024548794,2,2020-05-18T00:00:00+00:00
2020-05-21 21:30:00+00:00,171.08784279274698,2,2020-05-18T00:00:00+00:00
2020-05-21 22:00:00+00:00,147.1585963043237,2,2020-05-18T00:00:00+00:00
2020-05-21 22:30:00+00:00,158.93187589253543,2,2020-05-18T00:00:00+00:00
2020-05-21 23:00:00+00:00,170.21091128294506,2,2020-05-18T00:00:00+00:00
2020-05-21 23:30:00+00:00,161.93473394390534,2,2020-05-18T00:00:00+00:00
2020-05-22 00:00:00+00:00,157.58512316050232,2,2020-05-18T00:00:00+00:00
2020-05-22 00:30:00+00:00,151.77838728555648,2,2020-05-18T00:00:00+00:00
2020-05-22 01:00:00+00:00,150.95125782228746,2,2020-05-18T00:00:00+00:00
2020-05-22 01:30:00+00:00,152.13792400830093,2,2020-05-18T00:00:00+00:00
2020-05-22 02:00:00+00:00,148.14759906219004,2,2020-05-18T00:00:00+00:00
2020-05-22 02:30:00+00:00,141.98571800228552,2,2020-05-18T00:00:00+00:00
2020-05-22 03:00:00+00:00,167.88890838099795,2,2020-05-18T00:00:00+00:00
2020-05-22 03:30:00+00:00,172.24452119922887,2,2020-05-18T00:00:00+00:00
2020-05-22 04:00:00+00:00,160.65469335992663,2,2020-05-18T00:00:00+00:00
2020-05-22 04:30:00+00:00,170.48522425709086,2,2020-05-18T00:00:00+00:00
2020-05-22 05:00:00+00:00,162.28750177940628,2,2020-05-18T00:00:00+00:00
2020-05-22 05:30:00+00:00,173.3615967066336,2,2020-05-18T00:00:00+00:00
2020-05-22 06:00:00+00:00,167.96329775604292,2,2020-05-18T00:00:00+00:00
2020-05-22 06:30:00+00:00,184.02826947921398,2,2020-05-18T00:00:00+00:00
2020-05-22 07:00:00+00:00,185.2756915802362,2,2020-05-18T00:00:00+00:00
2020-05-22 07:30:00+00:00,175.974882456869,2,2020-05-18T00:00:00+00:00
2020-05-22 08:00:00+00:00,195.98756596751994,2,2020-05-18T00:00:00+00:00
2020-05-22 08:30:00+00:00,203.7026512924622,2,2020-05-18T00:00:00+00:00
2020-05-22 09:00:00+00:00,198.93782262190174,2,2020-05-18T00:00:00+00:00
2020-05-22 09:30:00+00:00,198.61029310796619,2,2020-05-18T00:00:00+00:00
2020-05-22 10:00:00+00:00,204.7709851351458,2,2020-05-18T00:00:00+00:00
2020-05-22 10:30:00+00:00,205.57174342395282,2,2020-05-18T00:00:00+00:00
2020-05-22 11:00:00+00:00,217.89434290083793,2,2020-05-18T00:00:00+00:00
2020-05-22 11:30:00+00:00,218.18253376266685,2,2020-05-18T00:00:00+00:00
2020-05-22 12:00:00+00:00,197.1726926318049,2,2020-05-18T00:00:00+00:00
2020-05-22 12:30:00+00:00,220.39837327027834,2,2020-05-18T00:00:00+00:00
2020-05-22 13:00:00+00:00,211.46770125505617,2,2020-05-18T00:00:00+00:00
2020-05-22 13:30:00+00:00,224.56277819019346,2,2020-05-18T00:00:00+00:00
2020-05-22 14:00:00+00:00,215.16285710425876,2,2020-05-18T00:00:00+00:00
2020-05-22 14:30:00+00:00,218.6791787364811,2,2020-05-18T00:00:00+00:00
2020-05-22 15:00:00+00:00,205.53849753561286,2,2020-05-18T00:00:00+00:00
2020-05-22 15:30:00+00:00,199.75956519559026,2,2020-05-18T00:00:00+00:00
2020-05-22 16:00:00+00:00,206.3707999714353,2,2020-05-18T00:00:00+00:00
2020-05-22 16:30:00+00:00,211.44330375163014,2,2020-05-18T00:00:00+00:00
2020-05-22 17:00:00+00:00,204.04551591123243,2,2020-05-18T00:00:00+00:00
2020-05-22 17:30:00+00:00,204.37247033446403,2,2020-05-18T00:00:00+00:00
2020-05-22 18:00:00+00:00,193.71694128563598,2,2020-05-18T00:00:00+00:00
2020-05-22 18:30:00+00:00,197.16942668632598,2,2020-05-18T00:00:00+00:00
2020-05-22 19:00:00+00:00,179.10124567131123,2,2020-05-18T00:00:00+00:00
2020-05-22 19:30:00+00:00,183.87636306177373,2,2020-05-18T00:00:00+00:00
2020-05-22 20:00:00+00:00,166.72298722476376,2,2020-05-18T00:00:00+00:00
2020-05-22 20:30:00+00:00,177.25133107288713,2,2020-05-18T00:00:00+00:00
2020-05-22 21:00:00+00:00,168.70177337121345,2,2020-05-18T00:00:00+00:00
2020-05-22 21:30:00+00:00,171.24942297215327,2,2020-05-18T00:00:00+00:00
2020-05-22 22:00:00+00:00,172.38632770721324,2,2020-05-18T00:00:00+00:00
2020-05-22 22:30:00+00:00,165.51923390693898,2,2020-05-18T00:00:00+00:00
2020-05-22 23:00:00+00:00,140.26799271436377,2,2020-05-18T00:00:00+00:00
2020-05-22 23:30:00+00:00,170.2346173405237,2,2020-05-18T00:00:00+00:00
2020-05-23 00:00:00+00:00,136.90133982691114,2,2020-05-18T00:00:00+00:00
2020-05-23 00:30:00+00:00,141.27400414884823,2,2020-05-18T00:00:00+00:00
2020-05-23 01:00:00+00:00,129.32277637996816,2,2020-05-18T00:00:00+00:00
2020-05-23 01:30:00+00:00,140.67414417925707,2,2020-05-18T00:00:00+00:00
2020-05-23 02:00:00+00:00,146.57956846058806,2,2020-05-18T00:00:00+00:00
2020-05-23 02:30:00+00:00,124.48945842779405,2,2020-05-18T00:00:00+00:00
2020-05-23 03:00:00+00:00,147.24451157104943,2,2020-05-18T00:00:00+00:00
2020-05-23 03:30:00+00:00,132.0671487903916,2,2020-05-18T00:00:00+00:00
2020-05-23 04:00:00+00:00,137.67573546995322,2,2020-05-18T00:00:00+00:00
2020-05-23 04:30:00+00:00,143.085002407015,2,2020-05-18T00:00:00+00:00
2020-05-23 05:00:00+00:00,163.50574863112328,2,2020-05-18T00:00:00+00:00
2020-05-23 05:30:00+00:00,136.19327428598402,2,2020-05-18T00:00:00+00:00
2020-05-23 06:00:00+00:00,151.14432417570424,2,2020-05-18T00:00:00+00:00
2020-05-23 06:30:00+00:00,155.918008233367,2,2020-05-18T00:00:00+00:00
2020-05-23 07:00:00+00:00,167.4432275920711,2,2020-05-18T00:00:00+00:00
2020-05-23 07:30:00+00:00,162.0752421411735,2,2020-05-18T00:00:00+00:00
2020-05-23 08:00:00+00:00,173.1325580560642,2,2020-05-18T00:00:00+00:00
2020-05-23 08:30:00+00:00,162.854913820592,2,2020-05-18T00:00:00+00:00
2020-05-23 09:00:00+00:00,182.29631168921225,2,2020-05-18T00:00:00+00:00
2020-05-23 09:30:00+00:00,184.2744501027771,2,2020-05-18T00:00:00+00:00
2020-05-23 10:00:00+00:00,174.93542968743571,2,2020-05-18T00:00:00+00:00
2020-05-23 10:30:00+00:00,177.1417544603481,2,2020-05-18T00:00:00+00:00
2020-05-23 11:00:00+00:00,189.91303144167992,2,2020-05-18T00:00:00+00:00
2020-05-23 11:30:00+00:00,189.46679582490822,2,2020-05-18T00:00:00+00:00
2020-05-23 12:00:00+00:00,193.6447485435588,2,2020-05-18T00:00:00+00:00
2020-05-23 12:30:00+00:00,181.34660845550917,2,2020-05-18T00:00:00+00:00
2020-05-23 13:00:00+00:00,188.1236184538197,2,2020-05-18T00:00:00+00:00
2020-05-23 13:30:00+00:00,187.43930796655667,2,2020-05-18T00:00:00+00:00
2020-05-23 14:00:00+00:00,199.48384630907555,2,2020-05-18T00:00:00+00:00
2020-05-23 14:30:00+00:00,189.27662780149058,2,2020-05-18T00:00:00+00:00
2020-05-23 15:00:00+00:00,183.59325751566377,2,2020-05-18T00:00:00+00:00
2020-05-23 15:30:00+00:00,180.762534956531,2,2020-05-18T00:00:00+00:00
2020-05-23 16:00:00+00:00,182.7015958657885,2,2020-05-18T00:00:00+00:00
2020-05-23 16:30:00+00:00,191.09839865613714,2,2020-05-18T00:00:00+00:00
2020-05-23 17:00:00+00:00,165.96091144905247,2,2020-05-18T00:00:00+00:00
2020-05-23 17:30:00+00:00,177.7119072583923,2,2020-05-18T00:00:00+00:00
2020-05-23 18:00:00+00:00,173.7367628256313,2,2020-05-18T00:00:00+00:00
2020-05-23 18:30:00+00:00,184.1786708230839,2,2020-05-18T00:00:00+00:00
2020-05-23 19:00:00+00:00,167.7016499023832,2,2020-05-18T00:00:00+00:00
2020-05-23 19:30:00+00:00,172.45021714229046,2,2020-05-18T00:00:00+00:00
2020-05-23 20:00:00+00:00,155.96942850145638,2,2020-05-18T00:00:00+00:00
2020-05-23 20:30:00+00:00,145.84982655104187,2,2020-05-18T00:00:00+00:00
2020-05-23 21:00:00+00:00,138.86516753366345,2,2020-05-18T00:00:00+00:00
2020-05-23 21:30:00+00:00,143.82532241780737,2,2020-05-18T00:00:00+00:00
2020-05-23 22:00:00+00:00,144.0546295965896,2,2020-05-18T00:00:00+00:00
2020-05-23 22:30:00+00:00,141.0686304444172,2,2020-05-18T00:00:00+00:00
2020-05-23 23:00:00+00:00,135.34960363230698,2,2020-05-18T00:00:00+00:00
2020-05-23 23:30:00+00:00,151.41674217317467,2,2020-05-18T00:00:00+00:00
2020-05-24 00:00:00+00:00,118.94338442315208,2,2020-05-18T00:00:00+00:00
2020-05-24 00:30:00+00:00,128.43962401944697,2,2020-05-18T00:00:00+00:00
2020-05-24 01:00:00+00:00,151.78471433323227,2,2020-05-18T00:00:00+00:00
2020-05-24 01:30:00+00:00,137.0683265789225,2,2020-05-18T00:00:00+00:00
2020-05-24 02:00:00+00:00,131.10706950081882,2,2020-05-18T00:00:00+00:00
2020-05-24 02:30:00+00:00,127.91366231992426,2,2020-05-18T00:00:00+00:00
2020-05-24 03:00:00+00:00,144.32644134377313,2,2020-05-18T00:00:00+00:00
2020-05-24 03:30:00+00:00,143.57705275717223,2,2020-05-18T00:00:00+00:00
2020-05-24 04:00:00+00:00,148.81416974715282,2,2020-05-18T00:00:00+00:00
2020-05-24 04:30:00+00:00,133.93564268031778,2,2020-05-18T00:00:00+00:00
2020-05-24 05:00:00+00:00,149.83924431491457,2,2020-05-18T00:00:00+00:00
2020-05-24 05:30:00+00:00,147.32959372172783,2,2020-05-18T00:00:00+00:00
2020-05-24 06:00:00+00:00,158.7675651481938,2,2020-05-18T00:00:00+00:00
2020-05-24 06:30:00+00:00,144.2221636217595,2,2020-05-18T00:00:00+00:00
2020-05-24 07:00:00+00:00,167.08493550727349,2,2020-05-18T00:00:00+00:00
2020-05-24 07:30:00+00:00,173.7305658279721,2,2020-05-18T00:00:00+00:00
2020-05-24 08:00:00+00:00,160.45692049810347,2,2020-05-18T00:00:00+00:00
2020-05-24 08:30:00+00:00,176.3203058378329,2,2020-05-18T00:00:00+00:00
2020-05-24 09:00:00+00:00,188.72619514521537,2,2020-05-18T00:00:00+00:00
2020-05-24 09:30:00+00:00,183.16860220033962,2,2020-05-18T00:00:00+00:00
2020-05-24 10:00:00+00:00,182.37189860686044,2,2020-05-18T00:00:00+00:00
2020-05-24 10:30:00+00:00,183.6403228049433,2,2020-05-18T00:00:00+00:00
2020-05-24 11:00:00+00:00,183.42262413101952,2,2020-05-18T00:00:00+00:00
2020-05-24 11:30:00+00:00,188.7402487748152,2,2020-05-18T00:00:00+00:00
2020-05-24 12:00:00+00:00,182.62142299031046,2,2020-05-18T00:00:00+00:00
2020-05-24 12:30:00+00:00,190.3714244757591,2,2020-05-18T00:00:00+00:00
2020-05-24 13:00:00+00:00,184.99307209175697,2,2020-05-18T00:00:00+00:00
2020-05-24 13:30:00+00:00,180.67765233945144,2,2020-05-18T00:00:00+00:00
2020-05-24 14:00:00+00:00,200.6152645381955,2,2020-05-18T00:00:00+00:00
2020-05-24 14:30:00+00:00,176.87324020989672,2,2020-05-18T00:00:00+00:00
2020-05-24 15:00:00+00:00,199.8549294375578,2,2020-05-18T00:00:00+00:00
2020-05-24 15:30:00+00:00,171.7768054601301,2,2020-05-18T00:00:00+00:00
2020-05-24 16:00:00+00:00,189.39674688123768,2,2020-05-18T00:00:00+00:00
2020-05-24 16:30:00+00:00,184.0997762104464,2,2020-05-18T00:00:00+00:00
2020-05-24 17:00:00+00:00,165.5082396564877,2,2020-05-18T00:00:00+00:00
2020-05-24 17:30:00+00:00,173.37420308200444,2,2020-05-18T00:00:00+00:00
2020-05-24 18:00:00+00:00,162.99171783176735,2,2020-05-18T00:00:00+00:00
2020-05-24 18:30:00+00:00,163.46553731160216,2,2020-05-18T00:00:00+00:00
2020-05-24 19:00:00+00:00,169.2223066336778,2,2020-05-18T00:00:00+00:00
2020-05-24 19:30:00+00:00,154.63372563432299,2,2020-05-18T00:00:00+00:00
2020-05-24 20:00:00+00:00,142.0828808693881,2,2020-05-18T00:00:00+00:00
2020-05-24 20:30:00+00:00,163.63647459095895,2,2020-05-18T00:00:00+00:00
2020-05-24 21:00:00+00:00,151.73975153412073,2,2020-05-18T00:00:00+00:00
2020-05-24 21:30:00+00:00,148.99138550929038,2,2020-05-18T00:00:00+00:00
2020-05-24 22:00:00+00:00,141.1668895799849,2,2020-05-18T00:00:00+00:00
2020-05-24 22:30:00+00:00,148.11692083366316,2,2020-05-18T00:00:00+00:00
2020-05-24 23:00:00+00:00,141.36724063525443,2,2020-05-18T00:00:00+00:00
2020-05-24 23:30:00+00:00,137.9185095921676,2,2020-05-18T00:00:00+00:00
2020-05-25 00:00:00+00:00,153.7421405797164,2,2020-05-18T00:00:00+00:00
2020-05-25 00:30:00+00:00,165.58418726627528,2,2020-05-18T00:00:00+00:00
2020-05-25 01:00:00+00:00,167.3089646492862,2,2020-05-18T00:00:00+00:00
2020-05-25 01:30:00+00:00,160.32483869534624,2,2020-05-18T00:00:00+00:00
2020-05-25 02:00:00+00:00,179.20476843094653,2,2020-05-18T00:00:00+00:00
2020-05-25 02:30:00+00:00,159.55860051039835,2,2020-05-18T00:00:00+00:00
2020-05-25 03:00:00+00:00,162.0689544609292,2,2020-05-18T00:00:00+00:00
2020-05-25 03:30:00+00:00,171.54285063099553,2,2020-05-18T00:00:00+00:00
2020-05-25 04:00:00+00:00,167.29796909286233,2,2020-05-18T00:00:00+00:00
2020-05-25 04:30:00+00:00,167.06504078089336,2,2020-05-18T00:00:00+00:00
2020-05-25 05:00:00+00:00,168.47057959207743,2,2020-05-18T00:00:00+00:00
2020-05-25 05:30:00+00:00,174.41286782120434,2,2020-05-18T00:00:00+00:00
2020-05-25 06:00:00+00:00,165.8035732091,2,2020-05-18T00:00:00+00:00
2020-05-25 06:30:00+00:00,172.57425493968583,2,2020-05-18T00:00:00+00:00
2020-05-25 07:00:00+00:00,177.32593467569527,2,2020-05-18T00:00:00+00:00
2020-05-25 07:30:00+00:00,169.47177961346307,2,2020-05-18T00:00:00+00:00
2020-05-25 08:00:00+00:00,200.0033552844559,2,2020-05-18T00:00:00+00:00
2020-05-25 08:30:00+00:00,189.89515675794706,2,2020-05-18T00:00:00+00:00
2020-05-25 09:00:00+00:00,192.73976761685924,2,2020-05-18T00:00:00+00:00
2020-05-25 09:30:00+00:00,201.69795462926947,2,2020-05-18T00:00:00+00:00
2020-05-25 10:00:00+00:00,195.9490296891484,2,2020-05-18T00:00:00+00:00
2020-05-25 10:30:00+00:00,211.18350047937707,2,2020-05-18T00:00:00+00:00
2020-05-25 11:00:00+00:00,219.26083549543176,2,2020-05-18T00:00:00+00:00
2020-05-25 11:30:00+00:00,199.08061833087092,2,2020-05-18T00:00:00+00:00
2020-05-25 12:00:00+00:00,220.49422017735085,2,2020-05-18T00:00:00+00:00
2020-05-25 12:30:00+00:00,213.5067616150965,2,2020-05-18T00:00:00+00:00
2020-05-25 13:00:00+00:00,221.06976657376245,2,2020-05-18T00:00:00+00:00
2020-05-25 13:30:00+00:00,214.4196910814196,2,2020-05-18T00:00:00+00:00
2020-05-25 14:00:00+00:00,206.04909486768744,2,2020-05-18T00:00:00+00:00
2020-05-25 14:30:00+00:00,200.71032490846164,2,2020-05-18T00:00:00+00:00
2020-05-25 15:00:00+00:00,201.35526476731857,2,2020-05-18T00:00:00+00:00
2020-05-25 15:30:00+00:00,205.68921300170362,2,2020-05-18T00:00:00+00:00
2020-05-25 16:00:00+00:00,212.30707023933098,2,2020-05-18T00:00:00+00:00
2020-05-25 16:30:00+00:00,209.3314386436639,2,2020-05-18T00:00:00+00:00
2020-05-25 17:00:00+00:00,201.16525066185875,2,2020-05-18T00:00:00+00:00
2020-05-25 17:30:00+00:00,209.44658965989015,2,2020-05-18T00:00:00+00:00
2020-05-25 18:00:00+00:00,179.18179637994385,2,2020-05-18T00:00:00+00:00
2020-05-25 18:30:00+00:00,183.91633285304195,2,2020-05-18T00:00:00+00:00
2020-05-25 19:00:00+00:00,176.88876384108153,2,2020-05-18T00:00:00+00:00
2020-05-25 19:30:00+00:00,185.5029889860956,2,2020-05-18T00:00:00+00:00
2020-05-25 20:00:00+00:00,165.94271535629218,2,2020-05-18T00:00:00+00:00
2020-05-25 20:30:00+00:00,173.6247825030076,2,2020-05-18T00:00:00+00:00
2020-05-25 21:00:00+00:00,180.73776199793133,2,2020-05-18T00:00:00+00:00
2020-05-25 21:30:00+00:00,178.12891266903924,2,2020-05-18T00:00:00+00:00
2020-05-25 22:00:00+00:00,176.23329324176132,2,2020-05-18T00:00:00+00:00
2020-05-25 22:30:00+00:00,161.21510392460257,2,2020-05-18T00:00:00+00:00
2020-05-25 23:00:00+00:00,153.4749724230893,2,2020-05-18T00:00:00+00:00
2020-05-25 23:30:00+00:00,162.71169543500335,2,2020-05-18T00:00:00+00:00
2020-05-26 00:00:00+00:00,151.44404360142647,2,2020-05-18T00:00:00+00:00
2020-05-26 00:30:00+00:00,157.37266777616307,2,2020-05-18T00:00:00+00:00
2020-05-26 01:00:00+00:00,156.09669134487368,2,2020-05-18T00:00:00+00:00
2020-05-26 01:30:00+00:00,160.85841944930013,2,2020-05-18T00:00:00+00:00
2020-05-26 02:00:00+00:00,168.23625673987195,2,2020-05-18T00:00:00+00:00
2020-05-26 02:30:00+00:00,167.8751304552702,2,2020-05-18T00:00:00+00:00
2020-05-26 03:00:00+00:00,167.47809009199213,2,2020-05-18T00:00:00+00:00
2020-05-26 03:30:00+00:00,159.3768388326714,2,2020-05-18T00:00:00+00:00
2020-05-26 04:00:00+00:00,169.98054084610624,2,2020-05-18T00:00:00+00:00
2020-05-26 04:30:00+00:00,162.59615401654625,2,2020-05-18T00:00:00+00:00
2020-05-26 05:00:00+00:00,164.61582149217827,2,2020-05-18T00:00:00+00:00
2020-05-26 05:30:00+00:00,160.28533244664703,2,2020-05-18T00:00:00+00:00
2020-05-26 06:00:00+00:00,173.777355444273,2,2020-05-18T00:00:00+00:00
2020-05-26 06:30:00+00:00,181.42330350151232,2,2020-05-18T00:00:00+00:00
2020-05-26 07:00:00+00:00,189.98142594317548,2,2020-05-18T00:00:00+00:00
2020-05-26 07:30:00+00:00,185.4221636984714,2,2020-05-18T00:00:00+00:00
2020-05-26 08:00:00+00:00,196.50409106924857,2,2020-05-18T00:00:00+00:00
2020-05-26 08:30:00+00:00,188.36977882134644,2,2020-05-18T00:00:00+00:00
2020-05-26 09:00:00+00:00,210.96724682534597,2,2020-05-18T00:00:00+00:00
2020-05-26 09:30:00+00:00,200.21999027576814,2,2020-05-18T00:00:00+00:00
2020-05-26 10:00:00+00:00,202.68275147236957,2,2020-05-18T00:00:00+00:00
2020-05-26 10:30:00+00:00,209.68029200559738,2,2020-05-18T00:00:00+00:00
2020-05-26 11:00:00+00:00,208.3231567785051,2,2020-05-18T00:00:00+00:00
2020-05-26 11:30:00+00:00,211.81025979300446,2,2020-05-18T00:00:00+00:00
2020-05-26 12:00:00+00:00,222.76525078678247,2,2020-05-18T00:00:00+00:00
2020-05-26 12:30:00+00:00,206.51584613392632,2,2020-05-18T00:00:00+00:00
2020-05-26 13:00:00+00:00,211.2442493749247,2,2020-05-18T00:00:00+00:00
2020-05-26 13:30:00+00:00,211.9605754992073,2,2020-05-18T00:00:00+00:00
2020-05-26 14:00:00+00:00,212.62916529344645,2,2020-05-18T00:00:00+00:00
2020-05-26 14:30:00+00:00,225.76285332226846,2,2020-05-18T00:00:00+00:00
2020-05-26 15:00:00+00:00,215.9788819406159,2,2020-05-18T00:00:00+00:00
2020-05-26 15:30:00+00:00,218.83346100000597,2,2020-05-18T00:00:00+00:00
2020-05-26 16:00:00+00:00,187.01138457005146,2,2020-05-18T00:00:00+00:00
2020-05-26 16:30:00+00:00,208.7168643492278,2,2020-05-18T00:00:00+00:00
2020-05-26 17:00:00+00:00,201.37963404858445,2,2020-05-18T00:00:00+00:00
2020-05-26 17:30:00+00:00,203.2530429540902,2,2020-05-18T00:00:00+00:00
2020-05-26 18:00:00+00:00,192.82806746670482,2,2020-05-18T00:00:00+00:00
2020-05-26 18:30:00+00:00,187.9931053472942,2,2020-05-18T00:00:00+00:00
2020-05-26 19:00:00+00:00,190.49492582440578,2,2020-05-18T00:00:00+00:00
2020-05-26 19:30:00+00:00,184.06270409758264,2,2020-05-18T00:00:00+00:00
2020-05-26 20:00:00+00:00,178.1642895470323,2,2020-05-18T00:00:00+00:00
2020-05-26 20:30:00+00:00,173.96705317794473,2,2020-05-18T00:00:00+00:00
2020-05-26 21:00:00+00:00,169.9961505624203,2,2020-05-18T00:00:00+00:00
2020-05-26 21:30:00+00:00,175.18227723136263,2,2020-05-18T00:00:00+00:00
2020-05-26 22:00:00+00:00,171.4170617923131,2,2020-05-18T00:00:00+00:00
2020-05-26 22:30:00+00:00,165.38711812890682,2,2020-05-18T00:00:00+00:00
2020-05-26 23:00:00+00:00,161.78043122785974,2,2020-05-18T00:00:00+00:00
2020-05-26 23:30:00+00:00,159.74859173993093,2,2020-05-18T00:00:00+00:00
2020-05-25 00:00:00+00:00,154.74902041958515,3,2020-05-25T00:00:00+00:00
2020-05-25 00:30:00+00:00,153.5940660888415,3,2020-05-25T00:00:00+00:00
2020-05-25 01:00:00+00:00,157.9470301850068,3,2020-05-25T00:00:00+00:00
2020-05-25 01:30:00+00:00,162.90731815664685,3,2020-05-25T00:00:00+00:00
2020-05-25 02:00:00+00:00,156.91458604682794,3,2020-05-25T00:00:00+00:00
2020-05-25 02:30:00+00:00,159.79146333689994,3,2020-05-25T00:00:00+00:00
2020-05-25 03:00:00+00:00,164.4729649603904,3,2020-05-25T00:00:00+00:00
2020-05-25 03:30:00+00:00,165.57993979312397,3,2020-05-25T00:00:00+00:00
2020-05-25 04:00:00+00:00,158.95771945755916,3,2020-05-25T00:00:00+00:00
2020-05-25 04:30:00+00:00,168.482753097045,3,2020-05-25T00:00:00+00:00
2020-05-25 05:00:00+00:00,170.87548660084897,3,2020-05-25T00:00:00+00:00
2020-05-25 05:30:00+00:00,166.78999211199323,3,2020-05-25T00:00:00+00:00
2020-05-25 06:00:00+00:00,173.0096215664975,3,2020-05-25T00:00:00+00:00
2020-05-25 06:30:00+00:00,176.16255940951612,3,2020-05-25T00:00:00+00:00
2020-05-25 07:00:00+00:00,178.04511216965298,3,2020-05-25T00:00:00+00:00
2020-05-25 07:30:00+00:00,174.78767979185102,3,2020-05-25T00:00:00+00:00
2020-05-25 08:00:00+00:00,192.69323494679193,3,2020-05-25T00:00:00+00:00
2020-05-25 08:30:00+00:00,197.66855803375154,3,2020-05-25T00:00:00+00:00
2020-05-25 09:00:00+00:00,197.3120780406435,3,2020-05-25T00:00:00+00:00
2020-05-25 09:30:00+00:00,204.18032827762252,3,2020-05-25T00:00:00+00:00
2020-05-25 10:00:00+00:00,201.9992306494514,3,2020-05-25T00:00:00+00:00
2020-05-25 10:30:00+00:00,197.831471762489,3,2020-05-25T00:00:00+00:00
2020-05-25 11:00:00+00:00,198.59309672123004,3,2020-05-25T00:00:00+00:00
2020-05-25 11:30:00+00:00,203.50695107923823,3,2020-05-25T00:00:00+00:00
2020-05-25 12:00:00+00:00,222.21889985006058,3,2020-05-25T00:00:00+00:00
2020-05-25 12:30:00+00:00,210.44718807251547,3,2020-05-25T00:00:00+00:00
2020-05-25 13:00:00+00:00,200.28530056399993,3,2020-05-25T00:00:00+00:00
2020-05-25 13:30:00+00:00,212.99109040354202,3,2020-05-25T00:00:00+00:00
2020-05-25 14:00:00+00:00,209.33740531101353,3,2020-05-25T00:00:00+00:00
2020-05-25 14:30:00+00:00,208.72230814198136,3,2020-05-25T00:00:00+00:00
2020-05-25 15:00:00+00:00,204.76467684463407,3,2020-05-25T00:00:00+00:00
2020-05-25 15:30:00+00:00,203.3320904449624,3,2020-05-25T00:00:00+00:00
2020-05-25 16:00:00+00:00,202.20273252904803,3,2020-05-25T00:00:00+00:00
2020-05-25 16:30:00+00:00,192.09612376477503,3,2020-05-25T00:00:00+00:00
2020-05-25 17:00:00+00:00,190.97667232682198,3,2020-05-25T00:00:00+00:00
2020-05-25 17:30:00+00:00,196.69419640358893,3,2020-05-25T00:00:00+00:00
2020-05-25 18:00:00+00:00,197.59668149702887,3,2020-05-25T00:00:00+00:00
2020-05-25 18:30:00+00:00,195.4484310703764,3,2020-05-25T00:00:00+00:00
2020-05-25 19:00:00+00:00,197.96433953482276,3,2020-05-25T00:00:00+00:00
2020-05-25 19:30:00+00:00,193.46664214288597,3,2020-05-25T00:00:00+00:00
2020-05-25 20:00:00+00:00,164.72719961649923,3,2020-05-25T00:00:00+00:00
2020-05-25 20:30:00+00:00,181.43611218665114,3,2020-05-25T00:00:00+00:00
2020-05-25 21:00:00+00:00,177.85397807884812,3,2020-05-25T00:00:00+00:00
2020-05-25 21:30:00+00:00,172.58324960019186,3,2020-05-25T00:00:00+00:00
2020-05-25 22:00:00+00:00,152.21598551710363,3,2020-05-25T00:00:00+00:00
2020-05-25 22:30:00+00:00,162.64836146015756,3,2020-05-25T00:00:00+00:00
2020-05-25 23:00:00+00:00,155.01996385902905,3,2020-05-25T00:00:00+00:00
2020-05-25 23:30:00+00:00,163.3352987832591,3,2020-05-25T00:00:00+00:00
2020-05-26 00:00:00+00:00,166.0195299409941,3,2020-05-25T00:00:00+00:00
2020-05-26 00:30:00+00:00,162.46488531003183,3,2020-05-25T00:00:00+00:00
2020-05-26 01:00:00+00:00,149.74805205817165,3,2020-05-25T00:00:00+00:00
2020-05-26 01:30:00+00:00,162.52054962994418,3,2020-05-25T00:00:00+00:00
2020-05-26 02:00:00+00:00,158.0012311926559,3,2020-05-25T00:00:00+00:00
2020-05-26 02:30:00+00:00,164.88506882914092,3,2020-05-25T00:00:00+00:00
2020-05-26 03:00:00+00:00,158.64113127459686,3,2020-05-25T00:00:00+00:00
2020-05-26 03:30:00+00:00,162.10480393035357,3,2020-05-25T00:00:00+00:00
2020-05-26 04:00:00+00:00,164.69504478369552,3,2020-05-25T00:00:00+00:00
2020-05-26 04:30:00+00:00,163.55461837514483,3,2020-05-25T00:00:00+00:00
2020-05-26 05:00:00+00:00,181.4501284094549,3,2020-05-25T00:00:00+00:00
2020-05-26 05:30:00+00:00,177.12393559839276,3,2020-05-25T00:00:00+00:00
2020-05-26 06:00:00+00:00,180.56945710890867,3,2020-05-25T00:00:00+00:00
2020-05-26 06:30:00+00:00,167.8986162877797,3,2020-05-25T00:00:00+00:00
2020-05-26 07:00:00+00:00,179.9608480205366,3,2020-05-25T00:00:00+00:00
2020-05-26 07:30:00+00:00,184.92728311844783,3,2020-05-25T00:00:00+00:00
2020-05-26 08:00:00+00:00,196.1266991653127,3,2020-05-25T00:00:00+00:00
2020-05-26 08:30:00+00:00,180.02856245330872,3,2020-05-25T00:00:00+00:00
2020-05-26 09:00:00+00:00,204.5484277952456,3,2020-05-25T00:00:00+00:00
2020-05-26 09:30:00+00:00,190.84676472823787,3,2020-05-25T00:00:00+00:00
2020-05-26 10:00:00+00:00,195.97393719627152,3,2020-05-25T00:00:00+00:00
2020-05-26 10:30:00+00:00,211.78713288494257,3,2020-05-25T00:00:00+00:00
2020-05-26 11:00:00+00:00,204.64815999120026,3,2020-05-25T00:00:00+00:00
2020-05-26 11:30:00+00:00,211.22096242295157,3,2020-05-25T00:00:00+00:00
2020-05-26 12:00:00+00:00,218.6029728279351,3,2020-05-25T00:00:00+00:00
2020-05-26 12:30:00+00:00,215.82812029939055,3,2020-05-25T00:00:00+00:00
2020-05-26 13:00:00+00:00,204.84233372890895,3,2020-05-25T00:00:00+00:00
2020-05-26 13:30:00+00:00,208.33796445332743,3,2020-05-25T00:00:00+00:00
2020-05-26 14:00:00+00:00,207.17706654930268,3,2020-05-25T00:00:00+00:00
2020-05-26 14:30:00+00:00,214.1581060604707,3,2020-05-25T00:00:00+00:00
2020-05-26 15:00:00+00:00,210.97352658706873,3,2020-05-25T00:00:00+00:00
2020-05-26 15:30:00+00:00,216.41333003209814,3,2020-05-25T00:00:00+00:00
2020-05-26 16:00:00+00:00,207.7815282597785,3,2020-05-25T00:00:00+00:00
2020-05-26 16:30:00+00:00,210.94477612408133,3,2020-05-25T00:00:00+00:00
2020-05-26 17:00:00+00:00,197.0869683767304,3,2020-05-25T00:00:00+00:00
2020-05-26 17:30:00+00:00,196.21298743670954,3,2020-05-25T00:00:00+00:00
2020-05-26 18:00:00+00:00,180.91750767199696,3,2020-05-25T00:00:00+00:00
2020-05-26 18:30:00+00:00,187.0940697528248,3,2020-05-25T00:00:00+00:00
2020-05-26 19:00:00+00:00,172.62533840417365,3,2020-05-25T00:00:00+00:00
2020-05-26 19:30:00+00:00,178.6788947160052,3,2020-05-25T00:00:00+00:00
2020-05-26 20:00:00+00:00,187.81992739678898,3,2020-05-25T00:00:00+00:00
2020-05-26 20:30:00+00:00,178.9999652198592,3,2020-05-25T00:00:00+00:00
2020-05-26 21:00:00+00:00,171.00689534835223,3,2020-05-25T00:00:00+00:00
2020-05-26 21:30:00+00:00,169.865734744743,3,2020-05-25T00:00:00+00:00
2020-05-26 22:00:00+00:00,161.3266454845701,3,2020-05-25T00:00:00+00:00
2020-05-26 22:30:00+00:00,164.27502694973992,3,2020-05-25T00:00:00+00:00
2020-05-26 23:00:00+00:00,167.58628089761217,3,2020-05-25T00:00:00+00:00
2020-05-26 23:30:00+00:00,153.03024340594115,3,2020-05-25T00:00:00+00:00
2020-05-27 00:00:00+00:00,153.0846806265173,3,2020-05-25T00:00:00+00:00
2020-05-27 00:30:00+00:00,151.15215414796833,3,2020-05-25T00:00:00+00:00
2020-05-27 01:00:00+00:00,154.2578829507541,3,2020-05-25T00:00:00+00:00
2020-05-27 01:30:00+00:00,175.08474428827768,3,2020-05-25T00:00:00+00:00
2020-05-27 02:00:00+00:00,170.8880280111205,3,2020-05-25T00:00:00+00:00
2020-05-27 02:30:00+00:00,171.62815185246257,3,2020-05-25T00:00:00+00:00
2020-05-27 03:00:00+00:00,151.31883041697708,3,2020-05-25T00:00:00+00:00
2020-05-27 03:30:00+00:00,150.65507468809608,3,2020-05-25T00:00:00+00:00
2020-05-27 04:00:00+00:00,171.61454657361068,3,2020-05-25T00:00:00+00:00
2020-05-27 04:30:00+00:00,158.5276410706169,3,2020-05-25T00:00:00+00:00
2020-05-27 05:00:00+00:00,173.02672286181158,3,2020-05-25T00:00:00+00:00
2020-05-27 05:30:00+00:00,161.13625306386606,3,2020-05-25T00:00:00+00:00
2020-05-27 06:00:00+00:00,185.6396762131903,3,2020-05-25T00:00:00+00:00
2020-05-27 06:30:00+00:00,176.77257006271705,3,2020-05-25T00:00:00+00:00
2020-05-27 07:00:00+00:00,182.1224850142372,3,2020-05-25T00:00:00+00:00
2020-05-27 07:30:00+00:00,204.89637780159944,3,2020-05-25T00:00:00+00:00
2020-05-27 08:00:00+00:00,193.44445674054043,3,2020-05-25T00:00:00+00:00
2020-05-27 08:30:00+00:00,184.62449695988641,3,2020-05-25T00:00:00+00:00
2020-05-27 09:00:00+00:00,192.38201251141888,3,2020-05-25T00:00:00+00:00
2020-05-27 09:30:00+00:00,207.48663980262634,3,2020-05-25T00:00:00+00:00
2020-05-27 10:00:00+00:00,197.88168852567952,3,2020-05-25T00:00:00+00:00
2020-05-27 10:30:00+00:00,215.47131108020957,3,2020-05-25T00:00:00+00:00
2020-05-27 11:00:00+00:00,200.37882503788808,3,2020-05-25T00:00:00+00:00
2020-05-27 11:30:00+00:00,210.11139032866333,3,2020-05-25T00:00:00+00:00
2020-05-27 12:00:00+00:00,203.05744836181145,3,2020-05-25T00:00:00+00:00
2020-05-27 12:30:00+00:00,218.6503194298916,3,2020-05-25T00:00:00+00:00
2020-05-27 13:00:00+00:00,220.60951917518437,3,2020-05-25T00:00:00+00:00
2020-05-27 13:30:00+00:00,215.44857443710936,3,2020-05-25T00:00:00+00:00
2020-05-27 14:00:00+00:00,209.18073882324586,3,2020-05-25T00:00:00+00:00
2020-05-27 14:30:00+00:00,206.49992530602165,3,2020-05-25T00:00:00+00:00
2020-05-27 15:00:00+00:00,206.7384294385973,3,2020-05-25T00:00:00+00:00
2020-05-27 15:30:00+00:00,199.0228108166016,3,2020-05-25T00:00:00+00:00
2020-05-27 16:00:00+00:00,198.0285579585667,3,2020-05-25T00:00:00+00:00
2020-05-27 16:30:00+00:00,212.69772971550398,3,2020-05-25T00:00:00+00:00
2020-05-27 17:00:00+00:00,194.3077572011549,3,2020-05-25T00:00:00+00:00
2020-05-27 17:30:00+00:00,197.8742432096721,3,2020-05-25T00:00:00+00:00
2020-05-27 18:00:00+00:00,201.16537486251323,3,2020-05-25T00:00:00+00:00
2020-05-27 18:30:00+00:00,193.78235255590053,3,2020-05-25T00:00:00+00:00
2020-05-27 19:00:00+00:00,184.41760304557351,3,2020-05-25T00:00:00+00:00
2020-05-27 19:30:00+00:00,191.79044475457167,3,2020-05-25T00:00:00+00:00
2020-05-27 20:00:00+00:00,180.4000625110775,3,2020-05-25T00:00:00+00:00
2020-05-27 20:30:00+00:00,179.85086961436562,3,2020-05-25T00:00:00+00:00
2020-05-27 21:00:00+00:00,171.78710851523562,3,2020-05-25T00:00:00+00:00
2020-05-27 21:30:00+00:00,180.61326230679254,3,2020-05-25T00:00:00+00:00
2020-05-27 22:00:00+00:00,176.5324239688035,3,2020-05-25T00:00:00+00:00
2020-05-27 22:30:00+00:00,147.9345942428531,3,2020-05-25T00:00:00+00:00
2020-05-27 23:00:00+00:00,173.99157503556222,3,2020-05-25T00:00:00+00:00
2020-05-27 23:30:00+00:00,165.86430021517475,3,2020-05-25T00:00:00+00:00
2020-05-28 00:00:00+00:00,155.22058884387457,3,2020-05-25T00:00:00+00:00
2020-05-28 00:30:00+00:00,163.75538025053334,3,2020-05-25T00:00:00+00:00
2020-05-28 01:00:00+00:00,146.28530859761293,3,2020-05-25T00:00:00+00:00
2020-05-28 01:30:00+00:00,158.7611304870693,3,2020-05-25T00:00:00+00:00
2020-05-28 02:00:00+00:00,166.03671735123336,3,2020-05-25T00:00:00+00:00
2020-05-28 02:30:00+00:00,155.4585877914697,3,2020-05-25T00:00:00+00:00
2020-05-28 03:00:00+00:00,143.85506618596276,3,2020-05-25T00:00:00+00:00
2020-05-28 03:30:00+00:00,161.30868950087776,3,2020-05-25T00:00:00+00:00
2020-05-28 04:00:00+00:00,163.3354798647392,3,2020-05-25T00:00:00+00:00
2020-05-28 04:30:00+00:00,175.27199246983866,3,2020-05-25T00:00:00+00:00
2020-05-28 05:00:00+00:00,177.30586583311418,3,2020-05-25T00:00:00+00:00
2020-05-28 05:30:00+00:00,184.98845654934837,3,2020-05-25T00:00:00+00:00
2020-05-28 06:00:00+00:00,178.4545639457329,3,2020-05-25T00:00:00+00:00
2020-05-28 06:30:00+00:00,182.96842308750607,3,2020-05-25T00:00:00+00:00
2020-05-28 07:00:00+00:00,189.66048058244982,3,2020-05-25T00:00:00+00:00
2020-05-28 07:30:00+00:00,180.75401874582917,3,2020-05-25T00:00:00+00:00
2020-05-28 08:00:00+00:00,194.59964543768658,3,2020-05-25T00:00:00+00:00
2020-05-28 08:30:00+00:00,210.7159486162381,3,2020-05-25T00:00:00+00:00
2020-05-28 09:00:00+00:00,195.2845557878088,3,2020-05-25T00:00:00+00:00
2020-05-28 09:30:00+00:00,203.29711607837066,3,2020-05-25T00:00:00+00:00
2020-05-28 10:00:00+00:00,204.36560965667687,3,2020-05-25T00:00:00+00:00
2020-05-28 10:30:00+00:00,210.80342426666613,3,2020-05-25T00:00:00+00:00
2020-05-28 11:00:00+00:00,203.64659564705818,3,2020-05-25T00:00:00+00:00
2020-05-28 11:30:00+00:00,219.4388534157692,3,2020-05-25T00:00:00+00:00
2020-05-28 12:00:00+00:00,211.559899223973,3,2020-05-25T00:00:00+00:00
2020-05-28 12:30:00+00:00,210.53987326733622,3,2020-05-25T00:00:00+00:00
2020-05-28 13:00:00+00:00,209.5586182127547,3,2020-05-25T00:00:00+00:00
2020-05-28 13:30:00+00:00,216.15708126548705,3,2020-05-25T00:00:00+00:00
2020-05-28 14:00:00+00:00,205.7845459802526,3,2020-05-25T00:00:00+00:00
2020-05-28 14:30:00+00:00,218.3079275787135,3,2020-05-25T00:00:00+00:00
2020-05-28 15:00:00+00:00,204.81036686074535,3,2020-05-25T00:00:00+00:00
2020-05-28 15:30:00+00:00,208.2708428079642,3,2020-05-25T00:00:00+00:00
2020-05-28 16:00:00+00:00,213.82147983660406,3,2020-05-25T00:00:00+00:00
2020-05-28 16:30:00+00:00,215.1835916844079,3,2020-05-25T00:00:00+00:00
2020-05-28 17:00:00+00:00,200.5936970642436,3,2020-05-25T00:00:00+00:00
2020-05-28 17:30:00+00:00,195.25377401748008,3,2020-05-25T00:00:00+00:00
2020-05-28 18:00:00+00:00,192.53586825273158,3,2020-05-25T00:00:00+00:00
2020-05-28 18:30:00+00:00,198.03654748131302,3,2020-05-25T00:00:00+00:00
2020-05-28 19:00:00+00:00,186.09961739170078,3,2020-05-25T00:00:00+00:00
2020-05-28 19:30:00+00:00,188.91445694809656,3,2020-05-25T00:00:00+00:00
2020-05-28 20:00:00+00:00,186.27982576787383,3,2020-05-25T00:00:00+00:00
2020-05-28 20:30:00+00:00,165.05080867581975,3,2020-05-25T00:00:00+00:00
2020-05-28 21:00:00+00:00,171.5794422222294,3,2020-05-25T00:00:00+00:00
2020-05-28 21:30:00+00:00,171.90641202742947,3,2020-05-25T00:00:00+00:00
2020-05-28 22:00:00+00:00,161.49908491663334,3,2020-05-25T00:00:00+00:00
2020-05-28 22:30:00+00:00,168.89708442385964,3,2020-05-25T00:00:00+00:00
2020-05-28 23:00:00+00:00,155.04233503265064,3,2020-05-25T00:00:00+00:00
2020-05-28 23:30:00+00:00,158.03280211740653,3,2020-05-25T00:00:00+00:00
2020-05-29 00:00:00+00:00,155.52493837164937,3,2020-05-25T00:00:00+00:00
2020-05-29 00:30:00+00:00,171.149708049671,3,2020-05-25T00:00:00+00:00
2020-05-29 01:00:00+00:00,149.09207027812192,3,2020-05-25T00:00:00+00:00
2020-05-29 01:30:00+00:00,156.0648334066512,3,2020-05-25T00:00:00+00:00
2020-05-29 02:00:00+00:00,165.04338460760954,3,2020-05-25T00:00:00+00:00
2020-05-29 02:30:00+00:00,162.2662396074399,3,2020-05-25T00:00:00+00:00
2020-05-29 03:00:00+00:00,151.85917638061613,3,2020-05-25T00:00:00+00:00
2020-05-29 03:30:00+00:00,161.3173622918346,3,2020-05-25T00:00:00+00:00
2020-05-29 04:00:00+00:00,152.22114999907402,3,2020-05-25T00:00:00+00:00
2020-05-29 04:30:00+00:00,170.73103548235866,3,2020-05-25T00:00:00+00:00
2020-05-29 05:00:00+00:00,175.31736582523595,3,2020-05-25T00:00:00+00:00
2020-05-29 05:30:00+00:00,166.92698822259396,3,2020-05-25T00:00:00+00:00
2020-05-29 06:00:00+00:00,170.12317676257723,3,2020-05-25T00:00:00+00:00
2020-05-29 06:30:00+00:00,178.19974360020322,3,2020-05-25T00:00:00+00:00
2020-05-29 07:00:00+00:00,179.69167178965196,3,2020-05-25T00:00:00+00:00
2020-05-29 07:30:00+00:00,177.75573964797314,3,2020-05-25T00:00:00+00:00
2020-05-29 08:00:00+00:00,192.87992024571625,3,2020-05-25T00:00:00+00:00
2020-05-29 08:30:00+00:00,199.5617178234256,3,2020-05-25T00:00:00+00:00
2020-05-29 09:00:00+00:00,195.49922793596676,3,2020-05-25T00:00:00+00:00
2020-05-29 09:30:00+00:00,192.38124812074378,3,2020-05-25T00:00:00+00:00
2020-05-29 10:00:00+00:00,198.55347330390887,3,2020-05-25T00:00:00+00:00
2020-05-29 10:30:00+00:00,213.3491270542782,3,2020-05-25T00:00:00+00:00
2020-05-29 11:00:00+00:00,202.03799356702942,3,2020-05-25T00:00:00+00:00
2020-05-29 11:30:00+00:00,201.663850952186,3,2020-05-25T00:00:00+00:00
2020-05-29 12:00:00+00:00,216.36519753347187,3,2020-05-25T00:00:00+00:00
2020-05-29 12:30:00+00:00,213.1134558626247,3,2020-05-25T00:00:00+00:00
2020-05-29 13:00:00+00:00,220.83289270133426,3,2020-05-25T00:00:00+00:00
2020-05-29 13:30:00+00:00,214.98911546981589,3,2020-05-25T00:00:00+00:00
2020-05-29 14:00:00+00:00,206.65949409435183,3,2020-05-25T00:00:00+00:00
2020-05-29 14:30:00+00:00,220.34927059934623,3,2020-05-25T00:00:00+00:00
2020-05-29 15:00:00+00:00,199.75663872259938,3,2020-05-25T00:00:00+00:00
2020-05-29 15:30:00+00:00,213.28296751653025,3,2020-05-25T00:00:00+00:00
2020-05-29 16:00:00+00:00,202.32457832480193,3,2020-05-25T00:00:00+00:00
2020-05-29 16:30:00+00:00,212.6713919902095,3,2020-05-25T00:00:00+00:00
2020-05-29 17:00:00+00:00,197.3216430123062,3,2020-05-25T00:00:00+00:00
2020-05-29 17:30:00+00:00,201.7366292250836,3,2020-05-25T00:00:00+00:00
2020-05-29 18:00:00+00:00,190.36089934352103,3,2020-05-25T00:00:00+00:00
2020-05-29 18:30:00+00:00,193.57592412088448,3,2020-05-25T00:00:00+00:00
2020-05-29 19:00:00+00:00,188.26641629180057,3,2020-05-25T00:00:00+00:00
2020-05-29 19:30:00+00:00,181.85882661253112,3,2020-05-25T00:00:00+00:00
2020-05-29 20:00:00+00:00,176.04306097039333,3,2020-05-25T00:00:00+00:00
2020-05-29 20:30:00+00:00,187.91991756983177,3,2020-05-25T00:00:00+00:00
2020-05-29 21:00:00+00:00,170.567384599925,3,2020-05-25T00:00:00+00:00
2020-05-29 21:30:00+00:00,187.6713023382325,3,2020-05-25T00:00:00+00:00
2020-05-29 22:00:00+00:00,165.08069537164963,3,2020-05-25T00:00:00+00:00
2020-05-29 22:30:00+00:00,154.5428035402757,3,2020-05-25T00:00:00+00:00
2020-05-29 23:00:00+00:00,147.65338654914123,3,2020-05-25T00:00:00+00:00
2020-05-29 23:30:00+00:00,170.33645767458864,3,2020-05-25T00:00:00+00:00
2020-05-30 00:00:00+00:00,132.7817687755703,3,2020-05-25T00:00:00+00:00
2020-05-30 00:30:00+00:00,128.28195995852226,3,2020-05-25T00:00:00+00:00
2020-05-30 01:00:00+00:00,146.55552004433022,3,2020-05-25T00:00:00+00:00
2020-05-30 01:30:00+00:00,133.18524578293037,3,2020-05-25T00:00:00+00:00
2020-05-30 02:00:00+00:00,132.41427410528266,3,2020-05-25T00:00:00+00:00
2020-05-30 02:30:00+00:00,141.0373017207138,3,2020-05-25T00:00:00+00:00
2020-05-30 03:00:00+00:00,138.42883503701174,3,2020-05-25T00:00:00+00:00
2020-05-30 03:30:00+00:00,141.00870735805202,3,2020-05-25T00:00:00+00:00
2020-05-30 04:00:00+00:00,143.8576125204774,3,2020-05-25T00:00:00+00:00
2020-05-30 04:30:00+00:00,137.55974734328078,3,2020-05-25T00:00:00+00:00
2020-05-30 05:00:00+00:00,141.4797803181305,3,2020-05-25T00:00:00+00:00
2020-05-30 05:30:00+00:00,154.52102018539824,3,2020-05-25T00:00:00+00:00
2020-05-30 06:00:00+00:00,158.1769737803619,3,2020-05-25T00:00:00+00:00
2020-05-30 06:30:00+00:00,154.09266928221774,3,2020-05-25T00:00:00+00:00
2020-05-30 07:00:00+00:00,143.1890816269201,3,2020-05-25T00:00:00+00:00
2020-05-30 07:30:00+00:00,157.74034193333935,3,2020-05-25T00:00:00+00:00
2020-05-30 08:00:00+00:00,168.9996764010372,3,2020-05-25T00:00:00+00:00
2020-05-30 08:30:00+00:00,178.6471542526815,3,2020-05-25T00:00:00+00:00
2020-05-30 09:00:00+00:00,180.05361335749916,3,2020-05-25T00:00:00+00:00
2020-05-30 09:30:00+00:00,189.2633566346234,3,2020-05-25T00:00:00+00:00
2020-05-30 10:00:00+00:00,167.77157475840022,3,2020-05-25T00:00:00+00:00
2020-05-30 10:30:00+00:00,177.25480832528564,3,2020-05-25T00:00:00+00:00
2020-05-30 11:00:00+00:00,188.35412712822745,3,2020-05-25T00:00:00+00:00
2020-05-30 11:30:00+00:00,177.34795973931048,3,2020-05-25T00:00:00+00:00
2020-05-30 12:00:00+00:00,189.85587654936356,3,2020-05-25T00:00:00+00:00
2020-05-30 12:30:00+00:00,192.59186801757753,3,2020-05-25T00:00:00+00:00
2020-05-30 13:00:00+00:00,194.15539995622325,3,2020-05-25T00:00:00+00:00
2020-05-30 13:30:00+00:00,197.15812486995515,3,2020-05-25T00:00:00+00:00
2020-05-30 14:00:00+00:00,177.73275417432822,3,2020-05-25T00:00:00+00:00
2020-05-30 14:30:00+00:00,181.11495796798204,3,2020-05-25T00:00:00+00:00
2020-05-30 15:00:00+00:00,185.4508146721199,3,2020-05-25T00:00:00+00:00
2020-05-30 15:30:00+00:00,188.15265099753773,3,2020-05-25T00:00:00+00:00
2020-05-30 16:00:00+00:00,175.2727985456349,3,2020-05-25T00:00:00+00:00
2020-05-30 16:30:00+00:00,177.6612407618006,3,2020-05-25T00:00:00+00:00
2020-05-30 17:00:00+00:00,173.62984690306195,3,2020-05-25T00:00:00+00:00
2020-05-30 17:30:00+00:00,181.81148898007578,3,2020-05-25T00:00:00+00:00
2020-05-30 18:00:00+00:00,172.56804377398188,3,2020-05-25T00:00:00+00:00
2020-05-30 18:30:00+00:00,176.63296609035342,3,2020-05-25T00:00:00+00:00
2020-05-30 19:00:00+00:00,165.2081589726412,3,2020-05-25T00:00:00+00:00
2020-05-30 19:30:00+00:00,181.73101104558557,3,2020-05-25T00:00:00+00:00
2020-05-30 20:00:00+00:00,153.42780605510166,3,2020-05-25T00:00:00+00:00
2020-05-30 20:30:00+00:00,155.8199446777231,3,2020-05-25T00:00:00+00:00
2020-05-30 21:00:00+00:00,149.6617837048897,3,2020-05-25T00:00:00+00:00
2020-05-30 21:30:00+00:00,159.04973928949013,3,2020-05-25T00:00:00+00:00
2020-05-30 22:00:00+00:00,160.41206303973982,3,2020-05-25T00:00:00+00:00
2020-05-30 22:30:00+00:00,145.0932541570866,3,2020-05-25T00:00:00+00:00
2020-05-30 23:00:00+00:00,140.71172682164786,3,2020-05-25T00:00:00+00:00
2020-05-30 23:30:00+00:00,147.694519227979,3,2020-05-25T00:00:00+00:00
2020-05-31 00:00:00+00:00,132.37464781474392,3,2020-05-25T00:00:00+00:00
2020-05-31 00:30:00+00:00,133.51853719079358,3,2020-05-25T00:00:00+00:00
2020-05-31 01:00:00+00:00,114.85399556842326,3,2020-05-25T00:00:00+00:00
2020-05-31 01:30:00+00:00,137.28424665455967,3,2020-05-25T00:00:00+00:00
2020-05-31 02:00:00+00:00,131.15503706105278,3,2020-05-25T00:00:00+00:00
2020-05-31 02:30:00+00:00,141.92029173569176,3,2020-05-25T00:00:00+00:00
2020-05-31 03:00:00+00:00,138.5929768246983,3,2020-05-25T00:00:00+00:00
2020-05-31 03:30:00+00:00,130.29618949078065,3,2020-05-25T00:00:00+00:00
2020-05-31 04:00:00+00:00,142.23694143879743,3,2020-05-25T00:00:00+00:00
2020-05-31 04:30:00+00:00,141.91470712142737,3,2020-05-25T00:00:00+00:00
2020-05-31 05:00:00+00:00,147.18102065554945,3,2020-05-25T00:00:00+00:00
2020-05-31 05:30:00+00:00,147.875071333274,3,2020-05-25T00:00:00+00:00
2020-05-31 06:00:00+00:00,156.9651274487601,3,2020-05-25T00:00:00+00:00
2020-05-31 06:30:00+00:00,156.47756559249297,3,2020-05-25T00:00:00+00:00
2020-05-31 07:00:00+00:00,162.05013254892236,3,2020-05-25T00:00:00+00:00
2020-05-31 07:30:00+00:00,165.73494316565825,3,2020-05-25T00:00:00+00:00
2020-05-31 08:00:00+00:00,170.0552683180858,3,2020-05-25T00:00:00+00:00
2020-05-31 08:30:00+00:00,171.09578313413886,3,2020-05-25T00:00:00+00:00
2020-05-31 09:00:00+00:00,177.08101881923005,3,2020-05-25T00:00:00+00:00
2020-05-31 09:30:00+00:00,173.0416840850268,3,2020-05-25T00:00:00+00:00
2020-05-31 10:00:00+00:00,177.10609349073744,3,2020-05-25T00:00:00+00:00
2020-05-31 10:30:00+00:00,182.03446420541485,3,2020-05-25T00:00:00+00:00
2020-05-31 11:00:00+00:00,183.3571488971822,3,2020-05-25T00:00:00+00:00
2020-05-31 11:30:00+00:00,195.18970187828037,3,2020-05-25T00:00:00+00:00
2020-05-31 12:00:00+00:00,192.6664276113016,3,2020-05-25T00:00:00+00:00
2020-05-31 12:30:00+00:00,180.1149607787025,3,2020-05-25T00:00:00+00:00
2020-05-31 13:00:00+00:00,195.09690102602653,3,2020-05-25T00:00:00+00:00
2020-05-31 13:30:00+00:00,189.3332619654507,3,2020-05-25T00:00:00+00:00
2020-05-31 14:00:00+00:00,193.13699337519952,3,2020-05-25T00:00:00+00:00
2020-05-31 14:30:00+00:00,186.05199360133932,3,2020-05-25T00:00:00+00:00
2020-05-31 15:00:00+00:00,188.13280521620047,3,2020-05-25T00:00:00+00:00
2020-05-31 15:30:00+00:00,189.07324952762457,3,2020-05-25T00:00:00+00:00
2020-05-31 16:00:00+00:00,174.021425073488,3,2020-05-25T00:00:00+00:00
2020-05-31 16:30:00+00:00,187.50599597574026,3,2020-05-25T00:00:00+00:00
2020-05-31 17:00:00+00:00,172.55194724171176,3,2020-05-25T00:00:00+00:00
2020-05-31 17:30:00+00:00,169.95243258452257,3,2020-05-25T00:00:00+00:00
2020-05-31 18:00:00+00:00,168.23470409990486,3,2020-05-25T00:00:00+00:00
2020-05-31 18:30:00+00:00,171.8616609338912,3,2020-05-25T00:00:00+00:00
2020-05-31 19:00:00+00:00,151.88198276299931,3,2020-05-25T00:00:00+00:00
2020-05-31 19:30:00+00:00,174.35853330200416,3,2020-05-25T00:00:00+00:00
2020-05-31 20:00:00+00:00,161.45371040040686,3,2020-05-25T00:00:00+00:00
2020-05-31 20:30:00+00:00,150.9403590433559,3,2020-05-25T00:00:00+00:00
2020-05-31 21:00:00+00:00,149.2046749397606,3,2020-05-25T00:00:00+00:00
2020-05-31 21:30:00+00:00,159.81496545230266,3,2020-05-25T00:00:00+00:00
2020-05-31 22:00:00+00:00,139.81687924650265,3,2020-05-25T00:00:00+00:00
2020-05-31 22:30:00+00:00,141.59202382045132,3,2020-05-25T00:00:00+00:00
2020-05-31 23:00:00+00:00,149.15364335280037,3,2020-05-25T00:00:00+00:00
2020-05-31 23:30:00+00:00,145.83514571501496,3,2020-05-25T00:00:00+00:00
2020-06-01 00:00:00+00:00,325.0771300027114,3,2020-05-25T00:00:00+00:00
2020-06-01 00:30:00+00:00,337.058598526234,3,2020-05-25T00:00:00+00:00
2020-06-01 01:00:00+00:00,338.1688257956967,3,2020-05-25T00:00:00+00:00
2020-06-01 01:30:00+00:00,333.1866348107585,3,2020-05-25T00:00:00+00:00
2020-06-01 02:00:00+00:00,338.5911990246567,3,2020-05-25T00:00:00+00:00
2020-06-01 02:30:00+00:00,327.0968807343317,3,2020-05-25T00:00:00+00:00
2020-06-01 03:00:00+00:00,350.18777405318804,3,2020-05-25T00:00:00+00:00
2020-06-01 03:30:00+00:00,332.6448829330386,3,2020-05-25T00:00:00+00:00
2020-06-01 04:00:00+00:00,333.14050497159946,3,2020-05-25T00:00:00+00:00
2020-06-01 04:30:00+00:00,340.40791572910194,3,2020-05-25T00:00:00+00:00
2020-06-01 05:00:00+00:00,333.69035869562566,3,2020-05-25T00:00:00+00:00
2020-06-01 05:30:00+00:00,339.4534039527091,3,2020-05-25T00:00:00+00:00
2020-06-01 06:00:00+00:00,343.79507553884633,3,2020-05-25T00:00:00+00:00
2020-06-01 06:30:00+00:00,357.7934337262795,3,2020-05-25T00:00:00+00:00
2020-06-01 07:00:00+00:00,371.675211871187,3,2020-05-25T00:00:00+00:00
2020-06-01 07:30:00+00:00,363.20522633389527,3,2020-05-25T00:00:00+00:00
2020-06-01 08:00:00+00:00,373.64718597265346,3,2020-05-25T00:00:00+00:00
2020-06-01 08:30:00+00:00,361.680442132352,3,2020-05-25T00:00:00+00:00
2020-06-01 09:00:00+00:00,378.16507850708615,3,2020-05-25T00:00:00+00:00
2020-06-01 09:30:00+00:00,372.9974407974704,3,2020-05-25T00:00:00+00:00
2020-06-01 10:00:00+00:00,396.7282124030538,3,2020-05-25T00:00:00+00:00
2020-06-01 10:30:00+00:00,388.83919264437174,3,2020-05-25T00:00:00+00:00
2020-06-01 11:00:00+00:00,380.42245128227137,3,2020-05-25T00:00:00+00:00
2020-06-01 11:30:00+00:00,383.7952305095906,3,2020-05-25T00:00:00+00:00
2020-06-01 12:00:00+00:00,373.1612954135578,3,2020-05-25T00:00:00+00:00
2020-06-01 12:30:00+00:00,393.67039214278947,3,2020-05-25T00:00:00+00:00
2020-06-01 13:00:00+00:00,401.47802567334725,3,2020-05-25T00:00:00+00:00
2020-06-01 13:30:00+00:00,390.00020297040135,3,2020-05-25T00:00:00+00:00
2020-06-01 14:00:00+00:00,392.7777479498631,3,2020-05-25T00:00:00+00:00
2020-06-01 14:30:00+00:00,382.76511283086273,3,2020-05-25T00:00:00+00:00
2020-06-01 15:00:00+00:00,388.41697137142916,3,2020-05-25T00:00:00+00:00
2020-06-01 15:30:00+00:00,381.67970277487655,3,2020-05-25T00:00:00+00:00
2020-06-01 16:00:00+00:00,386.10207675469263,3,2020-05-25T00:00:00+00:00
2020-06-01 16:30:00+00:00,372.58362795674765,3,2020-05-25T00:00:00+00:00
2020-06-01 17:00:00+00:00,371.4762445149391,3,2020-05-25T00:00:00+00:00
2020-06-01 17:30:00+00:00,368.9557017357716,3,2020-05-25T00:00:00+00:00
2020-06-01 18:00:00+00:00,372.2303380728922,3,2020-05-25T00:00:00+00:00
2020-06-01 18:30:00+00:00,350.0864449026521,3,2020-05-25T00:00:00+00:00
2020-06-01 19:00:00+00:00,373.81412671923306,3,2020-05-25T00:00:00+00:00
2020-06-01 19:30:00+00:00,375.21782532204446,3,2020-05-25T00:00:00+00:00
2020-06-01 20:00:00+00:00,350.1717587946594,3,2020-05-25T00:00:00+00:00
2020-06-01 20:30:00+00:00,340.74373375393776,3,2020-05-25T00:00:00+00:00
2020-06-01 21:00:00+00:00,360.5877553860506,3,2020-05-25T00:00:00+00:00
2020-06-01 21:30:00+00:00,348.34822302797363,3,2020-05-25T00:00:00+00:00
2020-06-01 22:00:00+00:00,338.2609391590252,3,2020-05-25T00:00:00+00:00
2020-06-01 22:30:00+00:00,339.0375200907936,3,2020-05-25T00:00:00+00:00
2020-06-01 23:00:00+00:00,335.41956281673424,3,2020-05-25T00:00:00+00:00
2020-06-01 23:30:00+00:00,345.86975630918045,3,2020-05-25T00:00:00+00:00
2020-06-02 00:00:00+00:00,332.7563106336684,3,2020-05-25T00:00:00+00:00
2020-06-02 00:30:00+00:00,333.6182753717434,3,2020-05-25T00:00:00+00:00
2020-06-02 01:00:00+00:00,335.4577385333723,3,2020-05-25T00:00:00+00:00
2020-06-02 01:30:00+00:00,334.2099552919187,3,2020-05-25T00:00:00+00:00
2020-06-02 02:00:00+00:00,325.419775987334,3,2020-05-25T00:00:00+00:00
2020-06-02 02:30:00+00:00,334.95891700292054,3,2020-05-25T00:00:00+00:00
2020-06-02 03:00:00+00:00,327.26182864924283,3,2020-05-25T00:00:00+00:00
2020-06-02 03:30:00+00:00,341.44069635085907,3,2020-05-25T00:00:00+00:00
2020-06-02 04:00:00+00:00,335.1638890162461,3,2020-05-25T00:00:00+00:00
2020-06-02 04:30:00+00:00,339.98725876147057,3,2020-05-25T00:00:00+00:00
2020-06-02 05:00:00+00:00,349.05836336220835,3,2020-05-25T00:00:00+00:00
2020-06-02 05:30:00+00:00,331.8226567154303,3,2020-05-25T00:00:00+00:00
2020-06-02 06:00:00+00:00,345.8035267819613,3,2020-05-25T00:00:00+00:00
2020-06-02 06:30:00+00:00,349.58976755726553,3,2020-05-25T00:00:00+00:00
2020-06-02 07:00:00+00:00,359.2289193241999,3,2020-05-25T00:00:00+00:00
2020-06-02 07:30:00+00:00,362.76865887172846,3,2020-05-25T00:00:00+00:00
2020-06-02 08:00:00+00:00,371.57683076816886,3,2020-05-25T00:00:00+00:00
2020-06-02 08:30:00+00:00,376.6521262886616,3,2020-05-25T00:00:00+00:00
2020-06-02 09:00:00+00:00,377.7514090826718,3,2020-05-25T00:00:00+00:00
2020-06-02 09:30:00+00:00,376.7329277191898,3,2020-05-25T00:00:00+00:00
2020-06-02 10:00:00+00:00,375.4478589080295,3,2020-05-25T00:00:00+00:00
2020-06-02 10:30:00+00:00,382.2627044633885,3,2020-05-25T00:00:00+00:00
2020-06-02 11:00:00+00:00,391.0015779269606,3,2020-05-25T00:00:00+00:00
2020-06-02 11:30:00+00:00,385.5761015866827,3,2020-05-25T00:00:00+00:00
2020-06-02 12:00:00+00:00,393.19288560918284,3,2020-05-25T00:00:00+00:00
2020-06-02 12:30:00+00:00,402.9894470715445,3,2020-05-25T00:00:00+00:00
2020-06-02 13:00:00+00:00,375.23800087535426,3,2020-05-25T00:00:00+00:00
2020-06-02 13:30:00+00:00,385.96379065487537,3,2020-05-25T00:00:00+00:00
2020-06-02 14:00:00+00:00,390.80282094348127,3,2020-05-25T00:00:00+00:00
2020-06-02 14:30:00+00:00,406.2688568096039,3,2020-05-25T00:00:00+00:00
2020-06-02 15:00:00+00:00,375.79823787026635,3,2020-05-25T00:00:00+00:00
2020-06-02 15:30:00+00:00,382.80347533430626,3,2020-05-25T00:00:00+00:00
2020-06-02 16:00:00+00:00,385.1521302422172,3,2020-05-25T00:00:00+00:00
2020-06-02 16:30:00+00:00,387.2254310262345,3,2020-05-25T00:00:00+00:00
2020-06-02 17:00:00+00:00,360.69820364757135,3,2020-05-25T00:00:00+00:00
2020-06-02 17:30:00+00:00,369.6299715867026,3,2020-05-25T00:00:00+00:00
2020-06-02 18:00:00+00:00,367.7052482518998,3,2020-05-25T00:00:00+00:00
2020-06-02 18:30:00+00:00,358.452189892756,3,2020-05-25T00:00:00+00:00
2020-06-02 19:00:00+00:00,353.71525562472993,3,2020-05-25T00:00:00+00:00
2020-06-02 19:30:00+00:00,376.41545967592293,3,2020-05-25T00:00:00+00:00
2020-06-02 20:00:00+00:00,353.59389972041436,3,2020-05-25T00:00:00+00:00
2020-06-02 20:30:00+00:00,357.6869617528575,3,2020-05-25T00:00:00+00:00
2020-06-02 21:00:00+00:00,345.6572093923127,3,2020-05-25T00:00:00+00:00
2020-06-02 21:30:00+00:00,352.53715481738544,3,2020-05-25T00:00:00+00:00
2020-06-02 22:00:00+00:00,335.1568139164072,3,2020-05-25T00:00:00+00:00
2020-06-01 00:00:00+00:00,329.43366556435404,4,2020-06-01T00:00:00+00:00
2020-06-01 00:30:00+00:00,341.47930992352036,4,2020-06-01T00:00:00+00:00
2020-06-01 01:00:00+00:00,330.10216415131663,4,2020-06-01T00:00:00+00:00
2020-06-01 01:30:00+00:00,337.11128326780675,4,2020-06-01T00:00:00+00:00
2020-06-01 02:00:00+00:00,324.76893824493095,4,2020-06-01T00:00:00+00:00
2020-06-01 02:30:00+00:00,322.94780856715096,4,2020-06-01T00:00:00+00:00
2020-06-01 03:00:00+00:00,335.58837922006325,4,2020-06-01T00:00:00+00:00
2020-06-01 03:30:00+00:00,332.6167409569968,4,2020-06-01T00:00:00+00:00
2020-06-01 04:00:00+00:00,340.8175361161307,4,2020-06-01T00:00:00+00:00
2020-06-01 04:30:00+00:00,343.8780792778233,4,2020-06-01T00:00:00+00:00
2020-06-01 05:00:00+00:00,348.21325870277406,4,2020-06-01T00:00:00+00:00
2020-06-01 05:30:00+00:00,343.49418671432653,4,2020-06-01T00:00:00+00:00
2020-06-01 06:00:00+00:00,346.25186148928213,4,2020-06-01T00:00:00+00:00
2020-06-01 06:30:00+00:00,345.3832745116125,4,2020-06-01T00:00:00+00:00
2020-06-01 07:00:00+00:00,361.6515235459186,4,2020-06-01T00:00:00+00:00
2020-06-01 07:30:00+00:00,372.0281864211865,4,2020-06-01T00:00:00+00:00
2020-06-01 08:00:00+00:00,367.2056459004484,4,2020-06-01T00:00:00+00:00
2020-06-01 08:30:00+00:00,358.9009524895096,4,2020-06-01T00:00:00+00:00
2020-06-01 09:00:00+00:00,372.7789178818194,4,2020-06-01T00:00:00+00:00
2020-06-01 09:30:00+00:00,379.5575323334582,4,2020-06-01T00:00:00+00:00
2020-06-01 10:00:00+00:00,381.1499230291324,4,2020-06-01T00:00:00+00:00
2020-06-01 10:30:00+00:00,371.0354549454692,4,2020-06-01T00:00:00+00:00
2020-06-01 11:00:00+00:00,384.327843226378,4,2020-06-01T00:00:00+00:00
2020-06-01 11:30:00+00:00,388.06500456880593,4,2020-06-01T00:00:00+00:00
2020-06-01 12:00:00+00:00,392.91294402049004,4,2020-06-01T00:00:00+00:00
2020-06-01 12:30:00+00:00,373.0429073898036,4,2020-06-01T00:00:00+00:00
2020-06-01 13:00:00+00:00,385.1107097283783,4,2020-06-01T00:00:00+00:00
2020-06-01 13:30:00+00:00,391.54236518449636,4,2020-06-01T00:00:00+00:00
2020-06-01 14:00:00+00:00,400.5690501095648,4,2020-06-01T00:00:00+00:00
2020-06-01 14:30:00+00:00,395.2699879733964,4,2020-06-01T00:00:00+00:00
2020-06-01 15:00:00+00:00,376.54154663328046,4,2020-06-01T00:00:00+00:00
2020-06-01 15:30:00+00:00,391.0261910209683,4,2020-06-01T00:00:00+00:00
2020-06-01 16:00:00+00:00,376.7428261542304,4,2020-06-01T00:00:00+00:00
2020-06-01 16:30:00+00:00,378.92779717347184,4,2020-06-01T00:00:00+00:00
2020-06-01 17:00:00+00:00,371.6772216046986,4,2020-06-01T00:00:00+00:00
2020-06-01 17:30:00+00:00,376.1621818223095,4,2020-06-01T00:00:00+00:00
2020-06-01 18:00:00+00:00,379.10869471414424,4,2020-06-01T00:00:00+00:00
2020-06-01 18:30:00+00:00,360.38625540363853,4,2020-06-01T00:00:00+00:00
2020-06-01 19:00:00+00:00,366.01334139225855,4,2020-06-01T00:00:00+00:00
2020-06-01 19:30:00+00:00,360.53931348659233,4,2020-06-01T00:00:00+00:00
2020-06-01 20:00:00+00:00,358.450023783649,4,2020-06-01T00:00:00+00:00
2020-06-01 20:30:00+00:00,358.7059824531657,4,2020-06-01T00:00:00+00:00
2020-06-01 21:00:00+00:00,345.24719397533016,4,2020-06-01T00:00:00+00:00
2020-06-01 21:30:00+00:00,350.7193255891936,4,2020-06-01T00:00:00+00:00
2020-06-01 22:00:00+00:00,348.7992969689376,4,2020-06-01T00:00:00+00:00
2020-06-01 22:30:00+00:00,332.3839716962571,4,2020-06-01T00:00:00+00:00
2020-06-01 23:00:00+00:00,344.86328429531835,4,2020-06-01T00:00:00+00:00
2020-06-01 23:30:00+00:00,338.11523341013515,4,2020-06-01T00:00:00+00:00
2020-06-02 00:00:00+00:00,343.7334354275174,4,2020-06-01T00:00:00+00:00
2020-06-02 00:30:00+00:00,318.49774030672796,4,2020-06-01T00:00:00+00:00
2020-06-02 01:00:00+00:00,331.74943823771986,4,2020-06-01T00:00:00+00:00
2020-06-02 01:30:00+00:00,328.6145869635453,4,2020-06-01T00:00:00+00:00
2020-06-02 02:00:00+00:00,328.32677882506675,4,2020-06-01T00:00:00+00:00
2020-06-02 02:30:00+00:00,319.4492976813655,4,2020-06-01T00:00:00+00:00
2020-06-02 03:00:00+00:00,334.0034734979535,4,2020-06-01T00:00:00+00:00
2020-06-02 03:30:00+00:00,333.8324887363594,4,2020-06-01T00:00:00+00:00
2020-06-02 04:00:00+00:00,332.2332717692044,4,2020-06-01T00:00:00+00:00
2020-06-02 04:30:00+00:00,333.77088090951764,4,2020-06-01T00:00:00+00:00
2020-06-02 05:00:00+00:00,351.3978321998822,4,2020-06-01T00:00:00+00:00
2020-06-02 05:30:00+00:00,344.85453450324763,4,2020-06-01T00:00:00+00:00
2020-06-02 06:00:00+00:00,359.9104893402132,4,2020-06-01T00:00:00+00:00
2020-06-02 06:30:00+00:00,367.78493965449996,4,2020-06-01T00:00:00+00:00
2020-06-02 07:00:00+00:00,360.0387437353693,4,2020-06-01T00:00:00+00:00
2020-06-02 07:30:00+00:00,359.7682249034506,4,2020-06-01T00:00:00+00:00
2020-06-02 08:00:00+00:00,356.0641822857093,4,2020-06-01T00:00:00+00:00
2020-06-02 08:30:00+00:00,352.99758163036995,4,2020-06-01T00:00:00+00:00
2020-06-02 09:00:00+00:00,372.069264517406,4,2020-06-01T00:00:00+00:00
2020-06-02 09:30:00+00:00,368.7815242314524,4,2020-06-01T00:00:00+00:00
2020-06-02 10:00:00+00:00,384.14327781318974,4,2020-06-01T00:00:00+00:00
2020-06-02 10:30:00+00:00,386.5989887628593,4,2020-06-01T00:00:00+00:00
2020-06-02 11:00:00+00:00,382.45634580535557,4,2020-06-01T00:00:00+00:00
2020-06-02 11:30:00+00:00,386.5211146157261,4,2020-06-01T00:00:00+00:00
2020-06-02 12:00:00+00:00,380.71375584626037,4,2020-06-01T00:00:00+00:00
2020-06-02 12:30:00+00:00,389.1838897262952,4,2020-06-01T00:00:00+00:00
2020-06-02 13:00:00+00:00,376.0054576331052,4,2020-06-01T00:00:00+00:00
2020-06-02 13:30:00+00:00,390.19395255878857,4,2020-06-01T00:00:00+00:00
2020-06-02 14:00:00+00:00,393.97320432832316,4,2020-06-01T00:00:00+00:00
2020-06-02 14:30:00+00:00,371.54748879311387,4,2020-06-01T00:00:00+00:00
2020-06-02 15:00:00+00:00,377.18769121715206,4,2020-06-01T00:00:00+00:00
2020-06-02 15:30:00+00:00,387.8340472251712,4,2020-06-01T00:00:00+00:00
2020-06-02 16:00:00+00:00,381.9137618070209,4,2020-06-01T00:00:00+00:00
2020-06-02 16:30:00+00:00,381.61515130780026,4,2020-06-01T00:00:00+00:00
2020-06-02 17:00:00+00:00,365.8692327822216,4,2020-06-01T00:00:00+00:00
2020-06-02 17:30:00+00:00,383.7785173644913,4,2020-06-01T00:00:00+00:00
2020-06-02 18:00:00+00:00,369.40786481140475,4,2020-06-01T00:00:00+00:00
2020-06-02 18:30:00+00:00,368.2617556629179,4,2020-06-01T00:00:00+00:00
2020-06-02 19:00:00+00:00,365.38212666804276,4,2020-06-01T00:00:00+00:00
2020-06-02 19:30:00+00:00,364.26659819255883,4,2020-06-01T00:00:00+00:00
2020-06-02 20:00:00+00:00,356.82513732302493,4,2020-06-01T00:00:00+00:00
2020-06-02 20:30:00+00:00,351.79497938256094,4,2020-06-01T00:00:00+00:00
2020-06-02 21:00:00+00:00,343.7131067057267,4,2020-06-01T00:00:00+00:00
2020-06-02 21:30:00+00:00,332.95355917734514,4,2020-06-01T00:00:00+00:00
2020-06-02 22:00:00+00:00,345.8925495414101,4,2020-06-01T00:00:00+00:00
2020-06-02 22:30:00+00:00,351.4693660651532,4,2020-06-01T00:00:00+00:00
2020-06-02 23:00:00+00:00,326.0345609881379,4,2020-06-01T00:00:00+00:00
2020-06-02 23:30:00+00:00,338.2542370024166,4,2020-06-01T00:00:00+00:00
2020-06-03 00:00:00+00:00,331.82088845436346,4,2020-06-01T00:00:00+00:00
2020-06-03 00:30:00+00:00,326.8890004224606,4,2020-06-01T00:00:00+00:00
2020-06-03 01:00:00+00:00,327.96409789059464,4,2020-06-01T00:00:00+00:00
2020-06-03 01:30:00+00:00,319.3405485046451,4,2020-06-01T00:00:00+00:00
2020-06-03 02:00:00+00:00,337.7231154379818,4,2020-06-01T00:00:00+00:00
2020-06-03 02:30:00+00:00,331.30612301091475,4,2020-06-01T00:00:00+00:00
2020-06-03 03:00:00+00:00,338.82648797707753,4,2020-06-01T00:00:00+00:00
2020-06-03 03:30:00+00:00,344.7893537259016,4,2020-06-01T00:00:00+00:00
2020-06-03 04:00:00+00:00,343.1957190423275,4,2020-06-01T00:00:00+00:00
2020-06-03 04:30:00+00:00,332.71914352856396,4,2020-06-01T00:00:00+00:00
2020-06-03 05:00:00+00:00,354.1391524007353,4,2020-06-01T00:00:00+00:00
2020-06-03 05:30:00+00:00,345.2967113837363,4,2020-06-01T00:00:00+00:00
2020-06-03 06:00:00+00:00,353.0787666795195,4,2020-06-01T00:00:00+00:00
2020-06-03 06:30:00+00:00,346.74523801148183,4,2020-06-01T00:00:00+00:00
2020-06-03 07:00:00+00:00,359.7375068666351,4,2020-06-01T00:00:00+00:00
2020-06-03 07:30:00+00:00,356.03720951327955,4,2020-06-01T00:00:00+00:00
2020-06-03 08:00:00+00:00,360.86929969467667,4,2020-06-01T00:00:00+00:00
2020-06-03 08:30:00+00:00,362.08168252794025,4,2020-06-01T00:00:00+00:00
2020-06-03 09:00:00+00:00,381.59961116573817,4,2020-06-01T00:00:00+00:00
2020-06-03 09:30:00+00:00,381.07559407606965,4,2020-06-01T00:00:00+00:00
2020-06-03 10:00:00+00:00,373.6409591021181,4,2020-06-01T00:00:00+00:00
2020-06-03 10:30:00+00:00,374.1681676309175,4,2020-06-01T00:00:00+00:00
2020-06-03 11:00:00+00:00,385.21540691673675,4,2020-06-01T00:00:00+00:00
2020-06-03 11:30:00+00:00,376.7234269481252,4,2020-06-01T00:00:00+00:00
2020-06-03 12:00:00+00:00,381.32889931796774,4,2020-06-01T00:00:00+00:00
2020-06-03 12:30:00+00:00,391.0879419279345,4,2020-06-01T00:00:00+00:00
2020-06-03 13:00:00+00:00,400.56803682375556,4,2020-06-01T00:00:00+00:00
2020-06-03 13:30:00+00:00,391.3957638713433,4,2020-06-01T00:00:00+00:00
2020-06-03 14:00:00+00:00,387.2814811956221,4,2020-06-01T00:00:00+00:00
2020-06-03 14:30:00+00:00,388.6260193611332,4,2020-06-01T00:00:00+00:00
2020-06-03 15:00:00+00:00,385.3738787405167,4,2020-06-01T00:00:00+00:00
2020-06-03 15:30:00+00:00,380.8251073945299,4,2020-06-01T00:00:00+00:00
2020-06-03 16:00:00+00:00,382.0171816761477,4,2020-06-01T00:00:00+00:00
2020-06-03 16:30:00+00:00,379.233631040774,4,2020-06-01T00:00:00+00:00
2020-06-03 17:00:00+00:00,377.5882742636732,4,2020-06-01T00:00:00+00:00
2020-06-03 17:30:00+00:00,374.6310334648746,4,2020-06-01T00:00:00+00:00
2020-06-03 18:00:00+00:00,374.8702290752221,4,2020-06-01T00:00:00+00:00
2020-06-03 18:30:00+00:00,371.9814527141447,4,2020-06-01T00:00:00+00:00
2020-06-03 19:00:00+00:00,362.0315089193486,4,2020-06-01T00:00:00+00:00
2020-06-03 19:30:00+00:00,356.8493461183191,4,2020-06-01T00:00:00+00:00
2020-06-03 20:00:00+00:00,364.5577549576115,4,2020-06-01T00:00:00+00:00
2020-06-03 20:30:00+00:00,365.15554061209485,4,2020-06-01T00:00:00+00:00
2020-06-03 21:00:00+00:00,354.92928812167435,4,2020-06-01T00:00:00+00:00
2020-06-03 21:30:00+00:00,352.59872323142855,4,2020-06-01T00:00:00+00:00
2020-06-03 22:00:00+00:00,331.4978731004063,4,2020-06-01T00:00:00+00:00
2020-06-03 22:30:00+00:00,340.9388100564749,4,2020-06-01T00:00:00+00:00
2020-06-03 23:00:00+00:00,356.7872027748443,4,2020-06-01T00:00:00+00:00
2020-06-03 23:30:00+00:00,331.15839903533896,4,2020-06-01T00:00:00+00:00
2020-06-04 00:00:00+00:00,326.4465936247389,4,2020-06-01T00:00:00+00:00
2020-06-04 00:30:00+00:00,334.7128210819986,4,2020-06-01T00:00:00+00:00
2020-06-04 01:00:00+00:00,315.49600970740073,4,2020-06-01T00:00:00+00:00
2020-06-04 01:30:00+00:00,333.8629882700133,4,2020-06-01T00:00:00+00:00
2020-06-04 02:00:00+00:00,333.5544178194874,4,2020-06-01T00:00:00+00:00
2020-06-04 02:30:00+00:00,328.0920154070321,4,2020-06-01T00:00:00+00:00
2020-06-04 03:00:00+00:00,345.32805692659804,4,2020-06-01T00:00:00+00:00
2020-06-04 03:30:00+00:00,329.7476784947102,4,2020-06-01T00:00:00+00:00
2020-06-04 04:00:00+00:00,341.481533871994,4,2020-06-01T00:00:00+00:00
2020-06-04 04:30:00+00:00,333.1188842184612,4,2020-06-01T00:00:00+00:00
2020-06-04 05:00:00+00:00,343.4677624198916,4,2020-06-01T00:00:00+00:00
2020-06-04 05:30:00+00:00,351.4883073447943,4,2020-06-01T00:00:00+00:00
2020-06-04 06:00:00+00:00,340.8225962977179,4,2020-06-01T00:00:00+00:00
2020-06-04 06:30:00+00:00,364.6354644152563,4,2020-06-01T00:00:00+00:00
2020-06-04 07:00:00+00:00,354.08547826539893,4,2020-06-01T00:00:00+00:00
2020-06-04 07:30:00+00:00,364.40397929797194,4,2020-06-01T00:00:00+00:00
2020-06-04 08:00:00+00:00,378.4504940526934,4,2020-06-01T00:00:00+00:00
2020-06-04 08:30:00+00:00,373.836444525796,4,2020-06-01T00:00:00+00:00
2020-06-04 09:00:00+00:00,364.68112778887706,4,2020-06-01T00:00:00+00:00
2020-06-04 09:30:00+00:00,390.7016919591343,4,2020-06-01T00:00:00+00:00
2020-06-04 10:00:00+00:00,391.0394025579605,4,2020-06-01T00:00:00+00:00
2020-06-04 10:30:00+00:00,391.7154266452384,4,2020-06-01T00:00:00+00:00
2020-06-04 11:00:00+00:00,378.1403908997926,4,2020-06-01T00:00:00+00:00
2020-06-04 11:30:00+00:00,381.2669708900763,4,2020-06-01T00:00:00+00:00
2020-06-04 12:00:00+00:00,381.97385606049994,4,2020-06-01T00:00:00+00:00
2020-06-04 12:30:00+00:00,390.75477517830404,4,2020-06-01T00:00:00+00:00
2020-06-04 13:00:00+00:00,393.5149927226986,4,2020-06-01T00:00:00+00:00
2020-06-04 13:30:00+00:00,385.2011934455952,4,2020-06-01T00:00:00+00:00
2020-06-04 14:00:00+00:00,396.7835471043999,4,2020-06-01T00:00:00+00:00
2020-06-04 14:30:00+00:00,394.581312301772,4,2020-06-01T00:00:00+00:00
2020-06-04 15:00:00+00:00,385.93034333106294,4,2020-06-01T00:00:00+00:00
2020-06-04 15:30:00+00:00,381.65039511079345,4,2020-06-01T00:00:00+00:00
2020-06-04 16:00:00+00:00,360.1540938468486,4,2020-06-01T00:00:00+00:00
2020-06-04 16:30:00+00:00,375.47943904319845,4,2020-06-01T00:00:00+00:00
2020-06-04 17:00:00+00:00,381.29973209172636,4,2020-06-01T00:00:00+00:00
2020-06-04 17:30:00+00:00,353.29366086014244,4,2020-06-01T00:00:00+00:00
2020-06-04 18:00:00+00:00,364.8842615951945,4,2020-06-01T00:00:00+00:00
2020-06-04 18:30:00+00:00,359.06887677540516,4,2020-06-01T00:00:00+00:00
2020-06-04 19:00:00+00:00,358.8118883507897,4,2020-06-01T00:00:00+00:00
2020-06-04 19:30:00+00:00,361.38427350396154,4,2020-06-01T00:00:00+00:00
2020-06-04 20:00:00+00:00,354.421852401013,4,2020-06-01T00:00:00+00:00
2020-06-04 20:30:00+00:00,337.90137254369756,4,2020-06-01T00:00:00+00:00
2020-06-04 21:00:00+00:00,343.90790742449485,4,2020-06-01T00:00:00+00:00
2020-06-04 21:30:00+00:00,346.1476103089892,4,2020-06-01T00:00:00+00:00
2020-06-04 22:00:00+00:00,346.7373176734053,4,2020-06-01T00:00:00+00:00
2020-06-04 22:30:00+00:00,348.4488211283086,4,2020-06-01T00:00:00+00:00
2020-06-04 23:00:00+00:00,332.48341175741416,4,2020-06-01T00:00:00+00:00
2020-06-04 23:30:00+00:00,346.567641582299,4,2020-06-01T00:00:00+00:00
2020-06-05 00:00:00+00:00,333.13687681615653,4,2020-06-01T00:00:00+00:00
2020-06-05 00:30:00+00:00,338.9227909813545,4,2020-06-01T00:00:00+00:00
2020-06-05 01:00:00+00:00,334.19931955531735,4,2020-06-01T00:00:00+00:00
2020-06-05 01:30:00+00:00,328.23954195743323,4,2020-06-01T00:00:00+00:00
2020-06-05 02:00:00+00:00,335.7180226496993,4,2020-06-01T00:00:00+00:00
2020-06-05 02:30:00+00:00,335.6818230352355,4,2020-06-01T00:00:00+00:00
2020-06-05 03:00:00+00:00,335.2188705951907,4,2020-06-01T00:00:00+00:00
2020-06-05 03:30:00+00:00,339.2281614652302,4,2020-06-01T00:00:00+00:00
2020-06-05 04:00:00+00:00,334.3236057476632,4,2020-06-01T00:00:00+00:00
2020-06-05 04:30:00+00:00,342.3613994006756,4,2020-06-01T00:00:00+00:00
2020-06-05 05:00:00+00:00,351.86543383507615,4,2020-06-01T00:00:00+00:00
2020-06-05 05:30:00+00:00,336.7152917444781,4,2020-06-01T00:00:00+00:00
2020-06-05 06:00:00+00:00,351.62055646944,4,2020-06-01T00:00:00+00:00
2020-06-05 06:30:00+00:00,356.950579854168,4,2020-06-01T00:00:00+00:00
2020-06-05 07:00:00+00:00,372.42587780651917,4,2020-06-01T00:00:00+00:00
2020-06-05 07:30:00+00:00,356.98773597304165,4,2020-06-01T00:00:00+00:00
2020-06-05 08:00:00+00:00,363.0655645120869,4,2020-06-01T00:00:00+00:00
2020-06-05 08:30:00+00:00,377.64121307991525,4,2020-06-01T00:00:00+00:00
2020-06-05 09:00:00+00:00,366.0347489152147,4,2020-06-01T00:00:00+00:00
2020-06-05 09:30:00+00:00,377.17810850391555,4,2020-06-01T00:00:00+00:00
2020-06-05 10:00:00+00:00,379.720248527431,4,2020-06-01T00:00:00+00:00
2020-06-05 10:30:00+00:00,392.3069888704515,4,2020-06-01T00:00:00+00:00
2020-06-05 11:00:00+00:00,390.50715766792143,4,2020-06-01T00:00:00+00:00
2020-06-05 11:30:00+00:00,384.9349316710633,4,2020-06-01T00:00:00+00:00
2020-06-05 12:00:00+00:00,395.1680722331535,4,2020-06-01T00:00:00+00:00
2020-06-05 12:30:00+00:00,383.7346344357077,4,2020-06-01T00:00:00+00:00
2020-06-05 13:00:00+00:00,390.2149676931227,4,2020-06-01T00:00:00+00:00
2020-06-05 13:30:00+00:00,377.8675099576021,4,2020-06-01T00:00:00+00:00
2020-06-05 14:00:00+00:00,386.8419597240993,4,2020-06-01T00:00:00+00:00
2020-06-05 14:30:00+00:00,386.7145055331867,4,2020-06-01T00:00:00+00:00
2020-06-05 15:00:00+00:00,384.637014139692,4,2020-06-01T00:00:00+00:00
2020-06-05 15:30:00+00:00,375.985737044261,4,2020-06-01T00:00:00+00:00
2020-06-05 16:00:00+00:00,389.4048543896277,4,2020-06-01T00:00:00+00:00
2020-06-05 16:30:00+00:00,370.4517394512824,4,2020-06-01T00:00:00+00:00
2020-06-05 17:00:00+00:00,387.2913764062718,4,2020-06-01T00:00:00+00:00
2020-06-05 17:30:00+00:00,370.84178025656433,4,2020-06-01T00:00:00+00:00
2020-06-05 18:00:00+00:00,368.0988051125964,4,2020-06-01T00:00:00+00:00
2020-06-05 18:30:00+00:00,364.8033195638655,4,2020-06-01T00:00:00+00:00
2020-06-05 19:00:00+00:00,354.30660270515534,4,2020-06-01T00:00:00+00:00
2020-06-05 19:30:00+00:00,368.57872535815017,4,2020-06-01T00:00:00+00:00
2020-06-05 20:00:00+00:00,353.6327290587835,4,2020-06-01T00:00:00+00:00
2020-06-05 20:30:00+00:00,367.601301439105,4,2020-06-01T00:00:00+00:00
2020-06-05 21:00:00+00:00,340.42851906288377,4,2020-06-01T00:00:00+00:00
2020-06-05 21:30:00+00:00,340.9109562704185,4,2020-06-01T00:00:00+00:00
2020-06-05 22:00:00+00:00,349.9432188778318,4,2020-06-01T00:00:00+00:00
2020-06-05 22:30:00+00:00,329.50257454921314,4,2020-06-01T00:00:00+00:00
2020-06-05 23:00:00+00:00,348.5625701598145,4,2020-06-01T00:00:00+00:00
2020-06-05 23:30:00+00:00,347.3585756936675,4,2020-06-01T00:00:00+00:00
2020-06-06 00:00:00+00:00,301.42059507800445,4,2020-06-01T00:00:00+00:00
2020-06-06 00:30:00+00:00,321.39249108438446,4,2020-06-01T00:00:00+00:00
2020-06-06 01:00:00+00:00,314.77258519430416,4,2020-06-01T00:00:00+00:00
2020-06-06 01:30:00+00:00,309.05323126206935,4,2020-06-01T00:00:00+00:00
2020-06-06 02:00:00+00:00,313.9239240011279,4,2020-06-01T00:00:00+00:00
2020-06-06 02:30:00+00:00,318.8463853735497,4,2020-06-01T00:00:00+00:00
2020-06-06 03:00:00+00:00,315.96849636868427,4,2020-06-01T00:00:00+00:00
2020-06-06 03:30:00+00:00,316.6391780223869,4,2020-06-01T00:00:00+00:00
2020-06-06 04:00:00+00:00,318.422368621513,4,2020-06-01T00:00:00+00:00
2020-06-06 04:30:00+00:00,318.59149481181,4,2020-06-01T00:00:00+00:00
2020-06-06 05:00:00+00:00,317.7079675436791,4,2020-06-01T00:00:00+00:00
2020-06-06 05:30:00+00:00,323.3599266417264,4,2020-06-01T00:00:00+00:00
2020-06-06 06:00:00+00:00,329.15205155729444,4,2020-06-01T00:00:00+00:00
2020-06-06 06:30:00+00:00,331.9222901651845,4,2020-06-01T00:00:00+00:00
2020-06-06 07:00:00+00:00,329.3725948510271,4,2020-06-01T00:00:00+00:00
2020-06-06 07:30:00+00:00,337.23762516281784,4,2020-06-01T00:00:00+00:00
2020-06-06 08:00:00+00:00,337.8380009173055,4,2020-06-01T00:00:00+00:00
2020-06-06 08:30:00+00:00,341.48882687240416,4,2020-06-01T00:00:00+00:00
2020-06-06 09:00:00+00:00,351.00534838897016,4,2020-06-01T00:00:00+00:00
2020-06-06 09:30:00+00:00,345.95983631861884,4,2020-06-01T00:00:00+00:00
2020-06-06 10:00:00+00:00,368.1273508068254,4,2020-06-01T00:00:00+00:00
2020-06-06 10:30:00+00:00,364.1341249221189,4,2020-06-01T00:00:00+00:00
2020-06-06 11:00:00+00:00,370.91178162171224,4,2020-06-01T00:00:00+00:00
2020-06-06 11:30:00+00:00,373.2954823478577,4,2020-06-01T00:00:00+00:00
2020-06-06 12:00:00+00:00,358.4299346388259,4,2020-06-01T00:00:00+00:00
2020-06-06 12:30:00+00:00,367.8212609574898,4,2020-06-01T00:00:00+00:00
2020-06-06 13:00:00+00:00,367.70570595163764,4,2020-06-01T00:00:00+00:00
2020-06-06 13:30:00+00:00,367.3794490273063,4,2020-06-01T00:00:00+00:00
2020-06-06 14:00:00+00:00,367.5283776422584,4,2020-06-01T00:00:00+00:00
2020-06-06 14:30:00+00:00,360.776167698942,4,2020-06-01T00:00:00+00:00
2020-06-06 15:00:00+00:00,352.2986992715745,4,2020-06-01T00:00:00+00:00
2020-06-06 15:30:00+00:00,357.11662965280095,4,2020-06-01T00:00:00+00:00
2020-06-06 16:00:00+00:00,353.33529714335003,4,2020-06-01T00:00:00+00:00
2020-06-06 16:30:00+00:00,355.46540899865374,4,2020-06-01T00:00:00+00:00
2020-06-06 17:00:00+00:00,353.44289976352565,4,2020-06-01T00:00:00+00:00
2020-06-06 17:30:00+00:00,345.5100892464584,4,2020-06-01T00:00:00+00:00
2020-06-06 18:00:00+00:00,336.713211746745,4,2020-06-01T00:00:00+00:00
2020-06-06 18:30:00+00:00,342.20716583329323,4,2020-06-01T00:00:00+00:00
2020-06-06 19:00:00+00:00,333.2293314307085,4,2020-06-01T00:00:00+00:00
2020-06-06 19:30:00+00:00,338.8433731995907,4,2020-06-01T00:00:00+00:00
2020-06-06 20:00:00+00:00,319.38229286002417,4,2020-06-01T00:00:00+00:00
2020-06-06 20:30:00+00:00,329.13879540162094,4,2020-06-01T00:00:00+00:00
2020-06-06 21:00:00+00:00,322.42836379714583,4,2020-06-01T00:00:00+00:00
2020-06-06 21:30:00+00:00,320.61452649626864,4,2020-06-01T00:00:00+00:00
2020-06-06 22:00:00+00:00,321.07006210456285,4,2020-06-01T00:00:00+00:00
2020-06-06 22:30:00+00:00,324.12076909858246,4,2020-06-01T00:00:00+00:00
2020-06-06 23:00:00+00:00,311.8263677948116,4,2020-06-01T00:00:00+00:00
2020-06-06 23:30:00+00:00,316.38105195454517,4,2020-06-01T00:00:00+00:00
2020-06-07 00:00:00+00:00,306.21395534686013,4,2020-06-01T00:00:00+00:00
2020-06-07 00:30:00+00:00,309.4667771203965,4,2020-06-01T00:00:00+00:00
2020-06-07 01:00:00+00:00,314.3867897503607,4,2020-06-01T00:00:00+00:00
2020-06-07 01:30:00+00:00,300.252800586652,4,2020-06-01T00:00:00+00:00
2020-06-07 02:00:00+00:00,307.7518102002179,4,2020-06-01T00:00:00+00:00
2020-06-07 02:30:00+00:00,307.40280440513015,4,2020-06-01T00:00:00+00:00
2020-06-07 03:00:00+00:00,297.1014919161221,4,2020-06-01T00:00:00+00:00
2020-06-07 03:30:00+00:00,319.8565864724286,4,2020-06-01T00:00:00+00:00
2020-06-07 04:00:00+00:00,333.59244482060535,4,2020-06-01T00:00:00+00:00
2020-06-07 04:30:00+00:00,337.602504596132,4,2020-06-01T00:00:00+00:00
2020-06-07 05:00:00+00:00,332.78749370038804,4,2020-06-01T00:00:00+00:00
2020-06-07 05:30:00+00:00,325.6426785029875,4,2020-06-01T00:00:00+00:00
2020-06-07 06:00:00+00:00,332.9086022802524,4,2020-06-01T00:00:00+00:00
2020-06-07 06:30:00+00:00,329.299234392159,4,2020-06-01T00:00:00+00:00
2020-06-07 07:00:00+00:00,331.0722166816444,4,2020-06-01T00:00:00+00:00
2020-06-07 07:30:00+00:00,326.04419302051343,4,2020-06-01T00:00:00+00:00
2020-06-07 08:00:00+00:00,349.8551024810634,4,2020-06-01T00:00:00+00:00
2020-06-07 08:30:00+00:00,345.80940341184055,4,2020-06-01T00:00:00+00:00
2020-06-07 09:00:00+00:00,343.54666107214024,4,2020-06-01T00:00:00+00:00
2020-06-07 09:30:00+00:00,342.1836401859151,4,2020-06-01T00:00:00+00:00
2020-06-07 10:00:00+00:00,357.58692976358134,4,2020-06-01T00:00:00+00:00
2020-06-07 10:30:00+00:00,352.0451385123278,4,2020-06-01T00:00:00+00:00
2020-06-07 11:00:00+00:00,356.52726076886,4,2020-06-01T00:00:00+00:00
2020-06-07 11:30:00+00:00,365.54808868816104,4,2020-06-01T00:00:00+00:00
2020-06-07 12:00:00+00:00,364.11161472988584,4,2020-06-01T00:00:00+00:00
2020-06-07 12:30:00+00:00,353.4778013031003,4,2020-06-01T00:00:00+00:00
2020-06-07 13:00:00+00:00,359.4584043395376,4,2020-06-01T00:00:00+00:00
2020-06-07 13:30:00+00:00,365.22382625465906,4,2020-06-01T00:00:00+00:00
2020-06-07 14:00:00+00:00,361.199057057719,4,2020-06-01T00:00:00+00:00
2020-06-07 14:30:00+00:00,363.0631149881511,4,2020-06-01T00:00:00+00:00
2020-06-07 15:00:00+00:00,358.1094747542315,4,2020-06-01T00:00:00+00:00
2020-06-07 15:30:00+00:00,356.3784151679565,4,2020-06-01T00:00:00+00:00
2020-06-07 16:00:00+00:00,372.65960792292293,4,2020-06-01T00:00:00+00:00
2020-06-07 16:30:00+00:00,348.2347359210316,4,2020-06-01T00:00:00+00:00
2020-06-07 17:00:00+00:00,353.7298435314923,4,2020-06-01T00:00:00+00:00
2020-06-07 17:30:00+00:00,350.67843206597,4,2020-06-01T00:00:00+00:00
2020-06-07 18:00:00+00:00,341.5109237779205,4,2020-06-01T00:00:00+00:00
2020-06-07 18:30:00+00:00,347.27524153210214,4,2020-06-01T00:00:00+00:00
2020-06-07 19:00:00+00:00,343.4168604068233,4,2020-06-01T00:00:00+00:00
2020-06-07 19:30:00+00:00,339.0238437262097,4,2020-06-01T00:00:00+00:00
2020-06-07 20:00:00+00:00,324.83257723825767,4,2020-06-01T00:00:00+00:00
2020-06-07 20:30:00+00:00,329.709739359179,4,2020-06-01T00:00:00+00:00
2020-06-07 21:00:00+00:00,317.82447222219287,4,2020-06-01T00:00:00+00:00
2020-06-07 21:30:00+00:00,319.7542623298567,4,2020-06-01T00:00:00+00:00
2020-06-07 22:00:00+00:00,319.85532674628234,4,2020-06-01T00:00:00+00:00
2020-06-07 22:30:00+00:00,323.15781084940073,4,2020-06-01T00:00:00+00:00
2020-06-07 23:00:00+00:00,305.45750068291,4,2020-06-01T00:00:00+00:00
2020-06-07 23:30:00+00:00,312.1164301126526,4,2020-06-01T00:00:00+00:00
2020-06-08 00:00:00+00:00,323.3747950662073,4,2020-06-01T00:00:00+00:00
2020-06-08 00:30:00+00:00,333.472952455537,4,2020-06-01T00:00:00+00:00
2020-06-08 01:00:00+00:00,327.32995228309875,4,2020-06-01T00:00:00+00:00
2020-06-08 01:30:00+00:00,337.2617982414113,4,2020-06-01T00:00:00+00:00
2020-06-08 02:00:00+00:00,335.99051978395545,4,2020-06-01T00:00:00+00:00
2020-06-08 02:30:00+00:00,334.84595466806013,4,2020-06-01T00:00:00+00:00
2020-06-08 03:00:00+00:00,328.2889823226538,4,2020-06-01T00:00:00+00:00
2020-06-08 03:30:00+00:00,337.11161945847755,4,2020-06-01T00:00:00+00:00
2020-06-08 04:00:00+00:00,335.6474451828732,4,2020-06-01T00:00:00+00:00
2020-06-08 04:30:00+00:00,337.314436137112,4,2020-06-01T00:00:00+00:00
2020-06-08 05:00:00+00:00,334.022379485071,4,2020-06-01T00:00:00+00:00
2020-06-08 05:30:00+00:00,345.15985992438476,4,2020-06-01T00:00:00+00:00
2020-06-08 06:00:00+00:00,354.4276377396771,4,2020-06-01T00:00:00+00:00
2020-06-08 06:30:00+00:00,347.29221214257194,4,2020-06-01T00:00:00+00:00
2020-06-08 07:00:00+00:00,357.37498862743956,4,2020-06-01T00:00:00+00:00
2020-06-08 07:30:00+00:00,344.8486786302395,4,2020-06-01T00:00:00+00:00
2020-06-08 08:00:00+00:00,371.11425310837126,4,2020-06-01T00:00:00+00:00
2020-06-08 08:30:00+00:00,375.0132378710288,4,2020-06-01T00:00:00+00:00
2020-06-08 09:00:00+00:00,378.31926456048654,4,2020-06-01T00:00:00+00:00
2020-06-08 09:30:00+00:00,366.7772134604296,4,2020-06-01T00:00:00+00:00
2020-06-08 10:00:00+00:00,376.89549604785924,4,2020-06-01T00:00:00+00:00
2020-06-08 10:30:00+00:00,360.936045997281,4,2020-06-01T00:00:00+00:00
2020-06-08 11:00:00+00:00,382.16636644355776,4,2020-06-01T00:00:00+00:00
2020-06-08 11:30:00+00:00,397.07284249979017,4,2020-06-01T00:00:00+00:00
2020-06-08 12:00:00+00:00,380.5797749479334,4,2020-06-01T00:00:00+00:00
2020-06-08 12:30:00+00:00,393.5669046606012,4,2020-06-01T00:00:00+00:00
2020-06-08 13:00:00+00:00,386.7460282329524,4,2020-06-01T00:00:00+00:00
2020-06-08 13:30:00+00:00,381.9268258691324,4,2020-06-01T00:00:00+00:00
2020-06-08 14:00:00+00:00,379.6009093455295,4,2020-06-01T00:00:00+00:00
2020-06-08 14:30:00+00:00,388.6835901951612,4,2020-06-01T00:00:00+00:00
2020-06-08 15:00:00+00:00,385.44351530696105,4,2020-06-01T00:00:00+00:00
2020-06-08 15:30:00+00:00,381.29297859868774,4,2020-06-01T00:00:00+00:00
2020-06-08 16:00:00+00:00,375.4654092348845,4,2020-06-01T00:00:00+00:00
2020-06-08 16:30:00+00:00,378.6999351832432,4,2020-06-01T00:00:00+00:00
2020-06-08 17:00:00+00:00,368.13738129172884,4,2020-06-01T00:00:00+00:00
2020-06-08 17:30:00+00:00,362.91679710156086,4,2020-06-01T00:00:00+00:00
2020-06-08 18:00:00+00:00,361.6066563836956,4,2020-06-01T00:00:00+00:00
2020-06-08 18:30:00+00:00,361.2848550211279,4,2020-06-01T00:00:00+00:00
2020-06-08 19:00:00+00:00,352.2125045396614,4,2020-06-01T00:00:00+00:00
2020-06-08 19:30:00+00:00,362.12410664319515,4,2020-06-01T00:00:00+00:00
2020-06-08 20:00:00+00:00,359.18601993431895,4,2020-06-01T00:00:00+00:00
2020-06-08 20:30:00+00:00,355.68638857328983,4,2020-06-01T00:00:00+00:00
2020-06-08 21:00:00+00:00,352.57201366792077,4,2020-06-01T00:00:00+00:00
2020-06-08 21:30:00+00:00,329.7590084252313,4,2020-06-01T00:00:00+00:00
2020-06-08 22:00:00+00:00,339.12167480674583,4,2020-06-01T00:00:00+00:00
2020-06-08 22:30:00+00:00,339.06237443116197,4,2020-06-01T00:00:00+00:00
2020-06-08 23:00:00+00:00,343.9474203729884,4,2020-06-01T00:00:00+00:00
2020-06-08 23:30:00+00:00,329.04702461859125,4,2020-06-01T00:00:00+00:00
2020-06-09 00:00:00+00:00,326.13143120106884,4,2020-06-01T00:00:00+00:00
2020-06-09 00:30:00+00:00,342.41999559366633,4,2020-06-01T00:00:00+00:00
2020-06-09 01:00:00+00:00,330.1570752740818,4,2020-06-01T00:00:00+00:00
2020-06-09 01:30:00+00:00,337.26064679107907,4,2020-06-01T00:00:00+00:00
2020-06-09 02:00:00+00:00,340.00498109730046,4,2020-06-01T00:00:00+00:00
2020-06-09 02:30:00+00:00,324.5970794341361,4,2020-06-01T00:00:00+00:00
2020-06-09 03:00:00+00:00,343.8445361295936,4,2020-06-01T00:00:00+00:00
2020-06-09 03:30:00+00:00,332.38401757142947,4,2020-06-01T00:00:00+00:00
2020-06-09 04:00:00+00:00,355.67796865709363,4,2020-06-01T00:00:00+00:00
2020-06-09 04:30:00+00:00,340.3355270477053,4,2020-06-01T00:00:00+00:00
2020-06-09 05:00:00+00:00,344.78179443728743,4,2020-06-01T00:00:00+00:00
2020-06-09 05:30:00+00:00,332.7036451004396,4,2020-06-01T00:00:00+00:00
2020-06-09 06:00:00+00:00,354.54348777662517,4,2020-06-01T00:00:00+00:00
2020-06-09 06:30:00+00:00,342.38393774638513,4,2020-06-01T00:00:00+00:00
2020-06-09 07:00:00+00:00,358.4965966832301,4,2020-06-01T00:00:00+00:00
2020-06-09 07:30:00+00:00,345.11247569515865,4,2020-06-01T00:00:00+00:00
2020-06-09 08:00:00+00:00,365.99413614459286,4,2020-06-01T00:00:00+00:00
2020-06-09 08:30:00+00:00,363.4700673982831,4,2020-06-01T00:00:00+00:00
2020-06-09 09:00:00+00:00,380.9661439330973,4,2020-06-01T00:00:00+00:00
2020-06-09 09:30:00+00:00,379.3764383865138,4,2020-06-01T00:00:00+00:00
2020-06-09 10:00:00+00:00,382.4727198995582,4,2020-06-01T00:00:00+00:00
2020-06-09 10:30:00+00:00,374.3510576999701,4,2020-06-01T00:00:00+00:00
2020-06-09 11:00:00+00:00,388.2881431518805,4,2020-06-01T00:00:00+00:00
2020-06-09 11:30:00+00:00,387.6252172029349,4,2020-06-01T00:00:00+00:00
2020-06-09 12:00:00+00:00,391.1506807656127,4,2020-06-01T00:00:00+00:00
2020-06-09 12:30:00+00:00,380.9304557036676,4,2020-06-01T00:00:00+00:00
2020-06-09 13:00:00+00:00,394.18938436520114,4,2020-06-01T00:00:00+00:00
2020-06-09 13:30:00+00:00,393.8956774297604,4,2020-06-01T00:00:00+00:00
2020-06-09 14:00:00+00:00,390.930357869065,4,2020-06-01T00:00:00+00:00
2020-06-09 14:30:00+00:00,380.06375896893155,4,2020-06-01T00:00:00+00:00
2020-06-09 15:00:00+00:00,376.4065357486052,4,2020-06-01T00:00:00+00:00
2020-06-09 15:30:00+00:00,380.62421209039155,4,2020-06-01T00:00:00+00:00
2020-06-09 16:00:00+00:00,378.69685227865443,4,2020-06-01T00:00:00+00:00
2020-06-09 16:30:00+00:00,373.6205601176331,4,2020-06-01T00:00:00+00:00
2020-06-09 17:00:00+00:00,379.8402960779017,4,2020-06-01T00:00:00+00:00
2020-06-09 17:30:00+00:00,371.5218223980367,4,2020-06-01T00:00:00+00:00
2020-06-09 18:00:00+00:00,361.723360658782,4,2020-06-01T00:00:00+00:00
2020-06-09 18:30:00+00:00,365.3472916927549,4,2020-06-01T00:00:00+00:00
2020-06-09 19:00:00+00:00,371.1106194681092,4,2020-06-01T00:00:00+00:00
2020-06-09 19:30:00+00:00,349.28806020302625,4,2020-06-01T00:00:00+00:00
2020-06-09 20:00:00+00:00,358.0810374481581,4,2020-06-01T00:00:00+00:00
2020-06-09 20:30:00+00:00,357.4126847872599,4,2020-06-01T00:00:00+00:00
2020-06-09 21:00:00+00:00,353.5392616004502,4,2020-06-01T00:00:00+00:00
2020-06-09 21:30:00+00:00,344.389647663829,4,2020-06-01T00:00:00+00:00
2020-06-09 22:00:00+00:00,325.08329352195653,4,2020-06-01T00:00:00+00:00
2020-06-09 22:30:00+00:00,338.62773597848286,4,2020-06-01T00:00:00+00:00
2020-06-08 00:00:00+00:00,328.28901828312854,5,2020-06-08T00:00:00+00:00
2020-06-08 00:30:00+00:00,333.63623362427086,5,2020-06-08T00:00:00+00:00
2020-06-08 01:00:00+00:00,318.70247219847994,5,2020-06-08T00:00:00+00:00
2020-06-08 01:30:00+00:00,318.41951168836766,5,2020-06-08T00:00:00+00:00
2020-06-08 02:00:00+00:00,323.0804428999981,5,2020-06-08T00:00:00+00:00
2020-06-08 02:30:00+00:00,327.3499558170217,5,2020-06-08T00:00:00+00:00
2020-06-08 03:00:00+00:00,330.6125706550614,5,2020-06-08T00:00:00+00:00
2020-06-08 03:30:00+00:00,332.55354075077014,5,2020-06-08T00:00:00+00:00
2020-06-08 04:00:00+00:00,338.8650599959031,5,2020-06-08T00:00:00+00:00
2020-06-08 04:30:00+00:00,334.07620745625286,5,2020-06-08T00:00:00+00:00
2020-06-08 05:00:00+00:00,346.0320518234029,5,2020-06-08T00:00:00+00:00
2020-06-08 05:30:00+00:00,350.15039999667715,5,2020-06-08T00:00:00+00:00
2020-06-08 06:00:00+00:00,354.65839709682405,5,2020-06-08T00:00:00+00:00
2020-06-08 06:30:00+00:00,358.92106317810084,5,2020-06-08T00:00:00+00:00
2020-06-08 07:00:00+00:00,372.813221384259,5,2020-06-08T00:00:00+00:00
2020-06-08 07:30:00+00:00,355.59324273134825,5,2020-06-08T00:00:00+00:00
2020-06-08 08:00:00+00:00,378.4642716262271,5,2020-06-08T00:00:00+00:00
2020-06-08 08:30:00+00:00,359.82826149227037,5,2020-06-08T00:00:00+00:00
2020-06-08 09:00:00+00:00,373.5645046258518,5,2020-06-08T00:00:00+00:00
2020-06-08 09:30:00+00:00,381.0633922974974,5,2020-06-08T00:00:00+00:00
2020-06-08 10:00:00+00:00,389.3574357040789,5,2020-06-08T00:00:00+00:00
2020-06-08 10:30:00+00:00,384.62438247725555,5,2020-06-08T00:00:00+00:00
2020-06-08 11:00:00+00:00,389.22239579897524,5,2020-06-08T00:00:00+00:00
2020-06-08 11:30:00+00:00,393.53366596365436,5,2020-06-08T00:00:00+00:00
2020-06-08 12:00:00+00:00,387.7204896269144,5,2020-06-08T00:00:00+00:00
2020-06-08 12:30:00+00:00,391.91073302304017,5,2020-06-08T00:00:00+00:00
2020-06-08 13:00:00+00:00,383.16240667064596,5,2020-06-08T00:00:00+00:00
2020-06-08 13:30:00+00:00,377.14422208756326,5,2020-06-08T00:00:00+00:00
2020-06-08 14:00:00+00:00,372.0182868210934,5,2020-06-08T00:00:00+00:00
2020-06-08 14:30:00+00:00,397.6704249014887,5,2020-06-08T00:00:00+00:00
2020-06-08 15:00:00+00:00,388.8732266395664,5,2020-06-08T00:00:00+00:00
2020-06-08 15:30:00+00:00,380.52718577308553,5,2020-06-08T00:00:00+00:00
2020-06-08 16:00:00+00:00,375.2610662232336,5,2020-06-08T00:00:00+00:00
2020-06-08 16:30:00+00:00,375.72806930069316,5,2020-06-08T00:00:00+00:00
2020-06-08 17:00:00+00:00,365.47735586807266,5,2020-06-08T00:00:00+00:00
2020-06-08 17:30:00+00:00,367.70412473351337,5,2020-06-08T00:00:00+00:00
2020-06-08 18:00:00+00:00,364.00902512218613,5,2020-06-08T00:00:00+00:00
2020-06-08 18:30:00+00:00,374.42350441490294,5,2020-06-08T00:00:00+00:00
2020-06-08 19:00:00+00:00,362.07541094180897,5,2020-06-08T00:00:00+00:00
2020-06-08 19:30:00+00:00,348.90742754119685,5,2020-06-08T00:00:00+00:00
2020-06-08 20:00:00+00:00,360.6842598541675,5,2020-06-08T00:00:00+00:00
2020-06-08 20:30:00+00:00,358.698385419919,5,2020-06-08T00:00:00+00:00
2020-06-08 21:00:00+00:00,347.01235207710766,5,2020-06-08T00:00:00+00:00
2020-06-08 21:30:00+00:00,346.2509815793853,5,2020-06-08T00:00:00+00:00
2020-06-08 22:00:00+00:00,343.4946892777061,5,2020-06-08T00:00:00+00:00
2020-06-08 22:30:00+00:00,341.1547262048251,5,2020-06-08T00:00:00+00:00
2020-06-08 23:00:00+00:00,330.4095393461699,5,2020-06-08T00:00:00+00:00
2020-06-08 23:30:00+00:00,348.6239884007868,5,2020-06-08T00:00:00+00:00
2020-06-09 00:00:00+00:00,339.1592008977201,5,2020-06-08T00:00:00+00:00
2020-06-09 00:30:00+00:00,335.6431437604151,5,2020-06-08T00:00:00+00:00
2020-06-09 01:00:00+00:00,326.24785382451705,5,2020-06-08T00:00:00+00:00
2020-06-09 01:30:00+00:00,324.2118268817302,5,2020-06-08T00:00:00+00:00
2020-06-09 02:00:00+00:00,339.4068501320139,5,2020-06-08T00:00:00+00:00
2020-06-09 02:30:00+00:00,335.07464136843635,5,2020-06-08T00:00:00+00:00
2020-06-09 03:00:00+00:00,339.3612686765391,5,2020-06-08T00:00:00+00:00
2020-06-09 03:30:00+00:00,328.49374408952866,5,2020-06-08T00:00:00+00:00
2020-06-09 04:00:00+00:00,340.4903929581446,5,2020-06-08T00:00:00+00:00
2020-06-09 04:30:00+00:00,331.6758709466669,5,2020-06-08T00:00:00+00:00
2020-06-09 05:00:00+00:00,343.023497849624,5,2020-06-08T00:00:00+00:00
2020-06-09 05:30:00+00:00,345.613365955308,5,2020-06-08T00:00:00+00:00
2020-06-09 06:00:00+00:00,362.35290060388564,5,2020-06-08T00:00:00+00:00
2020-06-09 06:30:00+00:00,347.5904820367001,5,2020-06-08T00:00:00+00:00
2020-06-09 07:00:00+00:00,352.1298241879975,5,2020-06-08T00:00:00+00:00
2020-06-09 07:30:00+00:00,363.8806873161581,5,2020-06-08T00:00:00+00:00
2020-06-09 08:00:00+00:00,372.3811286574694,5,2020-06-08T00:00:00+00:00
2020-06-09 08:30:00+00:00,356.7234989747278,5,2020-06-08T00:00:00+00:00
2020-06-09 09:00:00+00:00,378.1104406803867,5,2020-06-08T00:00:00+00:00
2020-06-09 09:30:00+00:00,381.7380137305767,5,2020-06-08T00:00:00+00:00
2020-06-09 10:00:00+00:00,377.5139661819664,5,2020-06-08T00:00:00+00:00
2020-06-09 10:30:00+00:00,381.0574358952481,5,2020-06-08T00:00:00+00:00
2020-06-09 11:00:00+00:00,390.0650913510687,5,2020-06-08T00:00:00+00:00
2020-06-09 11:30:00+00:00,389.05026378550156,5,2020-06-08T00:00:00+00:00
2020-06-09 12:00:00+00:00,386.35840370652966,5,2020-06-08T00:00:00+00:00
2020-06-09 12:30:00+00:00,385.0936230063031,5,2020-06-08T00:00:00+00:00
2020-06-09 13:00:00+00:00,389.7946792342263,5,2020-06-08T00:00:00+00:00
2020-06-09 13:30:00+00:00,391.72492298438704,5,2020-06-08T00:00:00+00:00
2020-06-09 14:00:00+00:00,385.27226438910475,5,2020-06-08T00:00:00+00:00
2020-06-09 14:30:00+00:00,381.6902227927447,5,2020-06-08T00:00:00+00:00
2020-06-09 15:00:00+00:00,388.3594073435114,5,2020-06-08T00:00:00+00:00
2020-06-09 15:30:00+00:00,389.6327922754424,5,2020-06-08T00:00:00+00:00
2020-06-09 16:00:00+00:00,386.41046967803914,5,2020-06-08T00:00:00+00:00
2020-06-09 16:30:00+00:00,376.85948632271305,5,2020-06-08T00:00:00+00:00
2020-06-09 17:00:00+00:00,384.7013499305417,5,2020-06-08T00:00:00+00:00
2020-06-09 17:30:00+00:00,390.16896718086485,5,2020-06-08T00:00:00+00:00
2020-06-09 18:00:00+00:00,361.81206754661895,5,2020-06-08T00:00:00+00:00
2020-06-09 18:30:00+00:00,369.1676924104265,5,2020-06-08T00:00:00+00:00
2020-06-09 19:00:00+00:00,363.96318297940473,5,2020-06-08T00:00:00+00:00
2020-06-09 19:30:00+00:00,345.9826687364645,5,2020-06-08T00:00:00+00:00
2020-06-09 20:00:00+00:00,349.7996008549621,5,2020-06-08T00:00:00+00:00
2020-06-09 20:30:00+00:00,344.0729854715862,5,2020-06-08T00:00:00+00:00
2020-06-09 21:00:00+00:00,342.0552630664458,5,2020-06-08T00:00:00+00:00
2020-06-09 21:30:00+00:00,336.3488036932247,5,2020-06-08T00:00:00+00:00
2020-06-09 22:00:00+00:00,336.0185048494874,5,2020-06-08T00:00:00+00:00
2020-06-09 22:30:00+00:00,338.5355355936323,5,2020-06-08T00:00:00+00:00
2020-06-09 23:00:00+00:00,332.7871215018322,5,2020-06-08T00:00:00+00:00
2020-06-09 23:30:00+00:00,343.1646645214704,5,2020-06-08T00:00:00+00:00
2020-06-10 00:00:00+00:00,331.3621624330178,5,2020-06-08T00:00:00+00:00
2020-06-10 00:30:00+00:00,336.91499774508674,5,2020-06-08T00:00:00+00:00
2020-06-10 01:00:00+00:00,334.657064580658,5,2020-06-08T00:00:00+00:00
2020-06-10 01:30:00+00:00,330.73372337049506,5,2020-06-08T00:00:00+00:00
2020-06-10 02:00:00+00:00,331.42166033434916,5,2020-06-08T00:00:00+00:00
2020-06-10 02:30:00+00:00,338.3245261270541,5,2020-06-08T00:00:00+00:00
2020-06-10 03:00:00+00:00,340.14983030859935,5,2020-06-08T00:00:00+00:00
2020-06-10 03:30:00+00:00,343.61533447747604,5,2020-06-08T00:00:00+00:00
2020-06-10 04:00:00+00:00,334.38245629171854,5,2020-06-08T00:00:00+00:00
2020-06-10 04:30:00+00:00,342.76781546775743,5,2020-06-08T00:00:00+00:00
2020-06-10 05:00:00+00:00,345.0377227374378,5,2020-06-08T00:00:00+00:00
2020-06-10 05:30:00+00:00,346.5698580987368,5,2020-06-08T00:00:00+00:00
2020-06-10 06:00:00+00:00,357.8523664444866,5,2020-06-08T00:00:00+00:00
2020-06-10 06:30:00+00:00,363.83533599623877,5,2020-06-08T00:00:00+00:00
2020-06-10 07:00:00+00:00,349.6558483844853,5,2020-06-08T00:00:00+00:00
2020-06-10 07:30:00+00:00,354.26773456416987,5,2020-06-08T00:00:00+00:00
2020-06-10 08:00:00+00:00,374.0531896629205,5,2020-06-08T00:00:00+00:00
2020-06-10 08:30:00+00:00,370.07845427953305,5,2020-06-08T00:00:00+00:00
2020-06-10 09:00:00+00:00,385.26115205621,5,2020-06-08T00:00:00+00:00
2020-06-10 09:30:00+00:00,380.1845808505387,5,2020-06-08T00:00:00+00:00
2020-06-10 10:00:00+00:00,381.1554665880664,5,2020-06-08T00:00:00+00:00
2020-06-10 10:30:00+00:00,383.634089592972,5,2020-06-08T00:00:00+00:00
2020-06-10 11:00:00+00:00,398.86970596115043,5,2020-06-08T00:00:00+00:00
2020-06-10 11:30:00+00:00,381.48661524526256,5,2020-06-08T00:00:00+00:00
2020-06-10 12:00:00+00:00,387.38198120920185,5,2020-06-08T00:00:00+00:00
2020-06-10 12:30:00+00:00,377.2234421054946,5,2020-06-08T00:00:00+00:00
2020-06-10 13:00:00+00:00,385.3949211126027,5,2020-06-08T00:00:00+00:00
2020-06-10 13:30:00+00:00,389.5849703274687,5,2020-06-08T00:00:00+00:00
2020-06-10 14:00:00+00:00,385.67293107139756,5,2020-06-08T00:00:00+00:00
2020-06-10 14:30:00+00:00,388.70133685281746,5,2020-06-08T00:00:00+00:00
2020-06-10 15:00:00+00:00,374.9886174923319,5,2020-06-08T00:00:00+00:00
2020-06-10 15:30:00+00:00,382.0562394065712,5,2020-06-08T00:00:00+00:00
2020-06-10 16:00:00+00:00,379.663964088669,5,2020-06-08T00:00:00+00:00
2020-06-10 16:30:00+00:00,379.731385826402,5,2020-06-08T00:00:00+00:00
2020-06-10 17:00:00+00:00,384.3744486068514,5,2020-06-08T00:00:00+00:00
2020-06-10 17:30:00+00:00,361.84597103758995,5,2020-06-08T00:00:00+00:00
2020-06-10 18:00:00+00:00,373.92643960936783,5,2020-06-08T00:00:00+00:00
2020-06-10 18:30:00+00:00,371.95610331781194,5,2020-06-08T00:00:00+00:00
2020-06-10 19:00:00+00:00,346.8732192739914,5,2020-06-08T00:00:00+00:00
2020-06-10 19:30:00+00:00,352.90417970569536,5,2020-06-08T00:00:00+00:00
2020-06-10 20:00:00+00:00,356.13364727027067,5,2020-06-08T00:00:00+00:00
2020-06-10 20:30:00+00:00,364.2803817667296,5,2020-06-08T00:00:00+00:00
2020-06-10 21:00:00+00:00,340.3179354373119,5,2020-06-08T00:00:00+00:00
2020-06-10 21:30:00+00:00,344.25410014356424,5,2020-06-08T00:00:00+00:00
2020-06-10 22:00:00+00:00,340.9572135035652,5,2020-06-08T00:00:00+00:00
2020-06-10 22:30:00+00:00,332.3309029128728,5,2020-06-08T00:00:00+00:00
2020-06-10 23:00:00+00:00,338.3208449020091,5,2020-06-08T00:00:00+00:00
2020-06-10 23:30:00+00:00,345.6046914258923,5,2020-06-08T00:00:00+00:00
2020-06-11 00:00:00+00:00,329.48791224306365,5,2020-06-08T00:00:00+00:00
2020-06-11 00:30:00+00:00,323.8779337203423,5,2020-06-08T00:00:00+00:00
2020-06-11 01:00:00+00:00,333.8950601709206,5,2020-06-08T00:00:00+00:00
2020-06-11 01:30:00+00:00,331.9204911693528,5,2020-06-08T00:00:00+00:00
2020-06-11 02:00:00+00:00,320.16358694205684,5,2020-06-08T00:00:00+00:00
2020-06-11 02:30:00+00:00,340.32479739108317,5,2020-06-08T00:00:00+00:00
2020-06-11 03:00:00+00:00,342.49413854411466,5,2020-06-08T00:00:00+00:00
2020-06-11 03:30:00+00:00,337.116691385438,5,2020-06-08T00:00:00+00:00
2020-06-11 04:00:00+00:00,341.3457504778859,5,2020-06-08T00:00:00+00:00
2020-06-11 04:30:00+00:00,340.8163589979201,5,2020-06-08T00:00:00+00:00
2020-06-11 05:00:00+00:00,345.5179832578472,5,2020-06-08T00:00:00+00:00
2020-06-11 05:30:00+00:00,348.02690262418366,5,2020-06-08T00:00:00+00:00
2020-06-11 06:00:00+00:00,344.92036568605306,5,2020-06-08T00:00:00+00:00
2020-06-11 06:30:00+00:00,351.5753004497398,5,2020-06-08T00:00:00+00:00
2020-06-11 07:00:00+00:00,358.1287567989381,5,2020-06-08T00:00:00+00:00
2020-06-11 07:30:00+00:00,365.12286701812377,5,2020-06-08T00:00:00+00:00
2020-06-11 08:00:00+00:00,369.51428543511037,5,2020-06-08T00:00:00+00:00
2020-06-11 08:30:00+00:00,366.57449471507095,5,2020-06-08T00:00:00+00:00
2020-06-11 09:00:00+00:00,373.334676537845,5,2020-06-08T00:00:00+00:00
2020-06-11 09:30:00+00:00,384.9970811762691,5,2020-06-08T00:00:00+00:00
2020-06-11 10:00:00+00:00,382.6869707830352,5,2020-06-08T00:00:00+00:00
2020-06-11 10:30:00+00:00,379.77671292693526,5,2020-06-08T00:00:00+00:00
2020-06-11 11:00:00+00:00,367.73079329054855,5,2020-06-08T00:00:00+00:00
2020-06-11 11:30:00+00:00,387.6940733368987,5,2020-06-08T00:00:00+00:00
2020-06-11 12:00:00+00:00,378.8102510088644,5,2020-06-08T00:00:00+00:00
2020-06-11 12:30:00+00:00,390.4301329830747,5,2020-06-08T00:00:00+00:00
2020-06-11 13:00:00+00:00,393.5733547608928,5,2020-06-08T00:00:00+00:00
2020-06-11 13:30:00+00:00,368.7976441186926,5,2020-06-08T00:00:00+00:00
2020-06-11 14:00:00+00:00,390.8546835323466,5,2020-06-08T00:00:00+00:00
2020-06-11 14:30:00+00:00,400.83136452652445,5,2020-06-08T00:00:00+00:00
2020-06-11 15:00:00+00:00,382.8941784015487,5,2020-06-08T00:00:00+00:00
2020-06-11 15:30:00+00:00,395.99119451024444,5,2020-06-08T00:00:00+00:00
2020-06-11 16:00:00+00:00,370.6793921767505,5,2020-06-08T00:00:00+00:00
2020-06-11 16:30:00+00:00,373.029985551941,5,2020-06-08T00:00:00+00:00
2020-06-11 17:00:00+00:00,377.55483180372335,5,2020-06-08T00:00:00+00:00
2020-06-11 17:30:00+00:00,368.1907406205312,5,2020-06-08T00:00:00+00:00
2020-06-11 18:00:00+00:00,378.2691019847695,5,2020-06-08T00:00:00+00:00
2020-06-11 18:30:00+00:00,375.5706321607688,5,2020-06-08T00:00:00+00:00
2020-06-11 19:00:00+00:00,355.06464379481423,5,2020-06-08T00:00:00+00:00
2020-06-11 19:30:00+00:00,362.9447848573371,5,2020-06-08T00:00:00+00:00
2020-06-11 20:00:00+00:00,360.8734496486676,5,2020-06-08T00:00:00+00:00
2020-06-11 20:30:00+00:00,358.4371193628302,5,2020-06-08T00:00:00+00:00
2020-06-11 21:00:00+00:00,353.2214462077936,5,2020-06-08T00:00:00+00:00
2020-06-11 21:30:00+00:00,345.03929266793426,5,2020-06-08T00:00:00+00:00
2020-06-11 22:00:00+00:00,336.31848970436596,5,2020-06-08T00:00:00+00:00
2020-06-11 22:30:00+00:00,345.27526414475744,5,2020-06-08T00:00:00+00:00
2020-06-11 23:00:00+00:00,326.1475413084333,5,2020-06-08T00:00:00+00:00
2020-06-11 23:30:00+00:00,336.84510655115776,5,2020-06-08T00:00:00+00:00
2020-06-12 00:00:00+00:00,337.5300745273408,5,2020-06-08T00:00:00+00:00
2020-06-12 00:30:00+00:00,327.31477649127845,5,2020-06-08T00:00:00+00:00
2020-06-12 01:00:00+00:00,328.4834958323689,5,2020-06-08T00:00:00+00:00
2020-06-12 01:30:00+00:00,342.0405962855761,5,2020-06-08T00:00:00+00:00
2020-06-12 02:00:00+00:00,327.6796020328946,5,2020-06-08T00:00:00+00:00
2020-06-12 02:30:00+00:00,333.3890870188169,5,2020-06-08T00:00:00+00:00
2020-06-12 03:00:00+00:00,336.0027241473697,5,2020-06-08T00:00:00+00:00
2020-06-12 03:30:00+00:00,338.78065695988863,5,2020-06-08T00:00:00+00:00
2020-06-12 04:00:00+00:00,335.49751808009836,5,2020-06-08T00:00:00+00:00
2020-06-12 04:30:00+00:00,343.2825828628384,5,2020-06-08T00:00:00+00:00
2020-06-12 05:00:00+00:00,337.1089999767283,5,2020-06-08T00:00:00+00:00
2020-06-12 05:30:00+00:00,334.5216295168751,5,2020-06-08T00:00:00+00:00
2020-06-12 06:00:00+00:00,369.0851587961794,5,2020-06-08T00:00:00+00:00
2020-06-12 06:30:00+00:00,365.69704955921986,5,2020-06-08T00:00:00+00:00
2020-06-12 07:00:00+00:00,349.42189897428585,5,2020-06-08T00:00:00+00:00
2020-06-12 07:30:00+00:00,358.7975261330262,5,2020-06-08T00:00:00+00:00
2020-06-12 08:00:00+00:00,361.79587840451376,5,2020-06-08T00:00:00+00:00
2020-06-12 08:30:00+00:00,367.04007944539336,5,2020-06-08T00:00:00+00:00
2020-06-12 09:00:00+00:00,375.1936012232828,5,2020-06-08T00:00:00+00:00
2020-06-12 09:30:00+00:00,371.0558211243494,5,2020-06-08T00:00:00+00:00
2020-06-12 10:00:00+00:00,389.9368205460108,5,2020-06-08T00:00:00+00:00
2020-06-12 10:30:00+00:00,372.832868991721,5,2020-06-08T00:00:00+00:00
2020-06-12 11:00:00+00:00,374.77198907396325,5,2020-06-08T00:00:00+00:00
2020-06-12 11:30:00+00:00,385.50691466367573,5,2020-06-08T00:00:00+00:00
2020-06-12 12:00:00+00:00,395.95094749874823,5,2020-06-08T00:00:00+00:00
2020-06-12 12:30:00+00:00,367.3057757990568,5,2020-06-08T00:00:00+00:00
2020-06-12 13:00:00+00:00,392.4405573365955,5,2020-06-08T00:00:00+00:00
2020-06-12 13:30:00+00:00,388.43105981241456,5,2020-06-08T00:00:00+00:00
2020-06-12 14:00:00+00:00,392.60311047551386,5,2020-06-08T00:00:00+00:00
2020-06-12 14:30:00+00:00,394.61941025201446,5,2020-06-08T00:00:00+00:00
2020-06-12 15:00:00+00:00,380.6357058640029,5,2020-06-08T00:00:00+00:00
2020-06-12 15:30:00+00:00,390.64945780175054,5,2020-06-08T00:00:00+00:00
2020-06-12 16:00:00+00:00,380.8065044045858,5,2020-06-08T00:00:00+00:00
2020-06-12 16:30:00+00:00,379.3153463899554,5,2020-06-08T00:00:00+00:00
2020-06-12 17:00:00+00:00,369.9249844419042,5,2020-06-08T00:00:00+00:00
2020-06-12 17:30:00+00:00,367.6154143632129,5,2020-06-08T00:00:00+00:00
2020-06-12 18:00:00+00:00,377.8037644763139,5,2020-06-08T00:00:00+00:00
2020-06-12 18:30:00+00:00,361.967413291057,5,2020-06-08T00:00:00+00:00
2020-06-12 19:00:00+00:00,358.70596982781905,5,2020-06-08T00:00:00+00:00
2020-06-12 19:30:00+00:00,364.01613756793944,5,2020-06-08T00:00:00+00:00
2020-06-12 20:00:00+00:00,343.0047936564238,5,2020-06-08T00:00:00+00:00
2020-06-12 20:30:00+00:00,349.01406401881934,5,2020-06-08T00:00:00+00:00
2020-06-12 21:00:00+00:00,340.3876851586208,5,2020-06-08T00:00:00+00:00
2020-06-12 21:30:00+00:00,347.30487101148253,5,2020-06-08T00:00:00+00:00
2020-06-12 22:00:00+00:00,336.72411137790124,5,2020-06-08T00:00:00+00:00
2020-06-12 22:30:00+00:00,336.6972509424342,5,2020-06-08T00:00:00+00:00
2020-06-12 23:00:00+00:00,327.25752019169914,5,2020-06-08T00:00:00+00:00
2020-06-12 23:30:00+00:00,333.70242487712636,5,2020-06-08T00:00:00+00:00
2020-06-13 00:00:00+00:00,310.6698215935102,5,2020-06-08T00:00:00+00:00
2020-06-13 00:30:00+00:00,312.3700715215181,5,2020-06-08T00:00:00+00:00
2020-06-13 01:00:00+00:00,304.09532879567263,5,2020-06-08T00:00:00+00:00
2020-06-13 01:30:00+00:00,307.10549013235624,5,2020-06-08T00:00:00+00:00
2020-06-13 02:00:00+00:00,313.5268266960762,5,2020-06-08T00:00:00+00:00
2020-06-13 02:30:00+00:00,311.2326481546137,5,2020-06-08T00:00:00+00:00
2020-06-13 03:00:00+00:00,302.6826600874578,5,2020-06-08T00:00:00+00:00
2020-06-13 03:30:00+00:00,307.89543651874374,5,2020-06-08T00:00:00+00:00
2020-06-13 04:00:00+00:00,319.08848612755094,5,2020-06-08T00:00:00+00:00
2020-06-13 04:30:00+00:00,318.754559581162,5,2020-06-08T00:00:00+00:00
2020-06-13 05:00:00+00:00,334.38105077536216,5,2020-06-08T00:00:00+00:00
2020-06-13 05:30:00+00:00,324.0951223753215,5,2020-06-08T00:00:00+00:00
2020-06-13 06:00:00+00:00,322.7767416716181,5,2020-06-08T00:00:00+00:00
2020-06-13 06:30:00+00:00,325.2959578782769,5,2020-06-08T00:00:00+00:00
2020-06-13 07:00:00+00:00,338.74042721283644,5,2020-06-08T00:00:00+00:00
2020-06-13 07:30:00+00:00,332.42150052136793,5,2020-06-08T00:00:00+00:00
2020-06-13 08:00:00+00:00,343.3871610497639,5,2020-06-08T00:00:00+00:00
2020-06-13 08:30:00+00:00,340.9444445497371,5,2020-06-08T00:00:00+00:00
2020-06-13 09:00:00+00:00,352.2705402118012,5,2020-06-08T00:00:00+00:00
2020-06-13 09:30:00+00:00,354.17342625858885,5,2020-06-08T00:00:00+00:00
2020-06-13 10:00:00+00:00,357.58718485884214,5,2020-06-08T00:00:00+00:00
2020-06-13 10:30:00+00:00,366.550740493351,5,2020-06-08T00:00:00+00:00
2020-06-13 11:00:00+00:00,349.36566757960514,5,2020-06-08T00:00:00+00:00
2020-06-13 11:30:00+00:00,363.37700764061015,5,2020-06-08T00:00:00+00:00
2020-06-13 12:00:00+00:00,365.20570011271417,5,2020-06-08T00:00:00+00:00
2020-06-13 12:30:00+00:00,365.217233493104,5,2020-06-08T00:00:00+00:00
2020-06-13 13:00:00+00:00,358.68993343431987,5,2020-06-08T00:00:00+00:00
2020-06-13 13:30:00+00:00,361.0680204850447,5,2020-06-08T00:00:00+00:00
2020-06-13 14:00:00+00:00,375.95819972608643,5,2020-06-08T00:00:00+00:00
2020-06-13 14:30:00+00:00,370.45969448725725,5,2020-06-08T00:00:00+00:00
2020-06-13 15:00:00+00:00,365.6065246275782,5,2020-06-08T00:00:00+00:00
2020-06-13 15:30:00+00:00,368.690144678115,5,2020-06-08T00:00:00+00:00
2020-06-13 16:00:00+00:00,348.2485279687035,5,2020-06-08T00:00:00+00:00
2020-06-13 16:30:00+00:00,365.6086535885717,5,2020-06-08T00:00:00+00:00
2020-06-13 17:00:00+00:00,342.4128907561312,5,2020-06-08T00:00:00+00:00
2020-06-13 17:30:00+00:00,343.9269967569472,5,2020-06-08T00:00:00+00:00
2020-06-13 18:00:00+00:00,342.85704567084343,5,2020-06-08T00:00:00+00:00
2020-06-13 18:30:00+00:00,351.64226514896177,5,2020-06-08T00:00:00+00:00
2020-06-13 19:00:00+00:00,330.6123102168019,5,2020-06-08T00:00:00+00:00
2020-06-13 19:30:00+00:00,343.82350959949014,5,2020-06-08T00:00:00+00:00
2020-06-13 20:00:00+00:00,342.21562278287143,5,2020-06-08T00:00:00+00:00
2020-06-13 20:30:00+00:00,338.3533993761694,5,2020-06-08T00:00:00+00:00
2020-06-13 21:00:00+00:00,326.2923099825931,5,2020-06-08T00:00:00+00:00
2020-06-13 21:30:00+00:00,315.4252047933353,5,2020-06-08T00:00:00+00:00
2020-06-13 22:00:00+00:00,314.1384540776157,5,2020-06-08T00:00:00+00:00
2020-06-13 22:30:00+00:00,311.3835699373439,5,2020-06-08T00:00:00+00:00
2020-06-13 23:00:00+00:00,311.8241323601021,5,2020-06-08T00:00:00+00:00
2020-06-13 23:30:00+00:00,312.19945414975444,5,2020-06-08T00:00:00+00:00
2020-06-14 00:00:00+00:00,306.609557031628,5,2020-06-08T00:00:00+00:00
2020-06-14 00:30:00+00:00,322.0456189475458,5,2020-06-08T00:00:00+00:00
2020-06-14 01:00:00+00:00,320.94727685500925,5,2020-06-08T00:00:00+00:00
2020-06-14 01:30:00+00:00,312.03392179216195,5,2020-06-08T00:00:00+00:00
2020-06-14 02:00:00+00:00,311.2410814671252,5,2020-06-08T00:00:00+00:00
2020-06-14 02:30:00+00:00,315.95354384348525,5,2020-06-08T00:00:00+00:00
2020-06-14 03:00:00+00:00,314.5248463872248,5,2020-06-08T00:00:00+00:00
2020-06-14 03:30:00+00:00,297.1630989857415,5,2020-06-08T00:00:00+00:00
2020-06-14 04:00:00+00:00,316.1857865312619,5,2020-06-08T00:00:00+00:00
2020-06-14 04:30:00+00:00,318.54063674085927,5,2020-06-08T00:00:00+00:00
2020-06-14 05:00:00+00:00,329.942620991634,5,2020-06-08T00:00:00+00:00
2020-06-14 05:30:00+00:00,329.94896398530096,5,2020-06-08T00:00:00+00:00
2020-06-14 06:00:00+00:00,321.02537679881056,5,2020-06-08T00:00:00+00:00
2020-06-14 06:30:00+00:00,321.5714548962236,5,2020-06-08T00:00:00+00:00
2020-06-14 07:00:00+00:00,331.7373196433685,5,2020-06-08T00:00:00+00:00
2020-06-14 07:30:00+00:00,338.0386919910301,5,2020-06-08T00:00:00+00:00
2020-06-14 08:00:00+00:00,327.9923644554473,5,2020-06-08T00:00:00+00:00
2020-06-14 08:30:00+00:00,350.13694416596513,5,2020-06-08T00:00:00+00:00
2020-06-14 09:00:00+00:00,346.8465492128067,5,2020-06-08T00:00:00+00:00
2020-06-14 09:30:00+00:00,342.68178851118034,5,2020-06-08T00:00:00+00:00
2020-06-14 10:00:00+00:00,351.6878592907666,5,2020-06-08T00:00:00+00:00
2020-06-14 10:30:00+00:00,364.39925831822006,5,2020-06-08T00:00:00+00:00
2020-06-14 11:00:00+00:00,356.19850803872015,5,2020-06-08T00:00:00+00:00
2020-06-14 11:30:00+00:00,356.94011605971366,5,2020-06-08T00:00:00+00:00
2020-06-14 12:00:00+00:00,358.3345756311969,5,2020-06-08T00:00:00+00:00
2020-06-14 12:30:00+00:00,365.8356158202921,5,2020-06-08T00:00:00+00:00
2020-06-14 13:00:00+00:00,368.1942641212951,5,2020-06-08T00:00:00+00:00
2020-06-14 13:30:00+00:00,362.8439802748343,5,2020-06-08T00:00:00+00:00
2020-06-14 14:00:00+00:00,370.34180943917585,5,2020-06-08T00:00:00+00:00
2020-06-14 14:30:00+00:00,372.72213976537984,5,2020-06-08T00:00:00+00:00
2020-06-14 15:00:00+00:00,367.063858119807,5,2020-06-08T00:00:00+00:00
2020-06-14 15:30:00+00:00,365.0374222034199,5,2020-06-08T00:00:00+00:00
2020-06-14 16:00:00+00:00,356.13638314278893,5,2020-06-08T00:00:00+00:00
2020-06-14 16:30:00+00:00,354.37368418851327,5,2020-06-08T00:00:00+00:00
2020-06-14 17:00:00+00:00,362.0162955966783,5,2020-06-08T00:00:00+00:00
2020-06-14 17:30:00+00:00,349.73214290765037,5,2020-06-08T00:00:00+00:00
2020-06-14 18:00:00+00:00,344.6332480890421,5,2020-06-08T00:00:00+00:00
2020-06-14 18:30:00+00:00,360.175987915887,5,2020-06-08T00:00:00+00:00
2020-06-14 19:00:00+00:00,336.75481477395596,5,2020-06-08T00:00:00+00:00
2020-06-14 19:30:00+00:00,339.73202026290716,5,2020-06-08T00:00:00+00:00
2020-06-14 20:00:00+00:00,329.47396108980496,5,2020-06-08T00:00:00+00:00
2020-06-14 20:30:00+00:00,338.45063831799297,5,2020-06-08T00:00:00+00:00
2020-06-14 21:00:00+00:00,318.87737629170874,5,2020-06-08T00:00:00+00:00
2020-06-14 21:30:00+00:00,323.90732024299064,5,2020-06-08T00:00:00+00:00
2020-06-14 22:00:00+00:00,324.1009771164966,5,2020-06-08T00:00:00+00:00
2020-06-14 22:30:00+00:00,306.67768010106624,5,2020-06-08T00:00:00+00:00
2020-06-14 23:00:00+00:00,318.51930222208176,5,2020-06-08T00:00:00+00:00
2020-06-14 23:30:00+00:00,304.5047336806717,5,2020-06-08T00:00:00+00:00
2020-06-15 00:00:00+00:00,334.27792415788963,5,2020-06-08T00:00:00+00:00
2020-06-15 00:30:00+00:00,343.5229369546289,5,2020-06-08T00:00:00+00:00
2020-06-15 01:00:00+00:00,328.62902731673756,5,2020-06-08T00:00:00+00:00
2020-06-15 01:30:00+00:00,340.49137857796296,5,2020-06-08T00:00:00+00:00
2020-06-15 02:00:00+00:00,345.24492008278895,5,2020-06-08T00:00:00+00:00
2020-06-15 02:30:00+00:00,331.5807293624672,5,2020-06-08T00:00:00+00:00
2020-06-15 03:00:00+00:00,344.02591686471567,5,2020-06-08T00:00:00+00:00
2020-06-15 03:30:00+00:00,336.2652859712036,5,2020-06-08T00:00:00+00:00
2020-06-15 04:00:00+00:00,342.5944237600524,5,2020-06-08T00:00:00+00:00
2020-06-15 04:30:00+00:00,335.6117687688401,5,2020-06-08T00:00:00+00:00
2020-06-15 05:00:00+00:00,339.7457525871447,5,2020-06-08T00:00:00+00:00
2020-06-15 05:30:00+00:00,345.29777218482224,5,2020-06-08T00:00:00+00:00
2020-06-15 06:00:00+00:00,357.75055405051853,5,2020-06-08T00:00:00+00:00
2020-06-15 06:30:00+00:00,344.1113987604982,5,2020-06-08T00:00:00+00:00
2020-06-15 07:00:00+00:00,352.7484623983191,5,2020-06-08T00:00:00+00:00
2020-06-15 07:30:00+00:00,364.74323058497276,5,2020-06-08T00:00:00+00:00
2020-06-15 08:00:00+00:00,371.49373002758216,5,2020-06-08T00:00:00+00:00
2020-06-15 08:30:00+00:00,368.7122911416254,5,2020-06-08T00:00:00+00:00
2020-06-15 09:00:00+00:00,367.89214060503315,5,2020-06-08T00:00:00+00:00
2020-06-15 09:30:00+00:00,378.37785445159113,5,2020-06-08T00:00:00+00:00
2020-06-15 10:00:00+00:00,381.74046426332677,5,2020-06-08T00:00:00+00:00
2020-06-15 10:30:00+00:00,368.7388810814522,5,2020-06-08T00:00:00+00:00
2020-06-15 11:00:00+00:00,375.22757106355226,5,2020-06-08T00:00:00+00:00
2020-06-15 11:30:00+00:00,389.65505401329193,5,2020-06-08T00:00:00+00:00
2020-06-15 12:00:00+00:00,383.09920912582436,5,2020-06-08T00:00:00+00:00
2020-06-15 12:30:00+00:00,395.60603245442775,5,2020-06-08T00:00:00+00:00
2020-06-15 13:00:00+00:00,400.3422139918065,5,2020-06-08T00:00:00+00:00
2020-06-15 13:30:00+00:00,381.31435517558725,5,2020-06-08T00:00:00+00:00
2020-06-15 14:00:00+00:00,400.7859693043344,5,2020-06-08T00:00:00+00:00
2020-06-15 14:30:00+00:00,383.2276234554357,5,2020-06-08T00:00:00+00:00
2020-06-15 15:00:00+00:00,384.30658769583124,5,2020-06-08T00:00:00+00:00
2020-06-15 15:30:00+00:00,390.62436074583275,5,2020-06-08T00:00:00+00:00
2020-06-15 16:00:00+00:00,390.6651591838598,5,2020-06-08T00:00:00+00:00
2020-06-15 16:30:00+00:00,380.78880966653855,5,2020-06-08T00:00:00+00:00
2020-06-15 17:00:00+00:00,376.2312246709133,5,2020-06-08T00:00:00+00:00
2020-06-15 17:30:00+00:00,368.5352744006111,5,2020-06-08T00:00:00+00:00
2020-06-15 18:00:00+00:00,375.3419705262383,5,2020-06-08T00:00:00+00:00
2020-06-15 18:30:00+00:00,373.788141861263,5,2020-06-08T00:00:00+00:00
2020-06-15 19:00:00+00:00,366.6353851871512,5,2020-06-08T00:00:00+00:00
2020-06-15 19:30:00+00:00,350.04173412127756,5,2020-06-08T00:00:00+00:00
2020-06-15 20:00:00+00:00,358.27100724945865,5,2020-06-08T00:00:00+00:00
2020-06-15 20:30:00+00:00,357.78170180964287,5,2020-06-08T00:00:00+00:00
2020-06-15 21:00:00+00:00,354.67379387168967,5,2020-06-08T00:00:00+00:00
2020-06-15 21:30:00+00:00,330.3633811432107,5,2020-06-08T00:00:00+00:00
2020-06-15 22:00:00+00:00,345.90709068601865,5,2020-06-08T00:00:00+00:00
2020-06-15 22:30:00+00:00,334.7336659585357,5,2020-06-08T00:00:00+00:00
2020-06-15 23:00:00+00:00,336.0201247700705,5,2020-06-08T00:00:00+00:00
2020-06-15 23:30:00+00:00,334.819889524597,5,2020-06-08T00:00:00+00:00
2020-06-16 00:00:00+00:00,324.349653579115,5,2020-06-08T00:00:00+00:00
2020-06-16 00:30:00+00:00,337.7098662188796,5,2020-06-08T00:00:00+00:00
2020-06-16 01:00:00+00:00,348.0719998261607,5,2020-06-08T00:00:00+00:00
2020-06-16 01:30:00+00:00,343.1690894002069,5,2020-06-08T00:00:00+00:00
2020-06-16 02:00:00+00:00,340.61007594436956,5,2020-06-08T00:00:00+00:00
2020-06-16 02:30:00+00:00,338.3988830481764,5,2020-06-08T00:00:00+00:00
2020-06-16 03:00:00+00:00,336.364186509062,5,2020-06-08T00:00:00+00:00
2020-06-16 03:30:00+00:00,332.0416434155238,5,2020-06-08T00:00:00+00:00
2020-06-16 04:00:00+00:00,337.9471258563113,5,2020-06-08T00:00:00+00:00
2020-06-16 04:30:00+00:00,341.8495218863244,5,2020-06-08T00:00:00+00:00
2020-06-16 05:00:00+00:00,339.19830675477976,5,2020-06-08T00:00:00+00:00
2020-06-16 05:30:00+00:00,337.69632496247175,5,2020-06-08T00:00:00+00:00
2020-06-16 06:00:00+00:00,341.69539158059064,5,2020-06-08T00:00:00+00:00
2020-06-16 06:30:00+00:00,347.1108628795764,5,2020-06-08T00:00:00+00:00
2020-06-16 07:00:00+00:00,363.1196825245997,5,2020-06-08T00:00:00+00:00
2020-06-16 07:30:00+00:00,371.54027505854265,5,2020-06-08T00:00:00+00:00
2020-06-16 08:00:00+00:00,360.89050680698966,5,2020-06-08T00:00:00+00:00
2020-06-16 08:30:00+00:00,356.5951804684591,5,2020-06-08T00:00:00+00:00
2020-06-16 09:00:00+00:00,374.20471355165137,5,2020-06-08T00:00:00+00:00
2020-06-16 09:30:00+00:00,374.09335121209364,5,2020-06-08T00:00:00+00:00
2020-06-16 10:00:00+00:00,389.335953574755,5,2020-06-08T00:00:00+00:00
2020-06-16 10:30:00+00:00,378.1813062161971,5,2020-06-08T00:00:00+00:00
2020-06-16 11:00:00+00:00,391.747475654421,5,2020-06-08T00:00:00+00:00
2020-06-16 11:30:00+00:00,389.7910057315281,5,2020-06-08T00:00:00+00:00
2020-06-16 12:00:00+00:00,391.47971223354745,5,2020-06-08T00:00:00+00:00
2020-06-16 12:30:00+00:00,389.4365170846274,5,2020-06-08T00:00:00+00:00
2020-06-16 13:00:00+00:00,396.6626041531155,5,2020-06-08T00:00:00+00:00
2020-06-16 13:30:00+00:00,382.95389808513744,5,2020-06-08T00:00:00+00:00
2020-06-16 14:00:00+00:00,397.073139210826,5,2020-06-08T00:00:00+00:00
2020-06-16 14:30:00+00:00,386.623359141124,5,2020-06-08T00:00:00+00:00
2020-06-16 15:00:00+00:00,384.7932930018322,5,2020-06-08T00:00:00+00:00
2020-06-16 15:30:00+00:00,383.9665324931165,5,2020-06-08T00:00:00+00:00
2020-06-16 16:00:00+00:00,373.77605660586477,5,2020-06-08T00:00:00+00:00
2020-06-16 16:30:00+00:00,382.2374641996619,5,2020-06-08T00:00:00+00:00
2020-06-16 17:00:00+00:00,363.50473162623825,5,2020-06-08T00:00:00+00:00
2020-06-16 17:30:00+00:00,369.89590565653236,5,2020-06-08T00:00:00+00:00
2020-06-16 18:00:00+00:00,360.7173718444974,5,2020-06-08T00:00:00+00:00
2020-06-16 18:30:00+00:00,369.6257802398727,5,2020-06-08T00:00:00+00:00
2020-06-16 19:00:00+00:00,364.71268508910873,5,2020-06-08T00:00:00+00:00
2020-06-16 19:30:00+00:00,353.2539386838232,5,2020-06-08T00:00:00+00:00
2020-06-16 20:00:00+00:00,369.11405117897266,5,2020-06-08T00:00:00+00:00
2020-06-16 20:30:00+00:00,342.797432664267,5,2020-06-08T00:00:00+00:00
2020-06-16 21:00:00+00:00,346.58097041229877,5,2020-06-08T00:00:00+00:00
2020-06-16 21:30:00+00:00,342.0111426480298,5,2020-06-08T00:00:00+00:00
2020-06-16 22:00:00+00:00,344.1324970105815,5,2020-06-08T00:00:00+00:00
2020-06-16 22:30:00+00:00,342.98775642965694,5,2020-06-08T00:00:00+00:00
2020-06-16 23:00:00+00:00,334.0641475119055,5,2020-06-08T00:00:00+00:00
2020-06-15 00:00:00+00:00,330.80070028151573,6,2020-06-15T00:00:00+00:00
2020-06-15 00:30:00+00:00,342.4012157214926,6,2020-06-15T00:00:00+00:00
2020-06-15 01:00:00+00:00,333.34978581939214,6,2020-06-15T00:00:00+00:00
2020-06-15 01:30:00+00:00,341.8459057292265,6,2020-06-15T00:00:00+00:00
2020-06-15 02:00:00+00:00,334.089518954859,6,2020-06-15T00:00:00+00:00
2020-06-15 02:30:00+00:00,325.8237878134267,6,2020-06-15T00:00:00+00:00
2020-06-15 03:00:00+00:00,341.77443825174373,6,2020-06-15T00:00:00+00:00
2020-06-15 03:30:00+00:00,331.2755630423332,6,2020-06-15T00:00:00+00:00
2020-06-15 04:00:00+00:00,343.0968784639613,6,2020-06-15T00:00:00+00:00
2020-06-15 04:30:00+00:00,348.39193188430795,6,2020-06-15T00:00:00+00:00
2020-06-15 05:00:00+00:00,351.1385560353779,6,2020-06-15T00:00:00+00:00
2020-06-15 05:30:00+00:00,348.43953919290016,6,2020-06-15T00:00:00+00:00
2020-06-15 06:00:00+00:00,345.370835989235,6,2020-06-15T00:00:00+00:00
2020-06-15 06:30:00+00:00,352.4856742334808,6,2020-06-15T00:00:00+00:00
2020-06-15 07:00:00+00:00,354.7894261314529,6,2020-06-15T00:00:00+00:00
2020-06-15 07:30:00+00:00,369.3869493599536,6,2020-06-15T00:00:00+00:00
2020-06-15 08:00:00+00:00,371.2050951581173,6,2020-06-15T00:00:00+00:00
2020-06-15 08:30:00+00:00,373.27366016052304,6,2020-06-15T00:00:00+00:00
2020-06-15 09:00:00+00:00,381.75317374941824,6,2020-06-15T00:00:00+00:00
2020-06-15 09:30:00+00:00,376.98453409305625,6,2020-06-15T00:00:00+00:00
2020-06-15 10:00:00+00:00,376.7294707422502,6,2020-06-15T00:00:00+00:00
2020-06-15 10:30:00+00:00,379.2045485639898,6,2020-06-15T00:00:00+00:00
2020-06-15 11:00:00+00:00,383.63583022281585,6,2020-06-15T00:00:00+00:00
2020-06-15 11:30:00+00:00,379.5280294586833,6,2020-06-15T00:00:00+00:00
2020-06-15 12:00:00+00:00,387.97308082251993,6,2020-06-15T00:00:00+00:00
2020-06-15 12:30:00+00:00,381.3293645076132,6,2020-06-15T00:00:00+00:00
2020-06-15 13:00:00+00:00,388.84810000871505,6,2020-06-15T00:00:00+00:00
2020-06-15 13:30:00+00:00,386.09231586156056,6,2020-06-15T00:00:00+00:00
2020-06-15 14:00:00+00:00,386.9705978925588,6,2020-06-15T00:00:00+00:00
2020-06-15 14:30:00+00:00,403.82314173992216,6,2020-06-15T00:00:00+00:00
2020-06-15 15:00:00+00:00,381.2913847175024,6,2020-06-15T00:00:00+00:00
2020-06-15 15:30:00+00:00,390.3512437225718,6,2020-06-15T00:00:00+00:00
2020-06-15 16:00:00+00:00,371.61222176865266,6,2020-06-15T00:00:00+00:00
2020-06-15 16:30:00+00:00,383.1621954224712,6,2020-06-15T00:00:00+00:00
2020-06-15 17:00:00+00:00,379.9846490280381,6,2020-06-15T00:00:00+00:00
2020-06-15 17:30:00+00:00,375.86132571281803,6,2020-06-15T00:00:00+00:00
2020-06-15 18:00:00+00:00,366.80654826411387,6,2020-06-15T00:00:00+00:00
2020-06-15 18:30:00+00:00,370.9065985207917,6,2020-06-15T00:00:00+00:00
2020-06-15 19:00:00+00:00,367.61471978773466,6,2020-06-15T00:00:00+00:00
2020-06-15 19:30:00+00:00,377.29023582186693,6,2020-06-15T00:00:00+00:00
2020-06-15 20:00:00+00:00,344.5295665798497,6,2020-06-15T00:00:00+00:00
2020-06-15 20:30:00+00:00,355.43906767421436,6,2020-06-15T00:00:00+00:00
2020-06-15 21:00:00+00:00,355.15867367281,6,2020-06-15T00:00:00+00:00
2020-06-15 21:30:00+00:00,351.4830145220424,6,2020-06-15T00:00:00+00:00
2020-06-15 22:00:00+00:00,350.93180969877073,6,2020-06-15T00:00:00+00:00
2020-06-15 22:30:00+00:00,349.1291702384084,6,2020-06-15T00:00:00+00:00
2020-06-15 23:00:00+00:00,336.5683827918589,6,2020-06-15T00:00:00+00:00
2020-06-15 23:30:00+00:00,336.39142700010007,6,2020-06-15T00:00:00+00:00
2020-06-16 00:00:00+00:00,324.7984138289547,6,2020-06-15T00:00:00+00:00
2020-06-16 00:30:00+00:00,328.38502344399467,6,2020-06-15T00:00:00+00:00
2020-06-16 01:00:00+00:00,327.54033428608125,6,2020-06-15T00:00:00+00:00
2020-06-16 01:30:00+00:00,343.4543433504992,6,2020-06-15T00:00:00+00:00
2020-06-16 02:00:00+00:00,339.3679593562587,6,2020-06-15T00:00:00+00:00
2020-06-16 02:30:00+00:00,327.15690814867287,6,2020-06-15T00:00:00+00:00
2020-06-16 03:00:00+00:00,336.97184561747474,6,2020-06-15T00:00:00+00:00
2020-06-16 03:30:00+00:00,335.96060171631973,6,2020-06-15T00:00:00+00:00
2020-06-16 04:00:00+00:00,337.8960818100767,6,2020-06-15T00:00:00+00:00
2020-06-16 04:30:00+00:00,335.1689022838871,6,2020-06-15T00:00:00+00:00
2020-06-16 05:00:00+00:00,340.94477002619647,6,2020-06-15T00:00:00+00:00
2020-06-16 05:30:00+00:00,359.2590850218112,6,2020-06-15T00:00:00+00:00
2020-06-16 06:00:00+00:00,340.3219502153631,6,2020-06-15T00:00:00+00:00
2020-06-16 06:30:00+00:00,340.39636689017965,6,2020-06-15T00:00:00+00:00
2020-06-16 07:00:00+00:00,371.77527006691145,6,2020-06-15T00:00:00+00:00
2020-06-16 07:30:00+00:00,361.44663031995776,6,2020-06-15T00:00:00+00:00
2020-06-16 08:00:00+00:00,365.3975383401077,6,2020-06-15T00:00:00+00:00
2020-06-16 08:30:00+00:00,371.94661055097265,6,2020-06-15T00:00:00+00:00
2020-06-16 09:00:00+00:00,369.4372753300271,6,2020-06-15T00:00:00+00:00
2020-06-16 09:30:00+00:00,372.5046247601047,6,2020-06-15T00:00:00+00:00
2020-06-16 10:00:00+00:00,367.66917931366197,6,2020-06-15T00:00:00+00:00
2020-06-16 10:30:00+00:00,368.40820001694556,6,2020-06-15T00:00:00+00:00
2020-06-16 11:00:00+00:00,393.78616082131634,6,2020-06-15T00:00:00+00:00
2020-06-16 11:30:00+00:00,392.08488765979473,6,2020-06-15T00:00:00+00:00
2020-06-16 12:00:00+00:00,386.03552790026015,6,2020-06-15T00:00:00+00:00
2020-06-16 12:30:00+00:00,383.53634517800253,6,2020-06-15T00:00:00+00:00
2020-06-16 13:00:00+00:00,394.0861527072054,6,2020-06-15T00:00:00+00:00
2020-06-16 13:30:00+00:00,392.29875620963077,6,2020-06-15T00:00:00+00:00
2020-06-16 14:00:00+00:00,387.5626075452236,6,2020-06-15T00:00:00+00:00
2020-06-16 14:30:00+00:00,387.0854968542857,6,2020-06-15T00:00:00+00:00
2020-06-16 15:00:00+00:00,378.0100480402181,6,2020-06-15T00:00:00+00:00
2020-06-16 15:30:00+00:00,383.5871130313107,6,2020-06-15T00:00:00+00:00
2020-06-16 16:00:00+00:00,378.3905684344818,6,2020-06-15T00:00:00+00:00
2020-06-16 16:30:00+00:00,377.3678406168416,6,2020-06-15T00:00:00+00:00
2020-06-16 17:00:00+00:00,367.1613114613243,6,2020-06-15T00:00:00+00:00
2020-06-16 17:30:00+00:00,379.72483044986643,6,2020-06-15T00:00:00+00:00
2020-06-16 18:00:00+00:00,360.7476331121969,6,2020-06-15T00:00:00+00:00
2020-06-16 18:30:00+00:00,365.3863812990263,6,2020-06-15T00:00:00+00:00
2020-06-16 19:00:00+00:00,364.76705049668817,6,2020-06-15T00:00:00+00:00
2020-06-16 19:30:00+00:00,361.2763265181663,6,2020-06-15T00:00:00+00:00
2020-06-16 20:00:00+00:00,360.33411452289766,6,2020-06-15T00:00:00+00:00
2020-06-16 20:30:00+00:00,362.29600955063125,6,2020-06-15T00:00:00+00:00
2020-06-16 21:00:00+00:00,357.81162357708115,6,2020-06-15T00:00:00+00:00
2020-06-16 21:30:00+00:00,347.489587238191,6,2020-06-15T00:00:00+00:00
2020-06-16 22:00:00+00:00,338.4235199613314,6,2020-06-15T00:00:00+00:00
2020-06-16 22:30:00+00:00,339.0300821816703,6,2020-06-15T00:00:00+00:00
2020-06-16 23:00:00+00:00,332.9076812181731,6,2020-06-15T00:00:00+00:00
2020-06-16 23:30:00+00:00,329.95617688103124,6,2020-06-15T00:00:00+00:00
2020-06-17 00:00:00+00:00,344.6176651159208,6,2020-06-15T00:00:00+00:00
2020-06-17 00:30:00+00:00,336.6074423149361,6,2020-06-15T00:00:00+00:00
2020-06-17 01:00:00+00:00,341.5744786810158,6,2020-06-15T00:00:00+00:00
2020-06-17 01:30:00+00:00,342.8017098336733,6,2020-06-15T00:00:00+00:00
2020-06-17 02:00:00+00:00,330.2917287396865,6,2020-06-15T00:00:00+00:00
2020-06-17 02:30:00+00:00,332.1017757758205,6,2020-06-15T00:00:00+00:00
2020-06-17 03:00:00+00:00,328.8052576755498,6,2020-06-15T00:00:00+00:00
2020-06-17 03:30:00+00:00,335.5721560977269,6,2020-06-15T00:00:00+00:00
2020-06-17 04:00:00+00:00,334.88422676404576,6,2020-06-15T00:00:00+00:00
2020-06-17 04:30:00+00:00,358.7485823905475,6,2020-06-15T00:00:00+00:00
2020-06-17 05:00:00+00:00,347.35183099488245,6,2020-06-15T00:00:00+00:00
2020-06-17 05:30:00+00:00,339.0100847237748,6,2020-06-15T00:00:00+00:00
2020-06-17 06:00:00+00:00,353.0434802166802,6,2020-06-15T00:00:00+00:00
2020-06-17 06:30:00+00:00,360.4433456459315,6,2020-06-15T00:00:00+00:00
2020-06-17 07:00:00+00:00,363.22564796703125,6,2020-06-15T00:00:00+00:00
2020-06-17 07:30:00+00:00,345.25758293502764,6,2020-06-15T00:00:00+00:00
2020-06-17 08:00:00+00:00,385.4044639604157,6,2020-06-15T00:00:00+00:00
2020-06-17 08:30:00+00:00,371.27920445117303,6,2020-06-15T00:00:00+00:00
2020-06-17 09:00:00+00:00,370.8236898721509,6,2020-06-15T00:00:00+00:00
2020-06-17 09:30:00+00:00,369.15979270247334,6,2020-06-15T00:00:00+00:00
2020-06-17 10:00:00+00:00,375.80039397760817,6,2020-06-15T00:00:00+00:00
2020-06-17 10:30:00+00:00,378.83856968872055,6,2020-06-15T00:00:00+00:00
2020-06-17 11:00:00+00:00,389.7083370918495,6,2020-06-15T00:00:00+00:00
2020-06-17 11:30:00+00:00,389.91910606830197,6,2020-06-15T00:00:00+00:00
2020-06-17 12:00:00+00:00,389.6755312469434,6,2020-06-15T00:00:00+00:00
2020-06-17 12:30:00+00:00,383.57460252097366,6,2020-06-15T00:00:00+00:00
2020-06-17 13:00:00+00:00,396.6795345638041,6,2020-06-15T00:00:00+00:00
2020-06-17 13:30:00+00:00,390.25341908126757,6,2020-06-15T00:00:00+00:00
2020-06-17 14:00:00+00:00,386.4633997113994,6,2020-06-15T00:00:00+00:00
2020-06-17 14:30:00+00:00,369.70876210788674,6,2020-06-15T00:00:00+00:00
2020-06-17 15:00:00+00:00,386.662779484585,6,2020-06-15T00:00:00+00:00
2020-06-17 15:30:00+00:00,389.6884105306332,6,2020-06-15T00:00:00+00:00
2020-06-17 16:00:00+00:00,386.77171818206546,6,2020-06-15T00:00:00+00:00
2020-06-17 16:30:00+00:00,370.58795012807064,6,2020-06-15T00:00:00+00:00
2020-06-17 17:00:00+00:00,376.1276456182736,6,2020-06-15T00:00:00+00:00
2020-06-17 17:30:00+00:00,373.32117655298157,6,2020-06-15T00:00:00+00:00
2020-06-17 18:00:00+00:00,367.4373381162962,6,2020-06-15T00:00:00+00:00
2020-06-17 18:30:00+00:00,366.78821618297025,6,2020-06-15T00:00:00+00:00
2020-06-17 19:00:00+00:00,360.01710765698255,6,2020-06-15T00:00:00+00:00
2020-06-17 19:30:00+00:00,356.40412111543986,6,2020-06-15T00:00:00+00:00
2020-06-17 20:00:00+00:00,349.43463709383127,6,2020-06-15T00:00:00+00:00
2020-06-17 20:30:00+00:00,343.0126151990661,6,2020-06-15T00:00:00+00:00
2020-06-17 21:00:00+00:00,345.78229069483666,6,2020-06-15T00:00:00+00:00
2020-06-17 21:30:00+00:00,346.4853588776658,6,2020-06-15T00:00:00+00:00
2020-06-17 22:00:00+00:00,332.8561726365638,6,2020-06-15T00:00:00+00:00
2020-06-17 22:30:00+00:00,340.30687732289823,6,2020-06-15T00:00:00+00:00
2020-06-17 23:00:00+00:00,343.76302290522966,6,2020-06-15T00:00:00+00:00
2020-06-17 23:30:00+00:00,329.34657652989733,6,2020-06-15T00:00:00+00:00
2020-06-18 00:00:00+00:00,322.7591360013344,6,2020-06-15T00:00:00+00:00
2020-06-18 00:30:00+00:00,346.76126937842105,6,2020-06-15T00:00:00+00:00
2020-06-18 01:00:00+00:00,327.01857938848553,6,2020-06-15T00:00:00+00:00
2020-06-18 01:30:00+00:00,318.8168236446965,6,2020-06-15T00:00:00+00:00
2020-06-18 02:00:00+00:00,327.0590418545101,6,2020-06-15T00:00:00+00:00
2020-06-18 02:30:00+00:00,338.3900579665003,6,2020-06-15T00:00:00+00:00
2020-06-18 03:00:00+00:00,328.73077067000855,6,2020-06-15T00:00:00+00:00
2020-06-18 03:30:00+00:00,330.70135752656205,6,2020-06-15T00:00:00+00:00
2020-06-18 04:00:00+00:00,328.1805550634625,6,2020-06-15T00:00:00+00:00
2020-06-18 04:30:00+00:00,345.2888793611706,6,2020-06-15T00:00:00+00:00
2020-06-18 05:00:00+00:00,338.6434838311035,6,2020-06-15T00:00:00+00:00
2020-06-18 05:30:00+00:00,337.76057666780713,6,2020-06-15T00:00:00+00:00
2020-06-18 06:00:00+00:00,356.02086098690063,6,2020-06-15T00:00:00+00:00
2020-06-18 06:30:00+00:00,342.05462730285444,6,2020-06-15T00:00:00+00:00
2020-06-18 07:00:00+00:00,370.45885874132176,6,2020-06-15T00:00:00+00:00
2020-06-18 07:30:00+00:00,361.36938644197386,6,2020-06-15T00:00:00+00:00
2020-06-18 08:00:00+00:00,366.41484539555535,6,2020-06-15T00:00:00+00:00
2020-06-18 08:30:00+00:00,372.36364678874673,6,2020-06-15T00:00:00+00:00
2020-06-18 09:00:00+00:00,366.77389964103185,6,2020-06-15T00:00:00+00:00
2020-06-18 09:30:00+00:00,368.1140596672525,6,2020-06-15T00:00:00+00:00
2020-06-18 10:00:00+00:00,388.2787112281372,6,2020-06-15T00:00:00+00:00
2020-06-18 10:30:00+00:00,381.33672160752707,6,2020-06-15T00:00:00+00:00
2020-06-18 11:00:00+00:00,371.4295787138792,6,2020-06-15T00:00:00+00:00
2020-06-18 11:30:00+00:00,395.8338736094686,6,2020-06-15T00:00:00+00:00
2020-06-18 12:00:00+00:00,385.47621675812627,6,2020-06-15T00:00:00+00:00
2020-06-18 12:30:00+00:00,389.25728056889943,6,2020-06-15T00:00:00+00:00
2020-06-18 13:00:00+00:00,389.3616218836789,6,2020-06-15T00:00:00+00:00
2020-06-18 13:30:00+00:00,394.03403247418953,6,2020-06-15T00:00:00+00:00
2020-06-18 14:00:00+00:00,389.1524373237446,6,2020-06-15T00:00:00+00:00
2020-06-18 14:30:00+00:00,378.48116637925693,6,2020-06-15T00:00:00+00:00
2020-06-18 15:00:00+00:00,390.0219610764391,6,2020-06-15T00:00:00+00:00
2020-06-18 15:30:00+00:00,374.19723789474483,6,2020-06-15T00:00:00+00:00
2020-06-18 16:00:00+00:00,382.3129175594062,6,2020-06-15T00:00:00+00:00
2020-06-18 16:30:00+00:00,379.1813950778164,6,2020-06-15T00:00:00+00:00
2020-06-18 17:00:00+00:00,370.16006207409146,6,2020-06-15T00:00:00+00:00
2020-06-18 17:30:00+00:00,369.16418115425387,6,2020-06-15T00:00:00+00:00
2020-06-18 18:00:00+00:00,363.8657847679813,6,2020-06-15T00:00:00+00:00
2020-06-18 18:30:00+00:00,359.84664005104275,6,2020-06-15T00:00:00+00:00
2020-06-18 19:00:00+00:00,365.2558021326529,6,2020-06-15T00:00:00+00:00
2020-06-18 19:30:00+00:00,365.42684415962424,6,2020-06-15T00:00:00+00:00
2020-06-18 20:00:00+00:00,355.12998441465106,6,2020-06-15T00:00:00+00:00
2020-06-18 20:30:00+00:00,344.2067544767137,6,2020-06-15T00:00:00+00:00
2020-06-18 21:00:00+00:00,351.98943107084096,6,2020-06-15T00:00:00+00:00
2020-06-18 21:30:00+00:00,332.1941184376855,6,2020-06-15T00:00:00+00:00
2020-06-18 22:00:00+00:00,345.7618593482883,6,2020-06-15T00:00:00+00:00
2020-06-18 22:30:00+00:00,348.92544229616334,6,2020-06-15T00:00:00+00:00
2020-06-18 23:00:00+00:00,333.19238113015456,6,2020-06-15T00:00:00+00:00
2020-06-18 23:30:00+00:00,337.3879629520352,6,2020-06-15T00:00:00+00:00
2020-06-19 00:00:00+00:00,338.042900133001,6,2020-06-15T00:00:00+00:00
2020-06-19 00:30:00+00:00,337.1188136060528,6,2020-06-15T00:00:00+00:00
2020-06-19 01:00:00+00:00,322.2785551890645,6,2020-06-15T00:00:00+00:00
2020-06-19 01:30:00+00:00,335.1128243275467,6,2020-06-15T00:00:00+00:00
2020-06-19 02:00:00+00:00,331.386409790383,6,2020-06-15T00:00:00+00:00
2020-06-19 02:30:00+00:00,333.63806302056935,6,2020-06-15T00:00:00+00:00
2020-06-19 03:00:00+00:00,326.3251303733815,6,2020-06-15T00:00:00+00:00
2020-06-19 03:30:00+00:00,338.2067943663723,6,2020-06-15T00:00:00+00:00
2020-06-19 04:00:00+00:00,351.4857545808693,6,2020-06-15T00:00:00+00:00
2020-06-19 04:30:00+00:00,357.7534535907661,6,2020-06-15T00:00:00+00:00
2020-06-19 05:00:00+00:00,345.9712544460721,6,2020-06-15T00:00:00+00:00
2020-06-19 05:30:00+00:00,341.7178556658916,6,2020-06-15T00:00:00+00:00
2020-06-19 06:00:00+00:00,357.0962621058422,6,2020-06-15T00:00:00+00:00
2020-06-19 06:30:00+00:00,361.8023699336558,6,2020-06-15T00:00:00+00:00
2020-06-19 07:00:00+00:00,355.8674714438181,6,2020-06-15T00:00:00+00:00
2020-06-19 07:30:00+00:00,346.6602768229411,6,2020-06-15T00:00:00+00:00
2020-06-19 08:00:00+00:00,368.83438700696416,6,2020-06-15T00:00:00+00:00
2020-06-19 08:30:00+00:00,365.9251033969977,6,2020-06-15T00:00:00+00:00
2020-06-19 09:00:00+00:00,369.62450547594995,6,2020-06-15T00:00:00+00:00
2020-06-19 09:30:00+00:00,378.06730009074397,6,2020-06-15T00:00:00+00:00
2020-06-19 10:00:00+00:00,382.8165974112405,6,2020-06-15T00:00:00+00:00
2020-06-19 10:30:00+00:00,381.1817726614475,6,2020-06-15T00:00:00+00:00
2020-06-19 11:00:00+00:00,377.8761535045537,6,2020-06-15T00:00:00+00:00
2020-06-19 11:30:00+00:00,381.27636950635167,6,2020-06-15T00:00:00+00:00
2020-06-19 12:00:00+00:00,399.2488660351717,6,2020-06-15T00:00:00+00:00
2020-06-19 12:30:00+00:00,379.91503221012243,6,2020-06-15T00:00:00+00:00
2020-06-19 13:00:00+00:00,386.86133815529183,6,2020-06-15T00:00:00+00:00
2020-06-19 13:30:00+00:00,385.2183443163047,6,2020-06-15T00:00:00+00:00
2020-06-19 14:00:00+00:00,388.257752939709,6,2020-06-15T00:00:00+00:00
2020-06-19 14:30:00+00:00,377.58627145873834,6,2020-06-15T00:00:00+00:00
2020-06-19 15:00:00+00:00,385.91623936382297,6,2020-06-15T00:00:00+00:00
2020-06-19 15:30:00+00:00,386.1773902831922,6,2020-06-15T00:00:00+00:00
2020-06-19 16:00:00+00:00,388.18729320252703,6,2020-06-15T00:00:00+00:00
2020-06-19 16:30:00+00:00,389.46877221328805,6,2020-06-15T00:00:00+00:00
2020-06-19 17:00:00+00:00,365.2154091364099,6,2020-06-15T00:00:00+00:00
2020-06-19 17:30:00+00:00,360.1638038700948,6,2020-06-15T00:00:00+00:00
2020-06-19 18:00:00+00:00,367.54449197338107,6,2020-06-15T00:00:00+00:00
2020-06-19 18:30:00+00:00,363.68887763756794,6,2020-06-15T00:00:00+00:00
2020-06-19 19:00:00+00:00,353.9204306139982,6,2020-06-15T00:00:00+00:00
2020-06-19 19:30:00+00:00,351.7982038729523,6,2020-06-15T00:00:00+00:00
2020-06-19 20:00:00+00:00,347.72790439170745,6,2020-06-15T00:00:00+00:00
2020-06-19 20:30:00+00:00,361.72527020837157,6,2020-06-15T00:00:00+00:00
2020-06-19 21:00:00+00:00,343.2831208537731,6,2020-06-15T00:00:00+00:00
2020-06-19 21:30:00+00:00,360.7967090836179,6,2020-06-15T00:00:00+00:00
2020-06-19 22:00:00+00:00,333.8465359891473,6,2020-06-15T00:00:00+00:00
2020-06-19 22:30:00+00:00,343.535111815413,6,2020-06-15T00:00:00+00:00
2020-06-19 23:00:00+00:00,336.53741904342303,6,2020-06-15T00:00:00+00:00
2020-06-19 23:30:00+00:00,340.0934466136044,6,2020-06-15T00:00:00+00:00
2020-06-20 00:00:00+00:00,323.7501817994518,6,2020-06-15T00:00:00+00:00
2020-06-20 00:30:00+00:00,314.1835151849089,6,2020-06-15T00:00:00+00:00
2020-06-20 01:00:00+00:00,318.69762196262076,6,2020-06-15T00:00:00+00:00
2020-06-20 01:30:00+00:00,312.4466609763263,6,2020-06-15T00:00:00+00:00
2020-06-20 02:00:00+00:00,308.86324983699274,6,2020-06-15T00:00:00+00:00
2020-06-20 02:30:00+00:00,311.89287398968986,6,2020-06-15T00:00:00+00:00
2020-06-20 03:00:00+00:00,308.1811396534155,6,2020-06-15T00:00:00+00:00
2020-06-20 03:30:00+00:00,314.4947315933042,6,2020-06-15T00:00:00+00:00
2020-06-20 04:00:00+00:00,324.9908056837157,6,2020-06-15T00:00:00+00:00
2020-06-20 04:30:00+00:00,314.126125747252,6,2020-06-15T00:00:00+00:00
2020-06-20 05:00:00+00:00,337.80538560759004,6,2020-06-15T00:00:00+00:00
2020-06-20 05:30:00+00:00,306.6086695583391,6,2020-06-15T00:00:00+00:00
2020-06-20 06:00:00+00:00,335.18287867591437,6,2020-06-15T00:00:00+00:00
2020-06-20 06:30:00+00:00,330.4761916442523,6,2020-06-15T00:00:00+00:00
2020-06-20 07:00:00+00:00,334.0004302186713,6,2020-06-15T00:00:00+00:00
2020-06-20 07:30:00+00:00,334.13985676077044,6,2020-06-15T00:00:00+00:00
2020-06-20 08:00:00+00:00,350.9608349988979,6,2020-06-15T00:00:00+00:00
2020-06-20 08:30:00+00:00,346.618548838368,6,2020-06-15T00:00:00+00:00
2020-06-20 09:00:00+00:00,358.0174855388199,6,2020-06-15T00:00:00+00:00
2020-06-20 09:30:00+00:00,363.75088906656555,6,2020-06-15T00:00:00+00:00
2020-06-20 10:00:00+00:00,343.25659958950223,6,2020-06-15T00:00:00+00:00
2020-06-20 10:30:00+00:00,341.18143662643473,6,2020-06-15T00:00:00+00:00
2020-06-20 11:00:00+00:00,355.5298526691833,6,2020-06-15T00:00:00+00:00
2020-06-20 11:30:00+00:00,363.3546096295696,6,2020-06-15T00:00:00+00:00
2020-06-20 12:00:00+00:00,363.9424275532226,6,2020-06-15T00:00:00+00:00
2020-06-20 12:30:00+00:00,355.11297573191786,6,2020-06-15T00:00:00+00:00
2020-06-20 13:00:00+00:00,362.232815226384,6,2020-06-15T00:00:00+00:00
2020-06-20 13:30:00+00:00,364.0911550995336,6,2020-06-15T00:00:00+00:00
2020-06-20 14:00:00+00:00,364.0344993198186,6,2020-06-15T00:00:00+00:00
2020-06-20 14:30:00+00:00,359.59447249876905,6,2020-06-15T00:00:00+00:00
2020-06-20 15:00:00+00:00,372.1954444128036,6,2020-06-15T00:00:00+00:00
2020-06-20 15:30:00+00:00,346.8470030471293,6,2020-06-15T00:00:00+00:00
2020-06-20 16:00:00+00:00,356.6481877461724,6,2020-06-15T00:00:00+00:00
2020-06-20 16:30:00+00:00,354.21834969635427,6,2020-06-15T00:00:00+00:00
2020-06-20 17:00:00+00:00,345.27716389863787,6,2020-06-15T00:00:00+00:00
2020-06-20 17:30:00+00:00,342.2379945897849,6,2020-06-15T00:00:00+00:00
2020-06-20 18:00:00+00:00,332.8748255869125,6,2020-06-15T00:00:00+00:00
2020-06-20 18:30:00+00:00,344.2564580718973,6,2020-06-15T00:00:00+00:00
2020-06-20 19:00:00+00:00,329.8912908634221,6,2020-06-15T00:00:00+00:00
2020-06-20 19:30:00+00:00,329.44008921683513,6,2020-06-15T00:00:00+00:00
2020-06-20 20:00:00+00:00,319.17417871791605,6,2020-06-15T00:00:00+00:00
2020-06-20 20:30:00+00:00,326.45997168252063,6,2020-06-15T00:00:00+00:00
2020-06-20 21:00:00+00:00,315.96717731278693,6,2020-06-15T00:00:00+00:00
2020-06-20 21:30:00+00:00,332.7281148426055,6,2020-06-15T00:00:00+00:00
2020-06-20 22:00:00+00:00,313.9505460889382,6,2020-06-15T00:00:00+00:00
2020-06-20 22:30:00+00:00,312.7705320546362,6,2020-06-15T00:00:00+00:00
2020-06-20 23:00:00+00:00,315.2465993924222,6,2020-06-15T00:00:00+00:00
2020-06-20 23:30:00+00:00,304.84706744641716,6,2020-06-15T00:00:00+00:00
2020-06-21 00:00:00+00:00,312.6820092721114,6,2020-06-15T00:00:00+00:00
2020-06-21 00:30:00+00:00,312.0969092320984,6,2020-06-15T00:00:00+00:00
2020-06-21 01:00:00+00:00,306.5104834839232,6,2020-06-15T00:00:00+00:00
2020-06-21 01:30:00+00:00,305.09380350565897,6,2020-06-15T00:00:00+00:00
2020-06-21 02:00:00+00:00,308.9777247426995,6,2020-06-15T00:00:00+00:00
2020-06-21 02:30:00+00:00,314.0105443518229,6,2020-06-15T00:00:00+00:00
2020-06-21 03:00:00+00:00,320.7641920461087,6,2020-06-15T00:00:00+00:00
2020-06-21 03:30:00+00:00,303.1621249629249,6,2020-06-15T00:00:00+00:00
2020-06-21 04:00:00+00:00,317.28022775163674,6,2020-06-15T00:00:00+00:00
2020-06-21 04:30:00+00:00,319.7693481092191,6,2020-06-15T00:00:00+00:00
2020-06-21 05:00:00+00:00,320.3981534620225,6,2020-06-15T00:00:00+00:00
2020-06-21 05:30:00+00:00,330.0421705392838,6,2020-06-15T00:00:00+00:00
2020-06-21 06:00:00+00:00,326.62959933669384,6,2020-06-15T00:00:00+00:00
2020-06-21 06:30:00+00:00,324.30479164765677,6,2020-06-15T00:00:00+00:00
2020-06-21 07:00:00+00:00,330.16497599143383,6,2020-06-15T00:00:00+00:00
2020-06-21 07:30:00+00:00,322.4140156045478,6,2020-06-15T00:00:00+00:00
2020-06-21 08:00:00+00:00,353.13786124766176,6,2020-06-15T00:00:00+00:00
2020-06-21 08:30:00+00:00,339.30509765220967,6,2020-06-15T00:00:00+00:00
2020-06-21 09:00:00+00:00,360.14067240276995,6,2020-06-15T00:00:00+00:00
2020-06-21 09:30:00+00:00,357.28964721610515,6,2020-06-15T00:00:00+00:00
2020-06-21 10:00:00+00:00,352.4038771330527,6,2020-06-15T00:00:00+00:00
2020-06-21 10:30:00+00:00,361.5652753813028,6,2020-06-15T00:00:00+00:00
2020-06-21 11:00:00+00:00,351.067400858964,6,2020-06-15T00:00:00+00:00
2020-06-21 11:30:00+00:00,350.22277332222177,6,2020-06-15T00:00:00+00:00
2020-06-21 12:00:00+00:00,369.5965815573002,6,2020-06-15T00:00:00+00:00
2020-06-21 12:30:00+00:00,360.1697923101655,6,2020-06-15T00:00:00+00:00
2020-06-21 13:00:00+00:00,366.1731132808115,6,2020-06-15T00:00:00+00:00
2020-06-21 13:30:00+00:00,360.89754362147016,6,2020-06-15T00:00:00+00:00
2020-06-21 14:00:00+00:00,368.3425337451121,6,2020-06-15T00:00:00+00:00
2020-06-21 14:30:00+00:00,359.83616823113636,6,2020-06-15T00:00:00+00:00
2020-06-21 15:00:00+00:00,365.9728304726463,6,2020-06-15T00:00:00+00:00
2020-06-21 15:30:00+00:00,373.40969295309054,6,2020-06-15T00:00:00+00:00
2020-06-21 16:00:00+00:00,361.66906014124595,6,2020-06-15T00:00:00+00:00
2020-06-21 16:30:00+00:00,361.7785662653219,6,2020-06-15T00:00:00+00:00
2020-06-21 17:00:00+00:00,348.48727308715945,6,2020-06-15T00:00:00+00:00
2020-06-21 17:30:00+00:00,340.85742549252905,6,2020-06-15T00:00:00+00:00
2020-06-21 18:00:00+00:00,340.25264958237807,6,2020-06-15T00:00:00+00:00
2020-06-21 18:30:00+00:00,334.4016873309232,6,2020-06-15T00:00:00+00:00
2020-06-21 19:00:00+00:00,334.7989933884113,6,2020-06-15T00:00:00+00:00
2020-06-21 19:30:00+00:00,348.32747853850907,6,2020-06-15T00:00:00+00:00
2020-06-21 20:00:00+00:00,339.6839975340762,6,2020-06-15T00:00:00+00:00
2020-06-21 20:30:00+00:00,331.80907272762954,6,2020-06-15T00:00:00+00:00
2020-06-21 21:00:00+00:00,323.2611823687882,6,2020-06-15T00:00:00+00:00
2020-06-21 21:30:00+00:00,324.64710881196913,6,2020-06-15T00:00:00+00:00
2020-06-21 22:00:00+00:00,319.05491597449213,6,2020-06-15T00:00:00+00:00
2020-06-21 22:30:00+00:00,319.1441238654888,6,2020-06-15T00:00:00+00:00
2020-06-21 23:00:00+00:00,317.6975142683923,6,2020-06-15T00:00:00+00:00
2020-06-21 23:30:00+00:00,324.2699540252425,6,2020-06-15T00:00:00+00:00
2020-06-22 00:00:00+00:00,322.5135948229308,6,2020-06-15T00:00:00+00:00
2020-06-22 00:30:00+00:00,316.80901938517184,6,2020-06-15T00:00:00+00:00
2020-06-22 01:00:00+00:00,332.13600931012314,6,2020-06-15T00:00:00+00:00
2020-06-22 01:30:00+00:00,321.904132573223,6,2020-06-15T00:00:00+00:00
2020-06-22 02:00:00+00:00,328.8357736115408,6,2020-06-15T00:00:00+00:00
2020-06-22 02:30:00+00:00,336.17368150217726,6,2020-06-15T00:00:00+00:00
2020-06-22 03:00:00+00:00,334.9597792098784,6,2020-06-15T00:00:00+00:00
2020-06-22 03:30:00+00:00,339.2529380859625,6,2020-06-15T00:00:00+00:00
2020-06-22 04:00:00+00:00,339.10229401851427,6,2020-06-15T00:00:00+00:00
2020-06-22 04:30:00+00:00,329.7837676891586,6,2020-06-15T00:00:00+00:00
2020-06-22 05:00:00+00:00,345.8337135215261,6,2020-06-15T00:00:00+00:00
2020-06-22 05:30:00+00:00,352.11975871522213,6,2020-06-15T00:00:00+00:00
2020-06-22 06:00:00+00:00,353.4483232501297,6,2020-06-15T00:00:00+00:00
2020-06-22 06:30:00+00:00,339.72545975586297,6,2020-06-15T00:00:00+00:00
2020-06-22 07:00:00+00:00,364.90294102371774,6,2020-06-15T00:00:00+00:00
2020-06-22 07:30:00+00:00,363.66354913542307,6,2020-06-15T00:00:00+00:00
2020-06-22 08:00:00+00:00,369.1208979957225,6,2020-06-15T00:00:00+00:00
2020-06-22 08:30:00+00:00,369.30649343614147,6,2020-06-15T00:00:00+00:00
2020-06-22 09:00:00+00:00,367.16339105541283,6,2020-06-15T00:00:00+00:00
2020-06-22 09:30:00+00:00,373.21832440108716,6,2020-06-15T00:00:00+00:00
2020-06-22 10:00:00+00:00,382.00518719959973,6,2020-06-15T00:00:00+00:00
2020-06-22 10:30:00+00:00,382.90128210608435,6,2020-06-15T00:00:00+00:00
2020-06-22 11:00:00+00:00,386.67328342104275,6,2020-06-15T00:00:00+00:00
2020-06-22 11:30:00+00:00,385.9053583133061,6,2020-06-15T00:00:00+00:00
2020-06-22 12:00:00+00:00,380.90416401577374,6,2020-06-15T00:00:00+00:00
2020-06-22 12:30:00+00:00,379.0668921057247,6,2020-06-15T00:00:00+00:00
2020-06-22 13:00:00+00:00,389.1790863422289,6,2020-06-15T00:00:00+00:00
2020-06-22 13:30:00+00:00,384.7316780618482,6,2020-06-15T00:00:00+00:00
2020-06-22 14:00:00+00:00,387.81322070287507,6,2020-06-15T00:00:00+00:00
2020-06-22 14:30:00+00:00,376.96934960514915,6,2020-06-15T00:00:00+00:00
2020-06-22 15:00:00+00:00,377.9183784362611,6,2020-06-15T00:00:00+00:00
2020-06-22 15:30:00+00:00,389.25237162464776,6,2020-06-15T00:00:00+00:00
2020-06-22 16:00:00+00:00,387.883842376428,6,2020-06-15T00:00:00+00:00
2020-06-22 16:30:00+00:00,378.96952858800097,6,2020-06-15T00:00:00+00:00
2020-06-22 17:00:00+00:00,371.4882653337495,6,2020-06-15T00:00:00+00:00
2020-06-22 17:30:00+00:00,364.0375017967803,6,2020-06-15T00:00:00+00:00
2020-06-22 18:00:00+00:00,369.5539434820044,6,2020-06-15T00:00:00+00:00
2020-06-22 18:30:00+00:00,378.5846443066318,6,2020-06-15T00:00:00+00:00
2020-06-22 19:00:00+00:00,356.2724069199041,6,2020-06-15T00:00:00+00:00
2020-06-22 19:30:00+00:00,373.6107671692306,6,2020-06-15T00:00:00+00:00
2020-06-22 20:00:00+00:00,353.34168500268635,6,2020-06-15T00:00:00+00:00
2020-06-22 20:30:00+00:00,345.4559159926152,6,2020-06-15T00:00:00+00:00
2020-06-22 21:00:00+00:00,345.31034525395586,6,2020-06-15T00:00:00+00:00
2020-06-22 21:30:00+00:00,348.75715624311255,6,2020-06-15T00:00:00+00:00
2020-06-22 22:00:00+00:00,328.34384620570296,6,2020-06-15T00:00:00+00:00
2020-06-22 22:30:00+00:00,334.97294354759447,6,2020-06-15T00:00:00+00:00
2020-06-22 23:00:00+00:00,333.7167406825436,6,2020-06-15T00:00:00+00:00
2020-06-22 23:30:00+00:00,340.0332759440683,6,2020-06-15T00:00:00+00:00
2020-06-23 00:00:00+00:00,335.8717883669742,6,2020-06-15T00:00:00+00:00
2020-06-23 00:30:00+00:00,336.48609095172736,6,2020-06-15T00:00:00+00:00
2020-06-23 01:00:00+00:00,334.1889808620362,6,2020-06-15T00:00:00+00:00
2020-06-23 01:30:00+00:00,338.57163895495694,6,2020-06-15T00:00:00+00:00
2020-06-23 02:00:00+00:00,335.5864213602652,6,2020-06-15T00:00:00+00:00
2020-06-23 02:30:00+00:00,338.8307501275186,6,2020-06-15T00:00:00+00:00
2020-06-23 03:00:00+00:00,338.71102592192864,6,2020-06-15T00:00:00+00:00
2020-06-23 03:30:00+00:00,340.73430359210687,6,2020-06-15T00:00:00+00:00
2020-06-23 04:00:00+00:00,338.6771294540619,6,2020-06-15T00:00:00+00:00
2020-06-23 04:30:00+00:00,342.36616286063975,6,2020-06-15T00:00:00+00:00
2020-06-23 05:00:00+00:00,341.34742445583635,6,2020-06-15T00:00:00+00:00
2020-06-23 05:30:00+00:00,351.0779149815281,6,2020-06-15T00:00:00+00:00
2020-06-23 06:00:00+00:00,354.8432365995534,6,2020-06-15T00:00:00+00:00
2020-06-23 06:30:00+00:00,352.0106918290995,6,2020-06-15T00:00:00+00:00
2020-06-23 07:00:00+00:00,361.635396153957,6,2020-06-15T00:00:00+00:00
2020-06-23 07:30:00+00:00,365.93829581287935,6,2020-06-15T00:00:00+00:00
2020-06-23 08:00:00+00:00,370.8767674784591,6,2020-06-15T00:00:00+00:00
2020-06-23 08:30:00+00:00,367.54590376138736,6,2020-06-15T00:00:00+00:00
2020-06-23 09:00:00+00:00,387.6941031707197,6,2020-06-15T00:00:00+00:00
2020-06-23 09:30:00+00:00,373.99118395990257,6,2020-06-15T00:00:00+00:00
2020-06-23 10:00:00+00:00,379.2246290106245,6,2020-06-15T00:00:00+00:00
2020-06-23 10:30:00+00:00,369.95177001026747,6,2020-06-15T00:00:00+00:00
2020-06-23 11:00:00+00:00,386.2072515265393,6,2020-06-15T00:00:00+00:00
2020-06-23 11:30:00+00:00,379.8579387242501,6,2020-06-15T00:00:00+00:00
2020-06-23 12:00:00+00:00,387.04747490317567,6,2020-06-15T00:00:00+00:00
2020-06-23 12:30:00+00:00,391.33019260513936,6,2020-06-15T00:00:00+00:00
2020-06-23 13:00:00+00:00,385.2521582709977,6,2020-06-15T00:00:00+00:00
2020-06-23 13:30:00+00:00,388.84169168774497,6,2020-06-15T00:00:00+00:00
2020-06-23 14:00:00+00:00,388.67359343503915,6,2020-06-15T00:00:00+00:00
2020-06-23 14:30:00+00:00,388.26224621629285,6,2020-06-15T00:00:00+00:00
2020-06-23 15:00:00+00:00,401.2972372703799,6,2020-06-15T00:00:00+00:00
2020-06-23 15:30:00+00:00,376.9138456574624,6,2020-06-15T00:00:00+00:00
2020-06-23 16:00:00+00:00,387.1148534933225,6,2020-06-15T00:00:00+00:00
2020-06-23 16:30:00+00:00,388.9145926849446,6,2020-06-15T00:00:00+00:00
2020-06-23 17:00:00+00:00,374.9935438050255,6,2020-06-15T00:00:00+00:00
2020-06-23 17:30:00+00:00,376.6015550005216,6,2020-06-15T00:00:00+00:00
2020-06-23 18:00:00+00:00,373.59859122343624,6,2020-06-15T00:00:00+00:00
2020-06-23 18:30:00+00:00,365.53251789773475,6,2020-06-15T00:00:00+00:00
2020-06-23 19:00:00+00:00,362.7018992363292,6,2020-06-15T00:00:00+00:00
2020-06-23 19:30:00+00:00,348.1638626961978,6,2020-06-15T00:00:00+00:00
2020-06-23 20:00:00+00:00,349.5232494948106,6,2020-06-15T00:00:00+00:00
2020-06-23 20:30:00+00:00,353.2749339616877,6,2020-06-15T00:00:00+00:00
2020-06-23 21:00:00+00:00,350.6167621357228,6,2020-06-15T00:00:00+00:00
2020-06-23 21:30:00+00:00,354.4895637836952,6,2020-06-15T00:00:00+00:00
2020-06-23 22:00:00+00:00,335.9677004655013,6,2020-06-15T00:00:00+00:00
2020-06-22 00:00:00+00:00,336.94866895896723,7,2020-06-22T00:00:00+00:00
2020-06-22 00:30:00+00:00,342.632333857892,7,2020-06-22T00:00:00+00:00
2020-06-22 01:00:00+00:00,333.67197630620063,7,2020-06-22T00:00:00+00:00
2020-06-22 01:30:00+00:00,321.36443635605224,7,2020-06-22T00:00:00+00:00
2020-06-22 02:00:00+00:00,333.79522082701016,7,2020-06-22T00:00:00+00:00
2020-06-22 02:30:00+00:00,333.7173628265533,7,2020-06-22T00:00:00+00:00
2020-06-22 03:00:00+00:00,331.635255580621,7,2020-06-22T00:00:00+00:00
2020-06-22 03:30:00+00:00,324.28635398630934,7,2020-06-22T00:00:00+00:00
2020-06-22 04:00:00+00:00,339.7094677769776,7,2020-06-22T00:00:00+00:00
2020-06-22 04:30:00+00:00,326.78739504897686,7,2020-06-22T00:00:00+00:00
2020-06-22 05:00:00+00:00,344.8241751731972,7,2020-06-22T00:00:00+00:00
2020-06-22 05:30:00+00:00,345.887222420359,7,2020-06-22T00:00:00+00:00
2020-06-22 06:00:00+00:00,369.8240075560168,7,2020-06-22T00:00:00+00:00
2020-06-22 06:30:00+00:00,360.41735405735454,7,2020-06-22T00:00:00+00:00
2020-06-22 07:00:00+00:00,366.23307099894276,7,2020-06-22T00:00:00+00:00
2020-06-22 07:30:00+00:00,363.51730516898715,7,2020-06-22T00:00:00+00:00
2020-06-22 08:00:00+00:00,365.61288644126074,7,2020-06-22T00:00:00+00:00
2020-06-22 08:30:00+00:00,365.2649742421542,7,2020-06-22T00:00:00+00:00
2020-06-22 09:00:00+00:00,370.17909915757133,7,2020-06-22T00:00:00+00:00
2020-06-22 09:30:00+00:00,379.7126092861234,7,2020-06-22T00:00:00+00:00
2020-06-22 10:00:00+00:00,389.5871905524246,7,2020-06-22T00:00:00+00:00
2020-06-22 10:30:00+00:00,377.58512027966265,7,2020-06-22T00:00:00+00:00
2020-06-22 11:00:00+00:00,383.6340955731616,7,2020-06-22T00:00:00+00:00
2020-06-22 11:30:00+00:00,389.3392733576942,7,2020-06-22T00:00:00+00:00
2020-06-22 12:00:00+00:00,397.24271984758104,7,2020-06-22T00:00:00+00:00
2020-06-22 12:30:00+00:00,397.7463579080703,7,2020-06-22T00:00:00+00:00
2020-06-22 13:00:00+00:00,403.4127914893335,7,2020-06-22T00:00:00+00:00
2020-06-22 13:30:00+00:00,393.0826261211008,7,2020-06-22T00:00:00+00:00
2020-06-22 14:00:00+00:00,392.54567866111705,7,2020-06-22T00:00:00+00:00
2020-06-22 14:30:00+00:00,395.95122390377355,7,2020-06-22T00:00:00+00:00
2020-06-22 15:00:00+00:00,379.2570602386146,7,2020-06-22T00:00:00+00:00
2020-06-22 15:30:00+00:00,390.1508440859454,7,2020-06-22T00:00:00+00:00
2020-06-22 16:00:00+00:00,380.80397954528803,7,2020-06-22T00:00:00+00:00
2020-06-22 16:30:00+00:00,386.3513751931665,7,2020-06-22T00:00:00+00:00
2020-06-22 17:00:00+00:00,373.81019782398454,7,2020-06-22T00:00:00+00:00
2020-06-22 17:30:00+00:00,374.58095759212534,7,2020-06-22T00:00:00+00:00
2020-06-22 18:00:00+00:00,363.11053194555444,7,2020-06-22T00:00:00+00:00
2020-06-22 18:30:00+00:00,375.84328154265063,7,2020-06-22T00:00:00+00:00
2020-06-22 19:00:00+00:00,365.1481678052654,7,2020-06-22T00:00:00+00:00
2020-06-22 19:30:00+00:00,365.0411885486356,7,2020-06-22T00:00:00+00:00
2020-06-22 20:00:00+00:00,347.3661314998159,7,2020-06-22T00:00:00+00:00
2020-06-22 20:30:00+00:00,352.9504729401512,7,2020-06-22T00:00:00+00:00
2020-06-22 21:00:00+00:00,354.89921052594826,7,2020-06-22T00:00:00+00:00
2020-06-22 21:30:00+00:00,357.4131983209031,7,2020-06-22T00:00:00+00:00
2020-06-22 22:00:00+00:00,346.7219660787951,7,2020-06-22T00:00:00+00:00
2020-06-22 22:30:00+00:00,337.2653763531327,7,2020-06-22T00:00:00+00:00
2020-06-22 23:00:00+00:00,341.9664466546296,7,2020-06-22T00:00:00+00:00
2020-06-22 23:30:00+00:00,343.2554044229237,7,2020-06-22T00:00:00+00:00
2020-06-23 00:00:00+00:00,329.54709982066703,7,2020-06-22T00:00:00+00:00
2020-06-23 00:30:00+00:00,332.589056355854,7,2020-06-22T00:00:00+00:00
2020-06-23 01:00:00+00:00,335.9975532716129,7,2020-06-22T00:00:00+00:00
2020-06-23 01:30:00+00:00,340.70394338994384,7,2020-06-22T00:00:00+00:00
2020-06-23 02:00:00+00:00,334.06056264309154,7,2020-06-22T00:00:00+00:00
2020-06-23 02:30:00+00:00,322.44578924621123,7,2020-06-22T00:00:00+00:00
2020-06-23 03:00:00+00:00,333.99617976536985,7,2020-06-22T00:00:00+00:00
2020-06-23 03:30:00+00:00,342.38824254632647,7,2020-06-22T00:00:00+00:00
2020-06-23 04:00:00+00:00,338.8849874119729,7,2020-06-22T00:00:00+00:00
2020-06-23 04:30:00+00:00,337.3584219294602,7,2020-06-22T00:00:00+00:00
2020-06-23 05:00:00+00:00,341.47618136205904,7,2020-06-22T00:00:00+00:00
2020-06-23 05:30:00+00:00,343.02475848529343,7,2020-06-22T00:00:00+00:00
2020-06-23 06:00:00+00:00,350.8884040389758,7,2020-06-22T00:00:00+00:00
2020-06-23 06:30:00+00:00,355.6248642003259,7,2020-06-22T00:00:00+00:00
2020-06-23 07:00:00+00:00,350.16570481268866,7,2020-06-22T00:00:00+00:00
2020-06-23 07:30:00+00:00,350.20237754747814,7,2020-06-22T00:00:00+00:00
2020-06-23 08:00:00+00:00,356.73123933497175,7,2020-06-22T00:00:00+00:00
2020-06-23 08:30:00+00:00,369.6652935988474,7,2020-06-22T00:00:00+00:00
2020-06-23 09:00:00+00:00,373.88111058478495,7,2020-06-22T00:00:00+00:00
2020-06-23 09:30:00+00:00,368.0980863653568,7,2020-06-22T00:00:00+00:00
2020-06-23 10:00:00+00:00,387.91571417205444,7,2020-06-22T00:00:00+00:00
2020-06-23 10:30:00+00:00,387.69834819016444,7,2020-06-22T00:00:00+00:00
2020-06-23 11:00:00+00:00,389.7154085633798,7,2020-06-22T00:00:00+00:00
2020-06-23 11:30:00+00:00,385.74442144893277,7,2020-06-22T00:00:00+00:00
2020-06-23 12:00:00+00:00,375.37533002507456,7,2020-06-22T00:00:00+00:00
2020-06-23 12:30:00+00:00,393.24383384232726,7,2020-06-22T00:00:00+00:00
2020-06-23 13:00:00+00:00,393.5149828634558,7,2020-06-22T00:00:00+00:00
2020-06-23 13:30:00+00:00,385.2469077866582,7,2020-06-22T00:00:00+00:00
2020-06-23 14:00:00+00:00,380.05717372733864,7,2020-06-22T00:00:00+00:00
2020-06-23 14:30:00+00:00,393.68469745179334,7,2020-06-22T00:00:00+00:00
2020-06-23 15:00:00+00:00,384.4445565847806,7,2020-06-22T00:00:00+00:00
2020-06-23 15:30:00+00:00,397.0968612738435,7,2020-06-22T00:00:00+00:00
2020-06-23 16:00:00+00:00,372.7134057630449,7,2020-06-22T00:00:00+00:00
2020-06-23 16:30:00+00:00,378.04209155773333,7,2020-06-22T00:00:00+00:00
2020-06-23 17:00:00+00:00,372.8394331640975,7,2020-06-22T00:00:00+00:00
2020-06-23 17:30:00+00:00,372.85101238356765,7,2020-06-22T00:00:00+00:00
2020-06-23 18:00:00+00:00,365.7192759574863,7,2020-06-22T00:00:00+00:00
2020-06-23 18:30:00+00:00,365.39251602333775,7,2020-06-22T00:00:00+00:00
2020-06-23 19:00:00+00:00,355.53281653056996,7,2020-06-22T00:00:00+00:00
2020-06-23 19:30:00+00:00,340.1421492436818,7,2020-06-22T00:00:00+00:00
2020-06-23 20:00:00+00:00,353.4644712808451,7,2020-06-22T00:00:00+00:00
2020-06-23 20:30:00+00:00,355.69537894314067,7,2020-06-22T00:00:00+00:00
2020-06-23 21:00:00+00:00,348.33444991520855,7,2020-06-22T00:00:00+00:00
2020-06-23 21:30:00+00:00,339.3265890657731,7,2020-06-22T00:00:00+00:00
2020-06-23 22:00:00+00:00,345.58233395384366,7,2020-06-22T00:00:00+00:00
2020-06-23 22:30:00+00:00,355.07828979642596,7,2020-06-22T00:00:00+00:00
2020-06-23 23:00:00+00:00,345.258677405614,7,2020-06-22T00:00:00+00:00
2020-06-23 23:30:00+00:00,327.71992030018004,7,2020-06-22T00:00:00+00:00
2020-06-24 00:00:00+00:00,330.5370598310256,7,2020-06-22T00:00:00+00:00
2020-06-24 00:30:00+00:00,328.54151808440224,7,2020-06-22T00:00:00+00:00
2020-06-24 01:00:00+00:00,337.8442595834417,7,2020-06-22T00:00:00+00:00
2020-06-24 01:30:00+00:00,332.4225541080416,7,2020-06-22T00:00:00+00:00
2020-06-24 02:00:00+00:00,333.28175442231156,7,2020-06-22T00:00:00+00:00
2020-06-24 02:30:00+00:00,342.9319993916225,7,2020-06-22T00:00:00+00:00
2020-06-24 03:00:00+00:00,342.4344324501752,7,2020-06-22T00:00:00+00:00
2020-06-24 03:30:00+00:00,335.54958550300455,7,2020-06-22T00:00:00+00:00
2020-06-24 04:00:00+00:00,350.13477413284943,7,2020-06-22T00:00:00+00:00
2020-06-24 04:30:00+00:00,332.8741033854615,7,2020-06-22T00:00:00+00:00
2020-06-24 05:00:00+00:00,354.17242255189615,7,2020-06-22T00:00:00+00:00
2020-06-24 05:30:00+00:00,338.4591560982206,7,2020-06-22T00:00:00+00:00
2020-06-24 06:00:00+00:00,365.4338173267307,7,2020-06-22T00:00:00+00:00
2020-06-24 06:30:00+00:00,356.57325428020476,7,2020-06-22T00:00:00+00:00
2020-06-24 07:00:00+00:00,357.68157297598617,7,2020-06-22T00:00:00+00:00
2020-06-24 07:30:00+00:00,358.7297317252679,7,2020-06-22T00:00:00+00:00
2020-06-24 08:00:00+00:00,362.05956568043325,7,2020-06-22T00:00:00+00:00
2020-06-24 08:30:00+00:00,365.19654059491575,7,2020-06-22T00:00:00+00:00
2020-06-24 09:00:00+00:00,376.7480996082848,7,2020-06-22T00:00:00+00:00
2020-06-24 09:30:00+00:00,371.5280931720135,7,2020-06-22T00:00:00+00:00
2020-06-24 10:00:00+00:00,385.03992989226873,7,2020-06-22T00:00:00+00:00
2020-06-24 10:30:00+00:00,379.8422241054037,7,2020-06-22T00:00:00+00:00
2020-06-24 11:00:00+00:00,379.7623863360768,7,2020-06-22T00:00:00+00:00
2020-06-24 11:30:00+00:00,386.71686989476666,7,2020-06-22T00:00:00+00:00
2020-06-24 12:00:00+00:00,381.87774782947736,7,2020-06-22T00:00:00+00:00
2020-06-24 12:30:00+00:00,381.9804627590948,7,2020-06-22T00:00:00+00:00
2020-06-24 13:00:00+00:00,375.9553491733574,7,2020-06-22T00:00:00+00:00
2020-06-24 13:30:00+00:00,391.0451673592817,7,2020-06-22T00:00:00+00:00
2020-06-24 14:00:00+00:00,373.7807795076818,7,2020-06-22T00:00:00+00:00
2020-06-24 14:30:00+00:00,400.6070495677366,7,2020-06-22T00:00:00+00:00
2020-06-24 15:00:00+00:00,383.57976757136373,7,2020-06-22T00:00:00+00:00
2020-06-24 15:30:00+00:00,390.18125481418963,7,2020-06-22T00:00:00+00:00
2020-06-24 16:00:00+00:00,390.1962769469535,7,2020-06-22T00:00:00+00:00
2020-06-24 16:30:00+00:00,377.36386080616467,7,2020-06-22T00:00:00+00:00
2020-06-24 17:00:00+00:00,375.9881075851096,7,2020-06-22T00:00:00+00:00
2020-06-24 17:30:00+00:00,363.81477506633513,7,2020-06-22T00:00:00+00:00
2020-06-24 18:00:00+00:00,366.43926532705626,7,2020-06-22T00:00:00+00:00
2020-06-24 18:30:00+00:00,379.38369004316655,7,2020-06-22T00:00:00+00:00
2020-06-24 19:00:00+00:00,356.77692525723893,7,2020-06-22T00:00:00+00:00
2020-06-24 19:30:00+00:00,357.9440450984346,7,2020-06-22T00:00:00+00:00
2020-06-24 20:00:00+00:00,357.12107330249404,7,2020-06-22T00:00:00+00:00
2020-06-24 20:30:00+00:00,342.05800667226623,7,2020-06-22T00:00:00+00:00
2020-06-24 21:00:00+00:00,343.47386856459116,7,2020-06-22T00:00:00+00:00
2020-06-24 21:30:00+00:00,345.6542829986328,7,2020-06-22T00:00:00+00:00
2020-06-24 22:00:00+00:00,350.91153981420865,7,2020-06-22T00:00:00+00:00
2020-06-24 22:30:00+00:00,341.24297260858236,7,2020-06-22T00:00:00+00:00
2020-06-24 23:00:00+00:00,348.14128432201954,7,2020-06-22T00:00:00+00:00
2020-06-24 23:30:00+00:00,334.11711811461737,7,2020-06-22T00:00:00+00:00
2020-06-25 00:00:00+00:00,337.9599602833704,7,2020-06-22T00:00:00+00:00
2020-06-25 00:30:00+00:00,332.3915016060512,7,2020-06-22T00:00:00+00:00
2020-06-25 01:00:00+00:00,339.23871017359926,7,2020-06-22T00:00:00+00:00
2020-06-25 01:30:00+00:00,329.03556368846665,7,2020-06-22T00:00:00+00:00
2020-06-25 02:00:00+00:00,324.0011459135335,7,2020-06-22T00:00:00+00:00
2020-06-25 02:30:00+00:00,335.29178414349786,7,2020-06-22T00:00:00+00:00
2020-06-25 03:00:00+00:00,331.01065898549035,7,2020-06-22T00:00:00+00:00
2020-06-25 03:30:00+00:00,331.7511134653078,7,2020-06-22T00:00:00+00:00
2020-06-25 04:00:00+00:00,344.7608442043212,7,2020-06-22T00:00:00+00:00
2020-06-25 04:30:00+00:00,331.5608121279778,7,2020-06-22T00:00:00+00:00
2020-06-25 05:00:00+00:00,336.48333058803263,7,2020-06-22T00:00:00+00:00
2020-06-25 05:30:00+00:00,341.8589140111916,7,2020-06-22T00:00:00+00:00
2020-06-25 06:00:00+00:00,361.2996984626789,7,2020-06-22T00:00:00+00:00
2020-06-25 06:30:00+00:00,346.55636111871365,7,2020-06-22T00:00:00+00:00
2020-06-25 07:00:00+00:00,376.4528894690913,7,2020-06-22T00:00:00+00:00
2020-06-25 07:30:00+00:00,359.7137216353299,7,2020-06-22T00:00:00+00:00
2020-06-25 08:00:00+00:00,358.6384351184941,7,2020-06-22T00:00:00+00:00
2020-06-25 08:30:00+00:00,360.5308936476635,7,2020-06-22T00:00:00+00:00
2020-06-25 09:00:00+00:00,372.72298426471525,7,2020-06-22T00:00:00+00:00
2020-06-25 09:30:00+00:00,374.0276012653261,7,2020-06-22T00:00:00+00:00
2020-06-25 10:00:00+00:00,378.21024899123904,7,2020-06-22T00:00:00+00:00
2020-06-25 10:30:00+00:00,366.6778044596523,7,2020-06-22T00:00:00+00:00
2020-06-25 11:00:00+00:00,394.8238443598702,7,2020-06-22T00:00:00+00:00
2020-06-25 11:30:00+00:00,382.53985737035504,7,2020-06-22T00:00:00+00:00
2020-06-25 12:00:00+00:00,383.8796380082091,7,2020-06-22T00:00:00+00:00
2020-06-25 12:30:00+00:00,401.04681569579395,7,2020-06-22T00:00:00+00:00
2020-06-25 13:00:00+00:00,392.2629002759802,7,2020-06-22T00:00:00+00:00
2020-06-25 13:30:00+00:00,382.84802965930146,7,2020-06-22T00:00:00+00:00
2020-06-25 14:00:00+00:00,393.68847005813717,7,2020-06-22T00:00:00+00:00
2020-06-25 14:30:00+00:00,393.48047793817796,7,2020-06-22T00:00:00+00:00
2020-06-25 15:00:00+00:00,384.17430253957406,7,2020-06-22T00:00:00+00:00
2020-06-25 15:30:00+00:00,384.1383848380992,7,2020-06-22T00:00:00+00:00
2020-06-25 16:00:00+00:00,385.3629636831422,7,2020-06-22T00:00:00+00:00
2020-06-25 16:30:00+00:00,374.9619113216636,7,2020-06-22T00:00:00+00:00
2020-06-25 17:00:00+00:00,383.44739661616603,7,2020-06-22T00:00:00+00:00
2020-06-25 17:30:00+00:00,378.074466902609,7,2020-06-22T00:00:00+00:00
2020-06-25 18:00:00+00:00,363.4029357197702,7,2020-06-22T00:00:00+00:00
2020-06-25 18:30:00+00:00,373.7581642321107,7,2020-06-22T00:00:00+00:00
2020-06-25 19:00:00+00:00,364.7035847997605,7,2020-06-22T00:00:00+00:00
2020-06-25 19:30:00+00:00,366.9113652147699,7,2020-06-22T00:00:00+00:00
2020-06-25 20:00:00+00:00,331.9335945603617,7,2020-06-22T00:00:00+00:00
2020-06-25 20:30:00+00:00,360.1708683898376,7,2020-06-22T00:00:00+00:00
2020-06-25 21:00:00+00:00,355.3022449746287,7,2020-06-22T00:00:00+00:00
2020-06-25 21:30:00+00:00,346.62376139247937,7,2020-06-22T00:00:00+00:00
2020-06-25 22:00:00+00:00,356.85008691574615,7,2020-06-22T00:00:00+00:00
2020-06-25 22:30:00+00:00,330.43434087541084,7,2020-06-22T00:00:00+00:00
2020-06-25 23:00:00+00:00,322.23115315785293,7,2020-06-22T00:00:00+00:00
2020-06-25 23:30:00+00:00,329.12210048779104,7,2020-06-22T00:00:00+00:00
2020-06-26 00:00:00+00:00,330.2365978421393,7,2020-06-22T00:00:00+00:00
2020-06-26 00:30:00+00:00,339.7500313994413,7,2020-06-22T00:00:00+00:00
2020-06-26 01:00:00+00:00,343.1441745281818,7,2020-06-22T00:00:00+00:00
2020-06-26 01:30:00+00:00,326.5137524267602,7,2020-06-22T00:00:00+00:00
2020-06-26 02:00:00+00:00,347.10553692843774,7,2020-06-22T00:00:00+00:00
2020-06-26 02:30:00+00:00,329.0536282778661,7,2020-06-22T00:00:00+00:00
2020-06-26 03:00:00+00:00,344.1834818746583,7,2020-06-22T00:00:00+00:00
2020-06-26 03:30:00+00:00,348.01957411479464,7,2020-06-22T00:00:00+00:00
2020-06-26 04:00:00+00:00,336.0460609392351,7,2020-06-22T00:00:00+00:00
2020-06-26 04:30:00+00:00,333.52123900317184,7,2020-06-22T00:00:00+00:00
2020-06-26 05:00:00+00:00,340.6452051512028,7,2020-06-22T00:00:00+00:00
2020-06-26 05:30:00+00:00,344.22962513821915,7,2020-06-22T00:00:00+00:00
2020-06-26 06:00:00+00:00,347.7250839157974,7,2020-06-22T00:00:00+00:00
2020-06-26 06:30:00+00:00,354.25756547978415,7,2020-06-22T00:00:00+00:00
2020-06-26 07:00:00+00:00,349.3229213002935,7,2020-06-22T00:00:00+00:00
2020-06-26 07:30:00+00:00,376.02580534730174,7,2020-06-22T00:00:00+00:00
2020-06-26 08:00:00+00:00,359.2926219358853,7,2020-06-22T00:00:00+00:00
2020-06-26 08:30:00+00:00,362.42049412143245,7,2020-06-22T00:00:00+00:00
2020-06-26 09:00:00+00:00,374.45897408650654,7,2020-06-22T00:00:00+00:00
2020-06-26 09:30:00+00:00,375.85271876689313,7,2020-06-22T00:00:00+00:00
2020-06-26 10:00:00+00:00,386.430277252878,7,2020-06-22T00:00:00+00:00
2020-06-26 10:30:00+00:00,368.3298393467548,7,2020-06-22T00:00:00+00:00
2020-06-26 11:00:00+00:00,393.11716753994926,7,2020-06-22T00:00:00+00:00
2020-06-26 11:30:00+00:00,385.9218081196944,7,2020-06-22T00:00:00+00:00
2020-06-26 12:00:00+00:00,398.80926859537254,7,2020-06-22T00:00:00+00:00
2020-06-26 12:30:00+00:00,379.7799509827107,7,2020-06-22T00:00:00+00:00
2020-06-26 13:00:00+00:00,386.75187738130103,7,2020-06-22T00:00:00+00:00
2020-06-26 13:30:00+00:00,391.28560232181314,7,2020-06-22T00:00:00+00:00
2020-06-26 14:00:00+00:00,409.5974065262256,7,2020-06-22T00:00:00+00:00
2020-06-26 14:30:00+00:00,390.02359403925755,7,2020-06-22T00:00:00+00:00
2020-06-26 15:00:00+00:00,399.74468406982794,7,2020-06-22T00:00:00+00:00
2020-06-26 15:30:00+00:00,384.14453743706554,7,2020-06-22T00:00:00+00:00
2020-06-26 16:00:00+00:00,392.12085121101785,7,2020-06-22T00:00:00+00:00
2020-06-26 16:30:00+00:00,379.7455460521838,7,2020-06-22T00:00:00+00:00
2020-06-26 17:00:00+00:00,368.27914382008,7,2020-06-22T00:00:00+00:00
2020-06-26 17:30:00+00:00,370.6294098807981,7,2020-06-22T00:00:00+00:00
2020-06-26 18:00:00+00:00,366.984270242569,7,2020-06-22T00:00:00+00:00
2020-06-26 18:30:00+00:00,361.3800212907103,7,2020-06-22T00:00:00+00:00
2020-06-26 19:00:00+00:00,363.258673498711,7,2020-06-22T00:00:00+00:00
2020-06-26 19:30:00+00:00,355.6121566809147,7,2020-06-22T00:00:00+00:00
2020-06-26 20:00:00+00:00,346.8523968295979,7,2020-06-22T00:00:00+00:00
2020-06-26 20:30:00+00:00,354.5103341945372,7,2020-06-22T00:00:00+00:00
2020-06-26 21:00:00+00:00,344.42069255972694,7,2020-06-22T00:00:00+00:00
2020-06-26 21:30:00+00:00,341.7568666375062,7,2020-06-22T00:00:00+00:00
2020-06-26 22:00:00+00:00,340.06939260815244,7,2020-06-22T00:00:00+00:00
2020-06-26 22:30:00+00:00,338.26621589079804,7,2020-06-22T00:00:00+00:00
2020-06-26 23:00:00+00:00,334.6116468812337,7,2020-06-22T00:00:00+00:00
2020-06-26 23:30:00+00:00,345.27105120410937,7,2020-06-22T00:00:00+00:00
2020-06-27 00:00:00+00:00,321.163388731154,7,2020-06-22T00:00:00+00:00
2020-06-27 00:30:00+00:00,308.872018526426,7,2020-06-22T00:00:00+00:00
2020-06-27 01:00:00+00:00,311.46475120110193,7,2020-06-22T00:00:00+00:00
2020-06-27 01:30:00+00:00,303.18382964797485,7,2020-06-22T00:00:00+00:00
2020-06-27 02:00:00+00:00,316.1209423877326,7,2020-06-22T00:00:00+00:00
2020-06-27 02:30:00+00:00,303.00613498583397,7,2020-06-22T00:00:00+00:00
2020-06-27 03:00:00+00:00,309.1299550362513,7,2020-06-22T00:00:00+00:00
2020-06-27 03:30:00+00:00,311.9465828787834,7,2020-06-22T00:00:00+00:00
2020-06-27 04:00:00+00:00,309.4744671058913,7,2020-06-22T00:00:00+00:00
2020-06-27 04:30:00+00:00,319.44458423022064,7,2020-06-22T00:00:00+00:00
2020-06-27 05:00:00+00:00,323.4775927340502,7,2020-06-22T00:00:00+00:00
2020-06-27 05:30:00+00:00,317.68021662447376,7,2020-06-22T00:00:00+00:00
2020-06-27 06:00:00+00:00,335.96942403896213,7,2020-06-22T00:00:00+00:00
2020-06-27 06:30:00+00:00,332.96199967764545,7,2020-06-22T00:00:00+00:00
2020-06-27 07:00:00+00:00,339.6865025573931,7,2020-06-22T00:00:00+00:00
2020-06-27 07:30:00+00:00,339.4874376021931,7,2020-06-22T00:00:00+00:00
2020-06-27 08:00:00+00:00,334.53011282138874,7,2020-06-22T00:00:00+00:00
2020-06-27 08:30:00+00:00,354.81222495836533,7,2020-06-22T00:00:00+00:00
2020-06-27 09:00:00+00:00,336.8255068245611,7,2020-06-22T00:00:00+00:00
2020-06-27 09:30:00+00:00,359.2427068615504,7,2020-06-22T00:00:00+00:00
2020-06-27 10:00:00+00:00,362.56117526899425,7,2020-06-22T00:00:00+00:00
2020-06-27 10:30:00+00:00,360.1100763232602,7,2020-06-22T00:00:00+00:00
2020-06-27 11:00:00+00:00,356.9134955119924,7,2020-06-22T00:00:00+00:00
2020-06-27 11:30:00+00:00,363.10044710417935,7,2020-06-22T00:00:00+00:00
2020-06-27 12:00:00+00:00,365.0308134458314,7,2020-06-22T00:00:00+00:00
2020-06-27 12:30:00+00:00,377.46227078654505,7,2020-06-22T00:00:00+00:00
2020-06-27 13:00:00+00:00,379.0281853931301,7,2020-06-22T00:00:00+00:00
2020-06-27 13:30:00+00:00,367.8694501058754,7,2020-06-22T00:00:00+00:00
2020-06-27 14:00:00+00:00,354.7984032816087,7,2020-06-22T00:00:00+00:00
2020-06-27 14:30:00+00:00,371.4666622422016,7,2020-06-22T00:00:00+00:00
2020-06-27 15:00:00+00:00,376.2405822619357,7,2020-06-22T00:00:00+00:00
2020-06-27 15:30:00+00:00,370.4450885825141,7,2020-06-22T00:00:00+00:00
2020-06-27 16:00:00+00:00,364.6738798911036,7,2020-06-22T00:00:00+00:00
2020-06-27 16:30:00+00:00,356.1253337240486,7,2020-06-22T00:00:00+00:00
2020-06-27 17:00:00+00:00,347.4533443449549,7,2020-06-22T00:00:00+00:00
2020-06-27 17:30:00+00:00,350.9987332449222,7,2020-06-22T00:00:00+00:00
2020-06-27 18:00:00+00:00,345.3598887959462,7,2020-06-22T00:00:00+00:00
2020-06-27 18:30:00+00:00,346.1534381752649,7,2020-06-22T00:00:00+00:00
2020-06-27 19:00:00+00:00,334.6438455647494,7,2020-06-22T00:00:00+00:00
2020-06-27 19:30:00+00:00,329.91119489804896,7,2020-06-22T00:00:00+00:00
2020-06-27 20:00:00+00:00,331.4899217387773,7,2020-06-22T00:00:00+00:00
2020-06-27 20:30:00+00:00,322.85069484418904,7,2020-06-22T00:00:00+00:00
2020-06-27 21:00:00+00:00,318.4356280604743,7,2020-06-22T00:00:00+00:00
2020-06-27 21:30:00+00:00,323.4392946067555,7,2020-06-22T00:00:00+00:00
2020-06-27 22:00:00+00:00,329.7137145681413,7,2020-06-22T00:00:00+00:00
2020-06-27 22:30:00+00:00,324.52577909377004,7,2020-06-22T00:00:00+00:00
2020-06-27 23:00:00+00:00,317.2713405755179,7,2020-06-22T00:00:00+00:00
2020-06-27 23:30:00+00:00,322.2677574084316,7,2020-06-22T00:00:00+00:00
2020-06-28 00:00:00+00:00,308.525659116765,7,2020-06-22T00:00:00+00:00
2020-06-28 00:30:00+00:00,314.6745863597525,7,2020-06-22T00:00:00+00:00
2020-06-28 01:00:00+00:00,319.242758221132,7,2020-06-22T00:00:00+00:00
2020-06-28 01:30:00+00:00,313.07180201375303,7,2020-06-22T00:00:00+00:00
2020-06-28 02:00:00+00:00,303.22098406500913,7,2020-06-22T00:00:00+00:00
2020-06-28 02:30:00+00:00,317.94880333431774,7,2020-06-22T00:00:00+00:00
2020-06-28 03:00:00+00:00,312.1959835695605,7,2020-06-22T00:00:00+00:00
2020-06-28 03:30:00+00:00,315.23064121927587,7,2020-06-22T00:00:00+00:00
2020-06-28 04:00:00+00:00,309.0780158861899,7,2020-06-22T00:00:00+00:00
2020-06-28 04:30:00+00:00,327.9042825297482,7,2020-06-22T00:00:00+00:00
2020-06-28 05:00:00+00:00,320.3044166010653,7,2020-06-22T00:00:00+00:00
2020-06-28 05:30:00+00:00,322.44539092647204,7,2020-06-22T00:00:00+00:00
2020-06-28 06:00:00+00:00,320.317490747689,7,2020-06-22T00:00:00+00:00
2020-06-28 06:30:00+00:00,329.72796784029407,7,2020-06-22T00:00:00+00:00
2020-06-28 07:00:00+00:00,335.04951204216326,7,2020-06-22T00:00:00+00:00
2020-06-28 07:30:00+00:00,333.30685233765234,7,2020-06-22T00:00:00+00:00
2020-06-28 08:00:00+00:00,358.0469390158583,7,2020-06-22T00:00:00+00:00
2020-06-28 08:30:00+00:00,355.3014528292966,7,2020-06-22T00:00:00+00:00
2020-06-28 09:00:00+00:00,345.8669138566948,7,2020-06-22T00:00:00+00:00
2020-06-28 09:30:00+00:00,363.4881149903845,7,2020-06-22T00:00:00+00:00
2020-06-28 10:00:00+00:00,353.1661227133202,7,2020-06-22T00:00:00+00:00
2020-06-28 10:30:00+00:00,346.91817978498653,7,2020-06-22T00:00:00+00:00
2020-06-28 11:00:00+00:00,357.6758403310465,7,2020-06-22T00:00:00+00:00
2020-06-28 11:30:00+00:00,368.0299776584513,7,2020-06-22T00:00:00+00:00
2020-06-28 12:00:00+00:00,369.72614153159395,7,2020-06-22T00:00:00+00:00
2020-06-28 12:30:00+00:00,357.32526793615153,7,2020-06-22T00:00:00+00:00
2020-06-28 13:00:00+00:00,363.70561404622345,7,2020-06-22T00:00:00+00:00
2020-06-28 13:30:00+00:00,370.69581537522294,7,2020-06-22T00:00:00+00:00
2020-06-28 14:00:00+00:00,353.63988798820037,7,2020-06-22T00:00:00+00:00
2020-06-28 14:30:00+00:00,364.9167979089279,7,2020-06-22T00:00:00+00:00
2020-06-28 15:00:00+00:00,361.8336052153191,7,2020-06-22T00:00:00+00:00
2020-06-28 15:30:00+00:00,364.53004318422217,7,2020-06-22T00:00:00+00:00
2020-06-28 16:00:00+00:00,361.9707712019332,7,2020-06-22T00:00:00+00:00
2020-06-28 16:30:00+00:00,356.3785780726935,7,2020-06-22T00:00:00+00:00
2020-06-28 17:00:00+00:00,346.88643185157684,7,2020-06-22T00:00:00+00:00
2020-06-28 17:30:00+00:00,361.2761401800176,7,2020-06-22T00:00:00+00:00
2020-06-28 18:00:00+00:00,328.5936566990783,7,2020-06-22T00:00:00+00:00
2020-06-28 18:30:00+00:00,346.5380061133097,7,2020-06-22T00:00:00+00:00
2020-06-28 19:00:00+00:00,343.94633189875304,7,2020-06-22T00:00:00+00:00
2020-06-28 19:30:00+00:00,346.5281138357583,7,2020-06-22T00:00:00+00:00
2020-06-28 20:00:00+00:00,332.0215319908661,7,2020-06-22T00:00:00+00:00
2020-06-28 20:30:00+00:00,344.3079897347776,7,2020-06-22T00:00:00+00:00
2020-06-28 21:00:00+00:00,313.8870958683686,7,2020-06-22T00:00:00+00:00
2020-06-28 21:30:00+00:00,334.70026981179797,7,2020-06-22T00:00:00+00:00
2020-06-28 22:00:00+00:00,316.1342970297904,7,2020-06-22T00:00:00+00:00
2020-06-28 22:30:00+00:00,329.60365661548076,7,2020-06-22T00:00:00+00:00
2020-06-28 23:00:00+00:00,308.3403441364268,7,2020-06-22T00:00:00+00:00
2020-06-28 23:30:00+00:00,306.36381841979755,7,2020-06-22T00:00:00+00:00
2020-06-29 00:00:00+00:00,330.9516814816133,7,2020-06-22T00:00:00+00:00
2020-06-29 00:30:00+00:00,340.3988074150842,7,2020-06-22T00:00:00+00:00
2020-06-29 01:00:00+00:00,324.00036282273396,7,2020-06-22T00:00:00+00:00
2020-06-29 01:30:00+00:00,329.965718609356,7,2020-06-22T00:00:00+00:00
2020-06-29 02:00:00+00:00,329.9214594577302,7,2020-06-22T00:00:00+00:00
2020-06-29 02:30:00+00:00,345.4902805723638,7,2020-06-22T00:00:00+00:00
2020-06-29 03:00:00+00:00,325.0062585623642,7,2020-06-22T00:00:00+00:00
2020-06-29 03:30:00+00:00,331.11216246024776,7,2020-06-22T00:00:00+00:00
2020-06-29 04:00:00+00:00,335.7762540699166,7,2020-06-22T00:00:00+00:00
2020-06-29 04:30:00+00:00,346.9549778008667,7,2020-06-22T00:00:00+00:00
2020-06-29 05:00:00+00:00,346.8758559881293,7,2020-06-22T00:00:00+00:00
2020-06-29 05:30:00+00:00,349.0155532067271,7,2020-06-22T00:00:00+00:00
2020-06-29 06:00:00+00:00,353.16983444882453,7,2020-06-22T00:00:00+00:00
2020-06-29 06:30:00+00:00,353.5783377419969,7,2020-06-22T00:00:00+00:00
2020-06-29 07:00:00+00:00,366.58171270719595,7,2020-06-22T00:00:00+00:00
2020-06-29 07:30:00+00:00,353.9172351449628,7,2020-06-22T00:00:00+00:00
2020-06-29 08:00:00+00:00,367.632052562545,7,2020-06-22T00:00:00+00:00
2020-06-29 08:30:00+00:00,373.8138891791506,7,2020-06-22T00:00:00+00:00
2020-06-29 09:00:00+00:00,367.92432628805216,7,2020-06-22T00:00:00+00:00
2020-06-29 09:30:00+00:00,364.82769778713265,7,2020-06-22T00:00:00+00:00
2020-06-29 10:00:00+00:00,387.2761580242854,7,2020-06-22T00:00:00+00:00
2020-06-29 10:30:00+00:00,369.89489117238173,7,2020-06-22T00:00:00+00:00
2020-06-29 11:00:00+00:00,389.4480340090075,7,2020-06-22T00:00:00+00:00
2020-06-29 11:30:00+00:00,384.7037682844389,7,2020-06-22T00:00:00+00:00
2020-06-29 12:00:00+00:00,372.89327165346634,7,2020-06-22T00:00:00+00:00
2020-06-29 12:30:00+00:00,393.1089594737697,7,2020-06-22T00:00:00+00:00
2020-06-29 13:00:00+00:00,397.5578250568851,7,2020-06-22T00:00:00+00:00
2020-06-29 13:30:00+00:00,393.3821425369865,7,2020-06-22T00:00:00+00:00
2020-06-29 14:00:00+00:00,380.83212426875093,7,2020-06-22T00:00:00+00:00
2020-06-29 14:30:00+00:00,375.6074282237131,7,2020-06-22T00:00:00+00:00
2020-06-29 15:00:00+00:00,372.38794257213533,7,2020-06-22T00:00:00+00:00
2020-06-29 15:30:00+00:00,383.0729880961871,7,2020-06-22T00:00:00+00:00
2020-06-29 16:00:00+00:00,383.0181497776351,7,2020-06-22T00:00:00+00:00
2020-06-29 16:30:00+00:00,385.16708895836103,7,2020-06-22T00:00:00+00:00
2020-06-29 17:00:00+00:00,369.69337618327455,7,2020-06-22T00:00:00+00:00
2020-06-29 17:30:00+00:00,384.1451372469912,7,2020-06-22T00:00:00+00:00
2020-06-29 18:00:00+00:00,359.65522508585127,7,2020-06-22T00:00:00+00:00
2020-06-29 18:30:00+00:00,377.77204519148194,7,2020-06-22T00:00:00+00:00
2020-06-29 19:00:00+00:00,347.98718938988816,7,2020-06-22T00:00:00+00:00
2020-06-29 19:30:00+00:00,367.3383621034806,7,2020-06-22T00:00:00+00:00
2020-06-29 20:00:00+00:00,348.33837631554263,7,2020-06-22T00:00:00+00:00
2020-06-29 20:30:00+00:00,354.08226630992795,7,2020-06-22T00:00:00+00:00
2020-06-29 21:00:00+00:00,351.44239269245463,7,2020-06-22T00:00:00+00:00
2020-06-29 21:30:00+00:00,350.0032925318455,7,2020-06-22T00:00:00+00:00
2020-06-29 22:00:00+00:00,332.82982870086545,7,2020-06-22T00:00:00+00:00
2020-06-29 22:30:00+00:00,334.14315423937296,7,2020-06-22T00:00:00+00:00
2020-06-29 23:00:00+00:00,340.51001565335315,7,2020-06-22T00:00:00+00:00
2020-06-29 23:30:00+00:00,327.6351751716111,7,2020-06-22T00:00:00+00:00
2020-06-30 00:00:00+00:00,330.19042837410086,7,2020-06-22T00:00:00+00:00
2020-06-30 00:30:00+00:00,344.6789714373461,7,2020-06-22T00:00:00+00:00
2020-06-30 01:00:00+00:00,333.6325219709489,7,2020-06-22T00:00:00+00:00
2020-06-30 01:30:00+00:00,336.4688235018043,7,2020-06-22T00:00:00+00:00
2020-06-30 02:00:00+00:00,338.0943677155984,7,2020-06-22T00:00:00+00:00
2020-06-30 02:30:00+00:00,334.0434686403132,7,2020-06-22T00:00:00+00:00
2020-06-30 03:00:00+00:00,332.4421839274092,7,2020-06-22T00:00:00+00:00
2020-06-30 03:30:00+00:00,336.6447540626865,7,2020-06-22T00:00:00+00:00
2020-06-30 04:00:00+00:00,343.64119676512297,7,2020-06-22T00:00:00+00:00
2020-06-30 04:30:00+00:00,335.60736912768226,7,2020-06-22T00:00:00+00:00
2020-06-30 05:00:00+00:00,344.1124366295581,7,2020-06-22T00:00:00+00:00
2020-06-30 05:30:00+00:00,346.3336034980559,7,2020-06-22T00:00:00+00:00
2020-06-30 06:00:00+00:00,353.77203849740977,7,2020-06-22T00:00:00+00:00
2020-06-30 06:30:00+00:00,340.8603748287339,7,2020-06-22T00:00:00+00:00
2020-06-30 07:00:00+00:00,359.9600393026647,7,2020-06-22T00:00:00+00:00
2020-06-30 07:30:00+00:00,361.53851676733717,7,2020-06-22T00:00:00+00:00
2020-06-30 08:00:00+00:00,370.03828409657984,7,2020-06-22T00:00:00+00:00
2020-06-30 08:30:00+00:00,363.3776280120927,7,2020-06-22T00:00:00+00:00
2020-06-30 09:00:00+00:00,375.1759487199361,7,2020-06-22T00:00:00+00:00
2020-06-30 09:30:00+00:00,378.62497982542783,7,2020-06-22T00:00:00+00:00
2020-06-30 10:00:00+00:00,389.02732670684304,7,2020-06-22T00:00:00+00:00
2020-06-30 10:30:00+00:00,387.9050441704715,7,2020-06-22T00:00:00+00:00
2020-06-30 11:00:00+00:00,384.1720647529168,7,2020-06-22T00:00:00+00:00
2020-06-30 11:30:00+00:00,378.491016323576,7,2020-06-22T00:00:00+00:00
2020-06-30 12:00:00+00:00,395.7610201118749,7,2020-06-22T00:00:00+00:00
2020-06-30 12:30:00+00:00,383.4263553093001,7,2020-06-22T00:00:00+00:00
2020-06-30 13:00:00+00:00,385.2650200793838,7,2020-06-22T00:00:00+00:00
2020-06-30 13:30:00+00:00,392.95445186249844,7,2020-06-22T00:00:00+00:00
2020-06-30 14:00:00+00:00,386.8741208663009,7,2020-06-22T00:00:00+00:00
2020-06-30 14:30:00+00:00,386.7920594912085,7,2020-06-22T00:00:00+00:00
2020-06-30 15:00:00+00:00,388.94857285035755,7,2020-06-22T00:00:00+00:00
2020-06-30 15:30:00+00:00,391.0086523742199,7,2020-06-22T00:00:00+00:00
2020-06-30 16:00:00+00:00,373.28397387630287,7,2020-06-22T00:00:00+00:00
2020-06-30 16:30:00+00:00,380.9128111904655,7,2020-06-22T00:00:00+00:00
2020-06-30 17:00:00+00:00,368.1778085352111,7,2020-06-22T00:00:00+00:00
2020-06-30 17:30:00+00:00,372.8147424922244,7,2020-06-22T00:00:00+00:00
2020-06-30 18:00:00+00:00,380.0469413749142,7,2020-06-22T00:00:00+00:00
2020-06-30 18:30:00+00:00,368.4851185794151,7,2020-06-22T00:00:00+00:00
2020-06-30 19:00:00+00:00,362.08885559293014,7,2020-06-22T00:00:00+00:00
2020-06-30 19:30:00+00:00,348.57717962971134,7,2020-06-22T00:00:00+00:00
2020-06-30 20:00:00+00:00,361.74641309584064,7,2020-06-22T00:00:00+00:00
2020-06-30 20:30:00+00:00,344.58375565842994,7,2020-06-22T00:00:00+00:00
2020-06-30 21:00:00+00:00,362.19346893951274,7,2020-06-22T00:00:00+00:00
2020-06-30 21:30:00+00:00,346.2366724929383,7,2020-06-22T00:00:00+00:00
2020-06-30 22:00:00+00:00,343.49563781800856,7,2020-06-22T00:00:00+00:00
2020-06-30 22:30:00+00:00,346.45360451209444,7,2020-06-22T00:00:00+00:00
2020-06-30 23:00:00+00:00,335.77954284811193,7,2020-06-22T00:00:00+00:00
2020-06-30 23:30:00+00:00,331.8421701327522,7,2020-06-22T00:00:00+00:00
2020-06-29 00:00:00+00:00,336.35874669213166,8,2020-06-29T00:00:00+00:00
2020-06-29 00:30:00+00:00,329.61233301405525,8,2020-06-29T00:00:00+00:00
2020-06-29 01:00:00+00:00,336.6853773375793,8,2020-06-29T00:00:00+00:00
2020-06-29 01:30:00+00:00,322.2889381878575,8,2020-06-29T00:00:00+00:00
2020-06-29 02:00:00+00:00,344.6152958715148,8,2020-06-29T00:00:00+00:00
2020-06-29 02:30:00+00:00,331.61755624349104,8,2020-06-29T00:00:00+00:00
2020-06-29 03:00:00+00:00,339.4917307159614,8,2020-06-29T00:00:00+00:00
2020-06-29 03:30:00+00:00,341.1871511937301,8,2020-06-29T00:00:00+00:00
2020-06-29 04:00:00+00:00,341.91426270216283,8,2020-06-29T00:00:00+00:00
2020-06-29 04:30:00+00:00,341.4596830802933,8,2020-06-29T00:00:00+00:00
2020-06-29 05:00:00+00:00,336.6089071741376,8,2020-06-29T00:00:00+00:00
2020-06-29 05:30:00+00:00,344.7261312732732,8,2020-06-29T00:00:00+00:00
2020-06-29 06:00:00+00:00,348.9579406644014,8,2020-06-29T00:00:00+00:00
2020-06-29 06:30:00+00:00,352.7669241809602,8,2020-06-29T00:00:00+00:00
2020-06-29 07:00:00+00:00,341.10133609145487,8,2020-06-29T00:00:00+00:00
2020-06-29 07:30:00+00:00,349.09941753026817,8,2020-06-29T00:00:00+00:00
2020-06-29 08:00:00+00:00,365.1973848693092,8,2020-06-29T00:00:00+00:00
2020-06-29 08:30:00+00:00,369.06037691901633,8,2020-06-29T00:00:00+00:00
2020-06-29 09:00:00+00:00,372.59237824946166,8,2020-06-29T00:00:00+00:00
2020-06-29 09:30:00+00:00,366.2895066425672,8,2020-06-29T00:00:00+00:00
2020-06-29 10:00:00+00:00,375.6491543085205,8,2020-06-29T00:00:00+00:00
2020-06-29 10:30:00+00:00,376.79593841378255,8,2020-06-29T00:00:00+00:00
2020-06-29 11:00:00+00:00,362.84475077064167,8,2020-06-29T00:00:00+00:00
2020-06-29 11:30:00+00:00,378.7418015962625,8,2020-06-29T00:00:00+00:00
2020-06-29 12:00:00+00:00,381.71351195479775,8,2020-06-29T00:00:00+00:00
2020-06-29 12:30:00+00:00,382.3479333366206,8,2020-06-29T00:00:00+00:00
2020-06-29 13:00:00+00:00,390.22889584837793,8,2020-06-29T00:00:00+00:00
2020-06-29 13:30:00+00:00,380.08320420971194,8,2020-06-29T00:00:00+00:00
2020-06-29 14:00:00+00:00,390.16349307778285,8,2020-06-29T00:00:00+00:00
2020-06-29 14:30:00+00:00,389.2776407374256,8,2020-06-29T00:00:00+00:00
2020-06-29 15:00:00+00:00,387.31880563368077,8,2020-06-29T00:00:00+00:00
2020-06-29 15:30:00+00:00,386.0255322561675,8,2020-06-29T00:00:00+00:00
2020-06-29 16:00:00+00:00,387.1502202903821,8,2020-06-29T00:00:00+00:00
2020-06-29 16:30:00+00:00,393.8302135630254,8,2020-06-29T00:00:00+00:00
2020-06-29 17:00:00+00:00,372.61655020016383,8,2020-06-29T00:00:00+00:00
2020-06-29 17:30:00+00:00,368.31502396009085,8,2020-06-29T00:00:00+00:00
2020-06-29 18:00:00+00:00,369.46468730568154,8,2020-06-29T00:00:00+00:00
2020-06-29 18:30:00+00:00,381.89462161895153,8,2020-06-29T00:00:00+00:00
2020-06-29 19:00:00+00:00,360.27026147770425,8,2020-06-29T00:00:00+00:00
2020-06-29 19:30:00+00:00,358.44253778348576,8,2020-06-29T00:00:00+00:00
2020-06-29 20:00:00+00:00,348.27415371088284,8,2020-06-29T00:00:00+00:00
2020-06-29 20:30:00+00:00,345.23394694117053,8,2020-06-29T00:00:00+00:00
2020-06-29 21:00:00+00:00,338.3338188648802,8,2020-06-29T00:00:00+00:00
2020-06-29 21:30:00+00:00,366.039876506401,8,2020-06-29T00:00:00+00:00
2020-06-29 22:00:00+00:00,335.2336514692097,8,2020-06-29T00:00:00+00:00
2020-06-29 22:30:00+00:00,331.84143806827524,8,2020-06-29T00:00:00+00:00
2020-06-29 23:00:00+00:00,333.99538543687555,8,2020-06-29T00:00:00+00:00
2020-06-29 23:30:00+00:00,340.9270226527424,8,2020-06-29T00:00:00+00:00
2020-06-30 00:00:00+00:00,325.33809769338563,8,2020-06-29T00:00:00+00:00
2020-06-30 00:30:00+00:00,327.8270484243359,8,2020-06-29T00:00:00+00:00
2020-06-30 01:00:00+00:00,331.4875679812888,8,2020-06-29T00:00:00+00:00
2020-06-30 01:30:00+00:00,337.74024567304906,8,2020-06-29T00:00:00+00:00
2020-06-30 02:00:00+00:00,324.26619042838814,8,2020-06-29T00:00:00+00:00
2020-06-30 02:30:00+00:00,334.32292888033294,8,2020-06-29T00:00:00+00:00
2020-06-30 03:00:00+00:00,348.40765037221286,8,2020-06-29T00:00:00+00:00
2020-06-30 03:30:00+00:00,328.97637954792805,8,2020-06-29T00:00:00+00:00
2020-06-30 04:00:00+00:00,331.94435942045163,8,2020-06-29T00:00:00+00:00
2020-06-30 04:30:00+00:00,342.54336190041874,8,2020-06-29T00:00:00+00:00
2020-06-30 05:00:00+00:00,351.06598169639983,8,2020-06-29T00:00:00+00:00
2020-06-30 05:30:00+00:00,343.3615194841604,8,2020-06-29T00:00:00+00:00
2020-06-30 06:00:00+00:00,352.76402768512565,8,2020-06-29T00:00:00+00:00
2020-06-30 06:30:00+00:00,356.70617549004356,8,2020-06-29T00:00:00+00:00
2020-06-30 07:00:00+00:00,365.5000270299914,8,2020-06-29T00:00:00+00:00
2020-06-30 07:30:00+00:00,360.367603944059,8,2020-06-29T00:00:00+00:00
2020-06-30 08:00:00+00:00,372.91907056964476,8,2020-06-29T00:00:00+00:00
2020-06-30 08:30:00+00:00,354.6100266778373,8,2020-06-29T00:00:00+00:00
2020-06-30 09:00:00+00:00,375.63108176243736,8,2020-06-29T00:00:00+00:00
2020-06-30 09:30:00+00:00,368.09607972949186,8,2020-06-29T00:00:00+00:00
2020-06-30 10:00:00+00:00,384.7274919180413,8,2020-06-29T00:00:00+00:00
2020-06-30 10:30:00+00:00,380.6819875269383,8,2020-06-29T00:00:00+00:00
2020-06-30 11:00:00+00:00,396.04042334399185,8,2020-06-29T00:00:00+00:00
2020-06-30 11:30:00+00:00,385.92493647218237,8,2020-06-29T00:00:00+00:00
2020-06-30 12:00:00+00:00,388.8551012604504,8,2020-06-29T00:00:00+00:00
2020-06-30 12:30:00+00:00,389.9866983923978,8,2020-06-29T00:00:00+00:00
2020-06-30 13:00:00+00:00,393.91416113910793,8,2020-06-29T00:00:00+00:00
2020-06-30 13:30:00+00:00,386.5622505212024,8,2020-06-29T00:00:00+00:00
2020-06-30 14:00:00+00:00,379.1902708944579,8,2020-06-29T00:00:00+00:00
2020-06-30 14:30:00+00:00,380.96863667237864,8,2020-06-29T00:00:00+00:00
2020-06-30 15:00:00+00:00,388.3527885981266,8,2020-06-29T00:00:00+00:00
2020-06-30 15:30:00+00:00,396.739600450795,8,2020-06-29T00:00:00+00:00
2020-06-30 16:00:00+00:00,374.5392677312337,8,2020-06-29T00:00:00+00:00
2020-06-30 16:30:00+00:00,385.75316823272465,8,2020-06-29T00:00:00+00:00
2020-06-30 17:00:00+00:00,364.789430277659,8,2020-06-29T00:00:00+00:00
2020-06-30 17:30:00+00:00,379.63733801549256,8,2020-06-29T00:00:00+00:00
2020-06-30 18:00:00+00:00,364.7006224738154,8,2020-06-29T00:00:00+00:00
2020-06-30 18:30:00+00:00,367.6095741914457,8,2020-06-29T00:00:00+00:00
2020-06-30 19:00:00+00:00,369.9166642391015,8,2020-06-29T00:00:00+00:00
2020-06-30 19:30:00+00:00,375.44821380180827,8,2020-06-29T00:00:00+00:00
2020-06-30 20:00:00+00:00,351.00424169870655,8,2020-06-29T00:00:00+00:00
2020-06-30 20:30:00+00:00,346.0711162275846,8,2020-06-29T00:00:00+00:00
2020-06-30 21:00:00+00:00,340.1300619073289,8,2020-06-29T00:00:00+00:00
2020-06-30 21:30:00+00:00,349.0478162998371,8,2020-06-29T00:00:00+00:00
2020-06-30 22:00:00+00:00,339.61656168555294,8,2020-06-29T00:00:00+00:00
2020-06-30 22:30:00+00:00,337.17856291397703,8,2020-06-29T00:00:00+00:00
2020-06-30 23:00:00+00:00,329.60192943656995,8,2020-06-29T00:00:00+00:00
2020-06-30 23:30:00+00:00,335.08326981130415,8,2020-06-29T00:00:00+00:00
2020-07-01 00:00:00+00:00,328.9217603776364,8,2020-06-29T00:00:00+00:00
2020-07-01 00:30:00+00:00,341.0767822256599,8,2020-06-29T00:00:00+00:00
2020-07-01 01:00:00+00:00,330.1307691724075,8,2020-06-29T00:00:00+00:00
2020-07-01 01:30:00+00:00,342.8196617786156,8,2020-06-29T00:00:00+00:00
2020-07-01 02:00:00+00:00,340.05651226602464,8,2020-06-29T00:00:00+00:00
2020-07-01 02:30:00+00:00,339.2166080553544,8,2020-06-29T00:00:00+00:00
2020-07-01 03:00:00+00:00,338.33320714989867,8,2020-06-29T00:00:00+00:00
2020-07-01 03:30:00+00:00,327.1442796585157,8,2020-06-29T00:00:00+00:00
2020-07-01 04:00:00+00:00,346.6163832043713,8,2020-06-29T00:00:00+00:00
2020-07-01 04:30:00+00:00,349.61979910652826,8,2020-06-29T00:00:00+00:00
2020-07-01 05:00:00+00:00,344.9398257326085,8,2020-06-29T00:00:00+00:00
2020-07-01 05:30:00+00:00,336.83864309690114,8,2020-06-29T00:00:00+00:00
2020-07-01 06:00:00+00:00,344.9211733027939,8,2020-06-29T00:00:00+00:00
2020-07-01 06:30:00+00:00,345.92648905365473,8,2020-06-29T00:00:00+00:00
2020-07-01 07:00:00+00:00,352.1860194609197,8,2020-06-29T00:00:00+00:00
2020-07-01 07:30:00+00:00,372.06730025662205,8,2020-06-29T00:00:00+00:00
2020-07-01 08:00:00+00:00,368.3137735252956,8,2020-06-29T00:00:00+00:00
2020-07-01 08:30:00+00:00,375.0660519653895,8,2020-06-29T00:00:00+00:00
2020-07-01 09:00:00+00:00,368.99651820800426,8,2020-06-29T00:00:00+00:00
2020-07-01 09:30:00+00:00,380.74082973594244,8,2020-06-29T00:00:00+00:00
2020-07-01 10:00:00+00:00,384.2230447948383,8,2020-06-29T00:00:00+00:00
2020-07-01 10:30:00+00:00,387.0742544003585,8,2020-06-29T00:00:00+00:00
2020-07-01 11:00:00+00:00,379.6341982658079,8,2020-06-29T00:00:00+00:00
2020-07-01 11:30:00+00:00,383.06266867096855,8,2020-06-29T00:00:00+00:00
2020-07-01 12:00:00+00:00,380.9740750211099,8,2020-06-29T00:00:00+00:00
2020-07-01 12:30:00+00:00,376.2275224296638,8,2020-06-29T00:00:00+00:00
2020-07-01 13:00:00+00:00,379.661969446589,8,2020-06-29T00:00:00+00:00
2020-07-01 13:30:00+00:00,386.9406838293746,8,2020-06-29T00:00:00+00:00
2020-07-01 14:00:00+00:00,384.10999010592053,8,2020-06-29T00:00:00+00:00
2020-07-01 14:30:00+00:00,380.5204138797281,8,2020-06-29T00:00:00+00:00
2020-07-01 15:00:00+00:00,378.7525745922016,8,2020-06-29T00:00:00+00:00
2020-07-01 15:30:00+00:00,390.59977011410984,8,2020-06-29T00:00:00+00:00
2020-07-01 16:00:00+00:00,383.49990940663207,8,2020-06-29T00:00:00+00:00
2020-07-01 16:30:00+00:00,385.68130176624976,8,2020-06-29T00:00:00+00:00
2020-07-01 17:00:00+00:00,377.373695733845,8,2020-06-29T00:00:00+00:00
2020-07-01 17:30:00+00:00,374.3770791481867,8,2020-06-29T00:00:00+00:00
2020-07-01 18:00:00+00:00,374.38263799601134,8,2020-06-29T00:00:00+00:00
2020-07-01 18:30:00+00:00,367.4531908295652,8,2020-06-29T00:00:00+00:00
2020-07-01 19:00:00+00:00,358.463353901491,8,2020-06-29T00:00:00+00:00
2020-07-01 19:30:00+00:00,361.4973423387919,8,2020-06-29T00:00:00+00:00
2020-07-01 20:00:00+00:00,357.93017271726745,8,2020-06-29T00:00:00+00:00
2020-07-01 20:30:00+00:00,346.7837752312725,8,2020-06-29T00:00:00+00:00
2020-07-01 21:00:00+00:00,343.98523817113636,8,2020-06-29T00:00:00+00:00
2020-07-01 21:30:00+00:00,338.47353568765357,8,2020-06-29T00:00:00+00:00
2020-07-01 22:00:00+00:00,341.3652682824207,8,2020-06-29T00:00:00+00:00
2020-07-01 22:30:00+00:00,338.54905746791303,8,2020-06-29T00:00:00+00:00
2020-07-01 23:00:00+00:00,345.997980034247,8,2020-06-29T00:00:00+00:00
2020-07-01 23:30:00+00:00,328.48479817546615,8,2020-06-29T00:00:00+00:00
2020-07-02 00:00:00+00:00,333.2476090051094,8,2020-06-29T00:00:00+00:00
2020-07-02 00:30:00+00:00,345.0334527242201,8,2020-06-29T00:00:00+00:00
2020-07-02 01:00:00+00:00,347.2163788352442,8,2020-06-29T00:00:00+00:00
2020-07-02 01:30:00+00:00,315.54309217627116,8,2020-06-29T00:00:00+00:00
2020-07-02 02:00:00+00:00,336.1072216359827,8,2020-06-29T00:00:00+00:00
2020-07-02 02:30:00+00:00,322.1248837074523,8,2020-06-29T00:00:00+00:00
2020-07-02 03:00:00+00:00,330.0963844415119,8,2020-06-29T00:00:00+00:00
2020-07-02 03:30:00+00:00,339.87374529839735,8,2020-06-29T00:00:00+00:00
2020-07-02 04:00:00+00:00,343.7872447245323,8,2020-06-29T00:00:00+00:00
2020-07-02 04:30:00+00:00,356.46100520544144,8,2020-06-29T00:00:00+00:00
2020-07-02 05:00:00+00:00,343.27104122582915,8,2020-06-29T00:00:00+00:00
2020-07-02 05:30:00+00:00,350.4135959086548,8,2020-06-29T00:00:00+00:00
2020-07-02 06:00:00+00:00,357.49508383964354,8,2020-06-29T00:00:00+00:00
2020-07-02 06:30:00+00:00,359.56496143435317,8,2020-06-29T00:00:00+00:00
2020-07-02 07:00:00+00:00,357.1774204106831,8,2020-06-29T00:00:00+00:00
2020-07-02 07:30:00+00:00,367.9521463249209,8,2020-06-29T00:00:00+00:00
2020-07-02 08:00:00+00:00,358.4092487301187,8,2020-06-29T00:00:00+00:00
2020-07-02 08:30:00+00:00,362.84037750097315,8,2020-06-29T00:00:00+00:00
2020-07-02 09:00:00+00:00,373.94443570654454,8,2020-06-29T00:00:00+00:00
2020-07-02 09:30:00+00:00,379.7935232775283,8,2020-06-29T00:00:00+00:00
2020-07-02 10:00:00+00:00,376.32442102718153,8,2020-06-29T00:00:00+00:00
2020-07-02 10:30:00+00:00,382.6140457154186,8,2020-06-29T00:00:00+00:00
2020-07-02 11:00:00+00:00,398.2487110914816,8,2020-06-29T00:00:00+00:00
2020-07-02 11:30:00+00:00,376.0698342077436,8,2020-06-29T00:00:00+00:00
2020-07-02 12:00:00+00:00,389.6703993707373,8,2020-06-29T00:00:00+00:00
2020-07-02 12:30:00+00:00,388.40243946658666,8,2020-06-29T00:00:00+00:00
2020-07-02 13:00:00+00:00,370.2073127397343,8,2020-06-29T00:00:00+00:00
2020-07-02 13:30:00+00:00,378.57799772969173,8,2020-06-29T00:00:00+00:00
2020-07-02 14:00:00+00:00,384.40193538603023,8,2020-06-29T00:00:00+00:00
2020-07-02 14:30:00+00:00,386.2578742663228,8,2020-06-29T00:00:00+00:00
2020-07-02 15:00:00+00:00,374.54138611327085,8,2020-06-29T00:00:00+00:00
2020-07-02 15:30:00+00:00,381.86037381509226,8,2020-06-29T00:00:00+00:00
2020-07-02 16:00:00+00:00,381.86256921743495,8,2020-06-29T00:00:00+00:00
2020-07-02 16:30:00+00:00,381.8685343822556,8,2020-06-29T00:00:00+00:00
2020-07-02 17:00:00+00:00,377.40981972514345,8,2020-06-29T00:00:00+00:00
2020-07-02 17:30:00+00:00,374.9189210906745,8,2020-06-29T00:00:00+00:00
2020-07-02 18:00:00+00:00,377.6894542363184,8,2020-06-29T00:00:00+00:00
2020-07-02 18:30:00+00:00,358.52052488906685,8,2020-06-29T00:00:00+00:00
2020-07-02 19:00:00+00:00,368.86865274296014,8,2020-06-29T00:00:00+00:00
2020-07-02 19:30:00+00:00,367.80739682799447,8,2020-06-29T00:00:00+00:00
2020-07-02 20:00:00+00:00,356.04772497956424,8,2020-06-29T00:00:00+00:00
2020-07-02 20:30:00+00:00,362.7303096466797,8,2020-06-29T00:00:00+00:00
2020-07-02 21:00:00+00:00,341.86818115341674,8,2020-06-29T00:00:00+00:00
2020-07-02 21:30:00+00:00,352.817829857133,8,2020-06-29T00:00:00+00:00
2020-07-02 22:00:00+00:00,346.9364256199823,8,2020-06-29T00:00:00+00:00
2020-07-02 22:30:00+00:00,330.42605557159567,8,2020-06-29T00:00:00+00:00
2020-07-02 23:00:00+00:00,332.9756075775562,8,2020-06-29T00:00:00+00:00
2020-07-02 23:30:00+00:00,326.70481409428515,8,2020-06-29T00:00:00+00:00
2020-07-03 00:00:00+00:00,332.22902237168523,8,2020-06-29T00:00:00+00:00
2020-07-03 00:30:00+00:00,326.33985098652306,8,2020-06-29T00:00:00+00:00
2020-07-03 01:00:00+00:00,327.9081938933199,8,2020-06-29T00:00:00+00:00
2020-07-03 01:30:00+00:00,326.14287076646417,8,2020-06-29T00:00:00+00:00
2020-07-03 02:00:00+00:00,338.63725090508615,8,2020-06-29T00:00:00+00:00
2020-07-03 02:30:00+00:00,337.61187140596934,8,2020-06-29T00:00:00+00:00
2020-07-03 03:00:00+00:00,343.4075543018851,8,2020-06-29T00:00:00+00:00
2020-07-03 03:30:00+00:00,341.73321965330405,8,2020-06-29T00:00:00+00:00
2020-07-03 04:00:00+00:00,334.0509198116219,8,2020-06-29T00:00:00+00:00
2020-07-03 04:30:00+00:00,337.3227005009299,8,2020-06-29T00:00:00+00:00
2020-07-03 05:00:00+00:00,346.8670347974105,8,2020-06-29T00:00:00+00:00
2020-07-03 05:30:00+00:00,349.00933445670626,8,2020-06-29T00:00:00+00:00
2020-07-03 06:00:00+00:00,350.46354117238485,8,2020-06-29T00:00:00+00:00
2020-07-03 06:30:00+00:00,350.730866084557,8,2020-06-29T00:00:00+00:00
2020-07-03 07:00:00+00:00,359.99575261273753,8,2020-06-29T00:00:00+00:00
2020-07-03 07:30:00+00:00,366.7861992911199,8,2020-06-29T00:00:00+00:00
2020-07-03 08:00:00+00:00,360.84472125067106,8,2020-06-29T00:00:00+00:00
2020-07-03 08:30:00+00:00,377.16597559668276,8,2020-06-29T00:00:00+00:00
2020-07-03 09:00:00+00:00,372.0485216668936,8,2020-06-29T00:00:00+00:00
2020-07-03 09:30:00+00:00,375.9222148390394,8,2020-06-29T00:00:00+00:00
2020-07-03 10:00:00+00:00,377.9224791452904,8,2020-06-29T00:00:00+00:00
2020-07-03 10:30:00+00:00,383.26834984552204,8,2020-06-29T00:00:00+00:00
2020-07-03 11:00:00+00:00,391.9247085291885,8,2020-06-29T00:00:00+00:00
2020-07-03 11:30:00+00:00,394.77818629191785,8,2020-06-29T00:00:00+00:00
2020-07-03 12:00:00+00:00,384.2005330972934,8,2020-06-29T00:00:00+00:00
2020-07-03 12:30:00+00:00,388.49542884638225,8,2020-06-29T00:00:00+00:00
2020-07-03 13:00:00+00:00,393.89931196686115,8,2020-06-29T00:00:00+00:00
2020-07-03 13:30:00+00:00,389.36254449983676,8,2020-06-29T00:00:00+00:00
2020-07-03 14:00:00+00:00,376.6976513239633,8,2020-06-29T00:00:00+00:00
2020-07-03 14:30:00+00:00,398.8037563421245,8,2020-06-29T00:00:00+00:00
2020-07-03 15:00:00+00:00,383.8323559964109,8,2020-06-29T00:00:00+00:00
2020-07-03 15:30:00+00:00,392.1084411526404,8,2020-06-29T00:00:00+00:00
2020-07-03 16:00:00+00:00,380.1444764609032,8,2020-06-29T00:00:00+00:00
2020-07-03 16:30:00+00:00,398.0771851362644,8,2020-06-29T00:00:00+00:00
2020-07-03 17:00:00+00:00,371.6500128436224,8,2020-06-29T00:00:00+00:00
2020-07-03 17:30:00+00:00,379.38739384917886,8,2020-06-29T00:00:00+00:00
2020-07-03 18:00:00+00:00,379.0153372163677,8,2020-06-29T00:00:00+00:00
2020-07-03 18:30:00+00:00,371.5719845368541,8,2020-06-29T00:00:00+00:00
2020-07-03 19:00:00+00:00,349.4709394731218,8,2020-06-29T00:00:00+00:00
2020-07-03 19:30:00+00:00,361.28308264609996,8,2020-06-29T00:00:00+00:00
2020-07-03 20:00:00+00:00,347.1954350875737,8,2020-06-29T00:00:00+00:00
2020-07-03 20:30:00+00:00,358.3903382660788,8,2020-06-29T00:00:00+00:00
2020-07-03 21:00:00+00:00,341.69485095509003,8,2020-06-29T00:00:00+00:00
2020-07-03 21:30:00+00:00,338.326672564923,8,2020-06-29T00:00:00+00:00
2020-07-03 22:00:00+00:00,339.76806863049757,8,2020-06-29T00:00:00+00:00
2020-07-03 22:30:00+00:00,354.71478319932265,8,2020-06-29T00:00:00+00:00
2020-07-03 23:00:00+00:00,351.7946214060609,8,2020-06-29T00:00:00+00:00
2020-07-03 23:30:00+00:00,334.345464255216,8,2020-06-29T00:00:00+00:00
2020-07-04 00:00:00+00:00,317.1515815134561,8,2020-06-29T00:00:00+00:00
2020-07-04 00:30:00+00:00,315.7576641693729,8,2020-06-29T00:00:00+00:00
2020-07-04 01:00:00+00:00,302.0374628645987,8,2020-06-29T00:00:00+00:00
2020-07-04 01:30:00+00:00,313.2028181225306,8,2020-06-29T00:00:00+00:00
2020-07-04 02:00:00+00:00,305.5667368662108,8,2020-06-29T00:00:00+00:00
2020-07-04 02:30:00+00:00,315.4629835588826,8,2020-06-29T00:00:00+00:00
2020-07-04 03:00:00+00:00,321.40352585273376,8,2020-06-29T00:00:00+00:00
2020-07-04 03:30:00+00:00,314.06243112024237,8,2020-06-29T00:00:00+00:00
2020-07-04 04:00:00+00:00,323.6937292053063,8,2020-06-29T00:00:00+00:00
2020-07-04 04:30:00+00:00,327.1278867251786,8,2020-06-29T00:00:00+00:00
2020-07-04 05:00:00+00:00,316.07447968714536,8,2020-06-29T00:00:00+00:00
2020-07-04 05:30:00+00:00,320.34326007850683,8,2020-06-29T00:00:00+00:00
2020-07-04 06:00:00+00:00,327.3222071817663,8,2020-06-29T00:00:00+00:00
2020-07-04 06:30:00+00:00,329.0998135295389,8,2020-06-29T00:00:00+00:00
2020-07-04 07:00:00+00:00,350.0903006575624,8,2020-06-29T00:00:00+00:00
2020-07-04 07:30:00+00:00,340.7221233209717,8,2020-06-29T00:00:00+00:00
2020-07-04 08:00:00+00:00,352.7213076923043,8,2020-06-29T00:00:00+00:00
2020-07-04 08:30:00+00:00,347.815967591534,8,2020-06-29T00:00:00+00:00
2020-07-04 09:00:00+00:00,350.52719921633457,8,2020-06-29T00:00:00+00:00
2020-07-04 09:30:00+00:00,354.8853916538276,8,2020-06-29T00:00:00+00:00
2020-07-04 10:00:00+00:00,361.8401968496868,8,2020-06-29T00:00:00+00:00
2020-07-04 10:30:00+00:00,350.25581363406934,8,2020-06-29T00:00:00+00:00
2020-07-04 11:00:00+00:00,357.5787042071201,8,2020-06-29T00:00:00+00:00
2020-07-04 11:30:00+00:00,362.26300695244026,8,2020-06-29T00:00:00+00:00
2020-07-04 12:00:00+00:00,357.5466328973489,8,2020-06-29T00:00:00+00:00
2020-07-04 12:30:00+00:00,361.98239418217145,8,2020-06-29T00:00:00+00:00
2020-07-04 13:00:00+00:00,362.38134984214634,8,2020-06-29T00:00:00+00:00
2020-07-04 13:30:00+00:00,374.26427326312233,8,2020-06-29T00:00:00+00:00
2020-07-04 14:00:00+00:00,363.2171087258462,8,2020-06-29T00:00:00+00:00
2020-07-04 14:30:00+00:00,379.31363467783723,8,2020-06-29T00:00:00+00:00
2020-07-04 15:00:00+00:00,355.5500542960879,8,2020-06-29T00:00:00+00:00
2020-07-04 15:30:00+00:00,360.8442272242962,8,2020-06-29T00:00:00+00:00
2020-07-04 16:00:00+00:00,356.958602035672,8,2020-06-29T00:00:00+00:00
2020-07-04 16:30:00+00:00,363.42462827175433,8,2020-06-29T00:00:00+00:00
2020-07-04 17:00:00+00:00,339.45625098534543,8,2020-06-29T00:00:00+00:00
2020-07-04 17:30:00+00:00,358.72008475356967,8,2020-06-29T00:00:00+00:00
2020-07-04 18:00:00+00:00,350.80753225015343,8,2020-06-29T00:00:00+00:00
2020-07-04 18:30:00+00:00,346.8832931435219,8,2020-06-29T00:00:00+00:00
2020-07-04 19:00:00+00:00,339.60292829132885,8,2020-06-29T00:00:00+00:00
2020-07-04 19:30:00+00:00,327.47166084525634,8,2020-06-29T00:00:00+00:00
2020-07-04 20:00:00+00:00,332.4177328672656,8,2020-06-29T00:00:00+00:00
2020-07-04 20:30:00+00:00,325.9251787538304,8,2020-06-29T00:00:00+00:00
2020-07-04 21:00:00+00:00,330.1536790365185,8,2020-06-29T00:00:00+00:00
2020-07-04 21:30:00+00:00,320.6594862733539,8,2020-06-29T00:00:00+00:00
2020-07-04 22:00:00+00:00,315.0399834469056,8,2020-06-29T00:00:00+00:00
2020-07-04 22:30:00+00:00,312.27008384716476,8,2020-06-29T00:00:00+00:00
2020-07-04 23:00:00+00:00,311.674062926446,8,2020-06-29T00:00:00+00:00
2020-07-04 23:30:00+00:00,317.6839705712287,8,2020-06-29T00:00:00+00:00
2020-07-05 00:00:00+00:00,319.579791982314,8,2020-06-29T00:00:00+00:00
2020-07-05 00:30:00+00:00,313.19355720604216,8,2020-06-29T00:00:00+00:00
2020-07-05 01:00:00+00:00,308.1939811417096,8,2020-06-29T00:00:00+00:00
2020-07-05 01:30:00+00:00,315.08291547922164,8,2020-06-29T00:00:00+00:00
2020-07-05 02:00:00+00:00,304.7528411880176,8,2020-06-29T00:00:00+00:00
2020-07-05 02:30:00+00:00,321.2072707640737,8,2020-06-29T00:00:00+00:00
2020-07-05 03:00:00+00:00,312.6779386272793,8,2020-06-29T00:00:00+00:00
2020-07-05 03:30:00+00:00,306.19238948703486,8,2020-06-29T00:00:00+00:00
2020-07-05 04:00:00+00:00,314.28453581193645,8,2020-06-29T00:00:00+00:00
2020-07-05 04:30:00+00:00,319.09035360375356,8,2020-06-29T00:00:00+00:00
2020-07-05 05:00:00+00:00,323.3158969809436,8,2020-06-29T00:00:00+00:00
2020-07-05 05:30:00+00:00,323.488845130427,8,2020-06-29T00:00:00+00:00
2020-07-05 06:00:00+00:00,337.2020693703686,8,2020-06-29T00:00:00+00:00
2020-07-05 06:30:00+00:00,326.63304187427775,8,2020-06-29T00:00:00+00:00
2020-07-05 07:00:00+00:00,338.69373660340676,8,2020-06-29T00:00:00+00:00
2020-07-05 07:30:00+00:00,334.5266054783398,8,2020-06-29T00:00:00+00:00
2020-07-05 08:00:00+00:00,335.17716621874996,8,2020-06-29T00:00:00+00:00
2020-07-05 08:30:00+00:00,338.34155393891695,8,2020-06-29T00:00:00+00:00
2020-07-05 09:00:00+00:00,352.25888986332177,8,2020-06-29T00:00:00+00:00
2020-07-05 09:30:00+00:00,349.83563022856833,8,2020-06-29T00:00:00+00:00
2020-07-05 10:00:00+00:00,353.71906693663055,8,2020-06-29T00:00:00+00:00
2020-07-05 10:30:00+00:00,360.1821823586497,8,2020-06-29T00:00:00+00:00
2020-07-05 11:00:00+00:00,354.84864441565446,8,2020-06-29T00:00:00+00:00
2020-07-05 11:30:00+00:00,357.5413119038914,8,2020-06-29T00:00:00+00:00
2020-07-05 12:00:00+00:00,361.8182939681796,8,2020-06-29T00:00:00+00:00
2020-07-05 12:30:00+00:00,379.05608496558267,8,2020-06-29T00:00:00+00:00
2020-07-05 13:00:00+00:00,359.493127975893,8,2020-06-29T00:00:00+00:00
2020-07-05 13:30:00+00:00,356.19308892375483,8,2020-06-29T00:00:00+00:00
2020-07-05 14:00:00+00:00,358.9535423304798,8,2020-06-29T00:00:00+00:00
2020-07-05 14:30:00+00:00,367.4579509173388,8,2020-06-29T00:00:00+00:00
2020-07-05 15:00:00+00:00,362.3543812508693,8,2020-06-29T00:00:00+00:00
2020-07-05 15:30:00+00:00,375.21504214103726,8,2020-06-29T00:00:00+00:00
2020-07-05 16:00:00+00:00,370.89860073409835,8,2020-06-29T00:00:00+00:00
2020-07-05 16:30:00+00:00,362.8182126007343,8,2020-06-29T00:00:00+00:00
2020-07-05 17:00:00+00:00,348.387486442681,8,2020-06-29T00:00:00+00:00
2020-07-05 17:30:00+00:00,358.34562196481323,8,2020-06-29T00:00:00+00:00
2020-07-05 18:00:00+00:00,342.53197783210265,8,2020-06-29T00:00:00+00:00
2020-07-05 18:30:00+00:00,350.8646635571543,8,2020-06-29T00:00:00+00:00
2020-07-05 19:00:00+00:00,326.55559278935976,8,2020-06-29T00:00:00+00:00
2020-07-05 19:30:00+00:00,334.36602542325016,8,2020-06-29T00:00:00+00:00
2020-07-05 20:00:00+00:00,335.1607464180718,8,2020-06-29T00:00:00+00:00
2020-07-05 20:30:00+00:00,337.2813147861641,8,2020-06-29T00:00:00+00:00
2020-07-05 21:00:00+00:00,320.8320613443385,8,2020-06-29T00:00:00+00:00
2020-07-05 21:30:00+00:00,317.3250388428801,8,2020-06-29T00:00:00+00:00
2020-07-05 22:00:00+00:00,328.80650572891017,8,2020-06-29T00:00:00+00:00
2020-07-05 22:30:00+00:00,311.26770065945385,8,2020-06-29T00:00:00+00:00
2020-07-05 23:00:00+00:00,307.1789461594806,8,2020-06-29T00:00:00+00:00
2020-07-05 23:30:00+00:00,319.349577475501,8,2020-06-29T00:00:00+00:00
2020-07-06 00:00:00+00:00,328.06866408879944,8,2020-06-29T00:00:00+00:00
2020-07-06 00:30:00+00:00,337.6964895309696,8,2020-06-29T00:00:00+00:00
2020-07-06 01:00:00+00:00,338.6451741560772,8,2020-06-29T00:00:00+00:00
2020-07-06 01:30:00+00:00,333.09594934048556,8,2020-06-29T00:00:00+00:00
2020-07-06 02:00:00+00:00,331.2641423658895,8,2020-06-29T00:00:00+00:00
2020-07-06 02:30:00+00:00,328.5876834550018,8,2020-06-29T00:00:00+00:00
2020-07-06 03:00:00+00:00,327.7264541671127,8,2020-06-29T00:00:00+00:00
2020-07-06 03:30:00+00:00,339.86824872816186,8,2020-06-29T00:00:00+00:00
2020-07-06 04:00:00+00:00,345.66132928726125,8,2020-06-29T00:00:00+00:00
2020-07-06 04:30:00+00:00,336.0411034617789,8,2020-06-29T00:00:00+00:00
2020-07-06 05:00:00+00:00,337.8928698175953,8,2020-06-29T00:00:00+00:00
2020-07-06 05:30:00+00:00,342.24877805153255,8,2020-06-29T00:00:00+00:00
2020-07-06 06:00:00+00:00,352.1174216556597,8,2020-06-29T00:00:00+00:00
2020-07-06 06:30:00+00:00,350.1077516397861,8,2020-06-29T00:00:00+00:00
2020-07-06 07:00:00+00:00,359.4914275413437,8,2020-06-29T00:00:00+00:00
2020-07-06 07:30:00+00:00,355.0261544483927,8,2020-06-29T00:00:00+00:00
2020-07-06 08:00:00+00:00,365.0658388859729,8,2020-06-29T00:00:00+00:00
2020-07-06 08:30:00+00:00,378.357520531493,8,2020-06-29T00:00:00+00:00
2020-07-06 09:00:00+00:00,371.58755465872224,8,2020-06-29T00:00:00+00:00
2020-07-06 09:30:00+00:00,376.64574986964425,8,2020-06-29T00:00:00+00:00
2020-07-06 10:00:00+00:00,394.29816967641455,8,2020-06-29T00:00:00+00:00
2020-07-06 10:30:00+00:00,382.5890555722277,8,2020-06-29T00:00:00+00:00
2020-07-06 11:00:00+00:00,376.2755901686328,8,2020-06-29T00:00:00+00:00
2020-07-06 11:30:00+00:00,380.87637390342957,8,2020-06-29T00:00:00+00:00
2020-07-06 12:00:00+00:00,382.75895629029293,8,2020-06-29T00:00:00+00:00
2020-07-06 12:30:00+00:00,394.1353566515801,8,2020-06-29T00:00:00+00:00
2020-07-06 13:00:00+00:00,389.4446896206049,8,2020-06-29T00:00:00+00:00
2020-07-06 13:30:00+00:00,385.18743456512505,8,2020-06-29T00:00:00+00:00
2020-07-06 14:00:00+00:00,382.6191617573051,8,2020-06-29T00:00:00+00:00
2020-07-06 14:30:00+00:00,386.8437634573768,8,2020-06-29T00:00:00+00:00
2020-07-06 15:00:00+00:00,396.45146914759033,8,2020-06-29T00:00:00+00:00
2020-07-06 15:30:00+00:00,390.0749943508758,8,2020-06-29T00:00:00+00:00
2020-07-06 16:00:00+00:00,373.3834406094583,8,2020-06-29T00:00:00+00:00
2020-07-06 16:30:00+00:00,371.60630644915267,8,2020-06-29T00:00:00+00:00
2020-07-06 17:00:00+00:00,378.84071688668746,8,2020-06-29T00:00:00+00:00
2020-07-06 17:30:00+00:00,368.97805498332593,8,2020-06-29T00:00:00+00:00
2020-07-06 18:00:00+00:00,364.52049704860286,8,2020-06-29T00:00:00+00:00
2020-07-06 18:30:00+00:00,360.18791826798656,8,2020-06-29T00:00:00+00:00
2020-07-06 19:00:00+00:00,374.9287994586377,8,2020-06-29T00:00:00+00:00
2020-07-06 19:30:00+00:00,362.51601072806756,8,2020-06-29T00:00:00+00:00
2020-07-06 20:00:00+00:00,353.2059377981362,8,2020-06-29T00:00:00+00:00
2020-07-06 20:30:00+00:00,356.595332543529,8,2020-06-29T00:00:00+00:00
2020-07-06 21:00:00+00:00,343.3865866708858,8,2020-06-29T00:00:00+00:00
2020-07-06 21:30:00+00:00,347.8904710182476,8,2020-06-29T00:00:00+00:00
2020-07-06 22:00:00+00:00,340.8564232001637,8,2020-06-29T00:00:00+00:00
2020-07-06 22:30:00+00:00,337.92023419276626,8,2020-06-29T00:00:00+00:00
2020-07-06 23:00:00+00:00,347.2848567849249,8,2020-06-29T00:00:00+00:00
2020-07-06 23:30:00+00:00,334.4526358905162,8,2020-06-29T00:00:00+00:00
2020-07-07 00:00:00+00:00,334.8036259161156,8,2020-06-29T00:00:00+00:00
2020-07-07 00:30:00+00:00,338.9980325441682,8,2020-06-29T00:00:00+00:00
2020-07-07 01:00:00+00:00,339.7144801936544,8,2020-06-29T00:00:00+00:00
2020-07-07 01:30:00+00:00,335.3652220979794,8,2020-06-29T00:00:00+00:00
2020-07-07 02:00:00+00:00,336.09449421571384,8,2020-06-29T00:00:00+00:00
2020-07-07 02:30:00+00:00,335.0586539049073,8,2020-06-29T00:00:00+00:00
2020-07-07 03:00:00+00:00,340.23416008524975,8,2020-06-29T00:00:00+00:00
2020-07-07 03:30:00+00:00,348.74863294645223,8,2020-06-29T00:00:00+00:00
2020-07-07 04:00:00+00:00,337.10733516189674,8,2020-06-29T00:00:00+00:00
2020-07-07 04:30:00+00:00,334.2832702350955,8,2020-06-29T00:00:00+00:00
2020-07-07 05:00:00+00:00,351.74847428189116,8,2020-06-29T00:00:00+00:00
2020-07-07 05:30:00+00:00,340.8989224227035,8,2020-06-29T00:00:00+00:00
2020-07-07 06:00:00+00:00,364.3967408887127,8,2020-06-29T00:00:00+00:00
2020-07-07 06:30:00+00:00,350.46597468924296,8,2020-06-29T00:00:00+00:00
2020-07-07 07:00:00+00:00,363.2075586863761,8,2020-06-29T00:00:00+00:00
2020-07-07 07:30:00+00:00,365.94426131158673,8,2020-06-29T00:00:00+00:00
2020-07-07 08:00:00+00:00,369.4534987593351,8,2020-06-29T00:00:00+00:00
2020-07-07 08:30:00+00:00,357.40738985183094,8,2020-06-29T00:00:00+00:00
2020-07-07 09:00:00+00:00,387.443717266525,8,2020-06-29T00:00:00+00:00
2020-07-07 09:30:00+00:00,371.7796372632306,8,2020-06-29T00:00:00+00:00
2020-07-07 10:00:00+00:00,378.63820085767026,8,2020-06-29T00:00:00+00:00
2020-07-07 10:30:00+00:00,379.51112650872,8,2020-06-29T00:00:00+00:00
2020-07-07 11:00:00+00:00,385.0962401552767,8,2020-06-29T00:00:00+00:00
2020-07-07 11:30:00+00:00,386.8922288827024,8,2020-06-29T00:00:00+00:00
2020-07-07 12:00:00+00:00,380.4639324898275,8,2020-06-29T00:00:00+00:00
2020-07-07 12:30:00+00:00,376.1595617422611,8,2020-06-29T00:00:00+00:00
2020-07-07 13:00:00+00:00,381.3859275995044,8,2020-06-29T00:00:00+00:00
2020-07-07 13:30:00+00:00,384.9706224526558,8,2020-06-29T00:00:00+00:00
2020-07-07 14:00:00+00:00,385.25585436570464,8,2020-06-29T00:00:00+00:00
2020-07-07 14:30:00+00:00,379.35311586537097,8,2020-06-29T00:00:00+00:00
2020-07-07 15:00:00+00:00,386.4359779801688,8,2020-06-29T00:00:00+00:00
2020-07-07 15:30:00+00:00,368.8146629073234,8,2020-06-29T00:00:00+00:00
2020-07-07 16:00:00+00:00,372.16588844005184,8,2020-06-29T00:00:00+00:00
2020-07-07 16:30:00+00:00,373.36343935123386,8,2020-06-29T00:00:00+00:00
2020-07-07 17:00:00+00:00,375.493113076141,8,2020-06-29T00:00:00+00:00
2020-07-07 17:30:00+00:00,376.20918450042234,8,2020-06-29T00:00:00+00:00
2020-07-07 18:00:00+00:00,353.58831480874227,8,2020-06-29T00:00:00+00:00
2020-07-07 18:30:00+00:00,362.60439458695885,8,2020-06-29T00:00:00+00:00
2020-07-07 19:00:00+00:00,373.0527252222255,8,2020-06-29T00:00:00+00:00
2020-07-07 19:30:00+00:00,352.6459665529524,8,2020-06-29T00:00:00+00:00
2020-07-07 20:00:00+00:00,337.7908786281407,8,2020-06-29T00:00:00+00:00
2020-07-07 20:30:00+00:00,350.3759126723325,8,2020-06-29T00:00:00+00:00
2020-07-07 21:00:00+00:00,358.920603443953,8,2020-06-29T00:00:00+00:00
2020-07-07 21:30:00+00:00,343.22421845431495,8,2020-06-29T00:00:00+00:00
2020-07-07 22:00:00+00:00,334.4892003634711,8,2020-06-29T00:00:00+00:00
2020-07-07 22:30:00+00:00,338.02871682404106,8,2020-06-29T00:00:00+00:00
2020-07-06 00:00:00+00:00,328.92830105173203,9,2020-07-06T00:00:00+00:00
2020-07-06 00:30:00+00:00,328.59938164756977,9,2020-07-06T00:00:00+00:00
2020-07-06 01:00:00+00:00,332.5617835668447,9,2020-07-06T00:00:00+00:00
2020-07-06 01:30:00+00:00,340.7673064479814,9,2020-07-06T00:00:00+00:00
2020-07-06 02:00:00+00:00,330.68680051359047,9,2020-07-06T00:00:00+00:00
2020-07-06 02:30:00+00:00,325.24257056658155,9,2020-07-06T00:00:00+00:00
2020-07-06 03:00:00+00:00,330.16014295118333,9,2020-07-06T00:00:00+00:00
2020-07-06 03:30:00+00:00,348.1934464788159,9,2020-07-06T00:00:00+00:00
2020-07-06 04:00:00+00:00,337.74814109573583,9,2020-07-06T00:00:00+00:00
2020-07-06 04:30:00+00:00,331.9156346774823,9,2020-07-06T00:00:00+00:00
2020-07-06 05:00:00+00:00,343.8839749847175,9,2020-07-06T00:00:00+00:00
2020-07-06 05:30:00+00:00,348.08791223621984,9,2020-07-06T00:00:00+00:00
2020-07-06 06:00:00+00:00,354.76278123728014,9,2020-07-06T00:00:00+00:00
2020-07-06 06:30:00+00:00,365.79428031239877,9,2020-07-06T00:00:00+00:00
2020-07-06 07:00:00+00:00,358.6602189144424,9,2020-07-06T00:00:00+00:00
2020-07-06 07:30:00+00:00,349.1804798619085,9,2020-07-06T00:00:00+00:00
2020-07-06 08:00:00+00:00,377.8089535452036,9,2020-07-06T00:00:00+00:00
2020-07-06 08:30:00+00:00,369.2559997857841,9,2020-07-06T00:00:00+00:00
2020-07-06 09:00:00+00:00,376.10001333455193,9,2020-07-06T00:00:00+00:00
2020-07-06 09:30:00+00:00,369.24678653995153,9,2020-07-06T00:00:00+00:00
2020-07-06 10:00:00+00:00,372.5495527949136,9,2020-07-06T00:00:00+00:00
2020-07-06 10:30:00+00:00,390.8643769502239,9,2020-07-06T00:00:00+00:00
2020-07-06 11:00:00+00:00,373.62469758560974,9,2020-07-06T00:00:00+00:00
2020-07-06 11:30:00+00:00,379.9078315573171,9,2020-07-06T00:00:00+00:00
2020-07-06 12:00:00+00:00,379.01785337029884,9,2020-07-06T00:00:00+00:00
2020-07-06 12:30:00+00:00,397.15178571033357,9,2020-07-06T00:00:00+00:00
2020-07-06 13:00:00+00:00,390.25596495188387,9,2020-07-06T00:00:00+00:00
2020-07-06 13:30:00+00:00,383.0420772507308,9,2020-07-06T00:00:00+00:00
2020-07-06 14:00:00+00:00,392.0382533791381,9,2020-07-06T00:00:00+00:00
2020-07-06 14:30:00+00:00,400.6574549997679,9,2020-07-06T00:00:00+00:00
2020-07-06 15:00:00+00:00,377.50956283246876,9,2020-07-06T00:00:00+00:00
2020-07-06 15:30:00+00:00,377.99401310943244,9,2020-07-06T00:00:00+00:00
2020-07-06 16:00:00+00:00,382.5987224858363,9,2020-07-06T00:00:00+00:00
2020-07-06 16:30:00+00:00,381.4974368662297,9,2020-07-06T00:00:00+00:00
2020-07-06 17:00:00+00:00,366.0487921592023,9,2020-07-06T00:00:00+00:00
2020-07-06 17:30:00+00:00,369.5314267782556,9,2020-07-06T00:00:00+00:00
2020-07-06 18:00:00+00:00,367.1121172555969,9,2020-07-06T00:00:00+00:00
2020-07-06 18:30:00+00:00,373.2957306100844,9,2020-07-06T00:00:00+00:00
2020-07-06 19:00:00+00:00,349.58973838805633,9,2020-07-06T00:00:00+00:00
2020-07-06 19:30:00+00:00,364.70444303832994,9,2020-07-06T00:00:00+00:00
2020-07-06 20:00:00+00:00,356.3074777969971,9,2020-07-06T00:00:00+00:00
2020-07-06 20:30:00+00:00,367.16536044180464,9,2020-07-06T00:00:00+00:00
2020-07-06 21:00:00+00:00,329.21946052392207,9,2020-07-06T00:00:00+00:00
2020-07-06 21:30:00+00:00,343.6099398420612,9,2020-07-06T00:00:00+00:00
2020-07-06 22:00:00+00:00,337.44044807256677,9,2020-07-06T00:00:00+00:00
2020-07-06 22:30:00+00:00,350.96487171778205,9,2020-07-06T00:00:00+00:00
2020-07-06 23:00:00+00:00,327.48642503807537,9,2020-07-06T00:00:00+00:00
2020-07-06 23:30:00+00:00,331.8757669385615,9,2020-07-06T00:00:00+00:00
2020-07-07 00:00:00+00:00,334.80972960780224,9,2020-07-06T00:00:00+00:00
2020-07-07 00:30:00+00:00,337.3718214234736,9,2020-07-06T00:00:00+00:00
2020-07-07 01:00:00+00:00,335.5553528953023,9,2020-07-06T00:00:00+00:00
2020-07-07 01:30:00+00:00,322.9127841914222,9,2020-07-06T00:00:00+00:00
2020-07-07 02:00:00+00:00,346.9215656096835,9,2020-07-06T00:00:00+00:00
2020-07-07 02:30:00+00:00,328.0831966615211,9,2020-07-06T00:00:00+00:00
2020-07-07 03:00:00+00:00,338.98209576228686,9,2020-07-06T00:00:00+00:00
2020-07-07 03:30:00+00:00,342.70836096130256,9,2020-07-06T00:00:00+00:00
2020-07-07 04:00:00+00:00,337.7119723936123,9,2020-07-06T00:00:00+00:00
2020-07-07 04:30:00+00:00,344.13978952941903,9,2020-07-06T00:00:00+00:00
2020-07-07 05:00:00+00:00,335.22604946212357,9,2020-07-06T00:00:00+00:00
2020-07-07 05:30:00+00:00,345.1477371017676,9,2020-07-06T00:00:00+00:00
2020-07-07 06:00:00+00:00,348.92470963448784,9,2020-07-06T00:00:00+00:00
2020-07-07 06:30:00+00:00,341.6828140092213,9,2020-07-06T00:00:00+00:00
2020-07-07 07:00:00+00:00,355.0291765400691,9,2020-07-06T00:00:00+00:00
2020-07-07 07:30:00+00:00,352.5216891002179,9,2020-07-06T00:00:00+00:00
2020-07-07 08:00:00+00:00,374.1002822093746,9,2020-07-06T00:00:00+00:00
2020-07-07 08:30:00+00:00,361.22391447319325,9,2020-07-06T00:00:00+00:00
2020-07-07 09:00:00+00:00,362.65083515489573,9,2020-07-06T00:00:00+00:00
2020-07-07 09:30:00+00:00,372.4032854666329,9,2020-07-06T00:00:00+00:00
2020-07-07 10:00:00+00:00,377.18842850262945,9,2020-07-06T00:00:00+00:00
2020-07-07 10:30:00+00:00,398.6028398922437,9,2020-07-06T00:00:00+00:00
2020-07-07 11:00:00+00:00,397.30472561835586,9,2020-07-06T00:00:00+00:00
2020-07-07 11:30:00+00:00,385.4602248731895,9,2020-07-06T00:00:00+00:00
2020-07-07 12:00:00+00:00,381.21105235674173,9,2020-07-06T00:00:00+00:00
2020-07-07 12:30:00+00:00,403.82620465626445,9,2020-07-06T00:00:00+00:00
2020-07-07 13:00:00+00:00,390.0402168426705,9,2020-07-06T00:00:00+00:00
2020-07-07 13:30:00+00:00,375.3153119185158,9,2020-07-06T00:00:00+00:00
2020-07-07 14:00:00+00:00,389.92335218788674,9,2020-07-06T00:00:00+00:00
2020-07-07 14:30:00+00:00,374.27946823198306,9,2020-07-06T00:00:00+00:00
2020-07-07 15:00:00+00:00,393.36982866707945,9,2020-07-06T00:00:00+00:00
2020-07-07 15:30:00+00:00,387.18632677984635,9,2020-07-06T00:00:00+00:00
2020-07-07 16:00:00+00:00,371.10283096616905,9,2020-07-06T00:00:00+00:00
2020-07-07 16:30:00+00:00,375.0706739575981,9,2020-07-06T00:00:00+00:00
2020-07-07 17:00:00+00:00,357.4538835100783,9,2020-07-06T00:00:00+00:00
2020-07-07 17:30:00+00:00,386.6546560710291,9,2020-07-06T00:00:00+00:00
2020-07-07 18:00:00+00:00,367.67754487472143,9,2020-07-06T00:00:00+00:00
2020-07-07 18:30:00+00:00,372.0107519035965,9,2020-07-06T00:00:00+00:00
2020-07-07 19:00:00+00:00,369.55532179136776,9,2020-07-06T00:00:00+00:00
2020-07-07 19:30:00+00:00,356.6932233207369,9,2020-07-06T00:00:00+00:00
2020-07-07 20:00:00+00:00,348.203829857594,9,2020-07-06T00:00:00+00:00
2020-07-07 20:30:00+00:00,348.86991492294163,9,2020-07-06T00:00:00+00:00
2020-07-07 21:00:00+00:00,348.01492278402657,9,2020-07-06T00:00:00+00:00
2020-07-07 21:30:00+00:00,339.3901204783939,9,2020-07-06T00:00:00+00:00
2020-07-07 22:00:00+00:00,337.2446867756719,9,2020-07-06T00:00:00+00:00
2020-07-07 22:30:00+00:00,342.0214325040047,9,2020-07-06T00:00:00+00:00
2020-07-07 23:00:00+00:00,336.539513029826,9,2020-07-06T00:00:00+00:00
2020-07-07 23:30:00+00:00,331.15773495209334,9,2020-07-06T00:00:00+00:00
2020-07-08 00:00:00+00:00,324.40591608445834,9,2020-07-06T00:00:00+00:00
2020-07-08 00:30:00+00:00,328.37328328790863,9,2020-07-06T00:00:00+00:00
2020-07-08 01:00:00+00:00,336.5973345261669,9,2020-07-06T00:00:00+00:00
2020-07-08 01:30:00+00:00,341.8307075132916,9,2020-07-06T00:00:00+00:00
2020-07-08 02:00:00+00:00,341.4011617148015,9,2020-07-06T00:00:00+00:00
2020-07-08 02:30:00+00:00,330.6049027043498,9,2020-07-06T00:00:00+00:00
2020-07-08 03:00:00+00:00,340.4435087800817,9,2020-07-06T00:00:00+00:00
2020-07-08 03:30:00+00:00,338.50019563444965,9,2020-07-06T00:00:00+00:00
2020-07-08 04:00:00+00:00,351.3928996759999,9,2020-07-06T00:00:00+00:00
2020-07-08 04:30:00+00:00,334.10103477166496,9,2020-07-06T00:00:00+00:00
2020-07-08 05:00:00+00:00,354.9015602962796,9,2020-07-06T00:00:00+00:00
2020-07-08 05:30:00+00:00,348.87703144297495,9,2020-07-06T00:00:00+00:00
2020-07-08 06:00:00+00:00,351.5852087889411,9,2020-07-06T00:00:00+00:00
2020-07-08 06:30:00+00:00,371.5324594804745,9,2020-07-06T00:00:00+00:00
2020-07-08 07:00:00+00:00,373.94916196848334,9,2020-07-06T00:00:00+00:00
2020-07-08 07:30:00+00:00,348.19582351559177,9,2020-07-06T00:00:00+00:00
2020-07-08 08:00:00+00:00,368.2267506122462,9,2020-07-06T00:00:00+00:00
2020-07-08 08:30:00+00:00,372.89614959295784,9,2020-07-06T00:00:00+00:00
2020-07-08 09:00:00+00:00,382.5214736330299,9,2020-07-06T00:00:00+00:00
2020-07-08 09:30:00+00:00,364.8279446578525,9,2020-07-06T00:00:00+00:00
2020-07-08 10:00:00+00:00,383.1881583597367,9,2020-07-06T00:00:00+00:00
2020-07-08 10:30:00+00:00,381.5462751289192,9,2020-07-06T00:00:00+00:00
2020-07-08 11:00:00+00:00,378.3641594774523,9,2020-07-06T00:00:00+00:00
2020-07-08 11:30:00+00:00,390.31895783778623,9,2020-07-06T00:00:00+00:00
2020-07-08 12:00:00+00:00,383.04355514118663,9,2020-07-06T00:00:00+00:00
2020-07-08 12:30:00+00:00,386.72141526760356,9,2020-07-06T00:00:00+00:00
2020-07-08 13:00:00+00:00,380.5505820370377,9,2020-07-06T00:00:00+00:00
2020-07-08 13:30:00+00:00,391.5137233120853,9,2020-07-06T00:00:00+00:00
2020-07-08 14:00:00+00:00,390.8341745384034,9,2020-07-06T00:00:00+00:00
2020-07-08 14:30:00+00:00,384.6119116055303,9,2020-07-06T00:00:00+00:00
2020-07-08 15:00:00+00:00,377.7104293706915,9,2020-07-06T00:00:00+00:00
2020-07-08 15:30:00+00:00,384.26219602810215,9,2020-07-06T00:00:00+00:00
2020-07-08 16:00:00+00:00,381.7316651381042,9,2020-07-06T00:00:00+00:00
2020-07-08 16:30:00+00:00,381.1141952926736,9,2020-07-06T00:00:00+00:00
2020-07-08 17:00:00+00:00,372.06864632947753,9,2020-07-06T00:00:00+00:00
2020-07-08 17:30:00+00:00,381.71551335560355,9,2020-07-06T00:00:00+00:00
2020-07-08 18:00:00+00:00,364.6037324405572,9,2020-07-06T00:00:00+00:00
2020-07-08 18:30:00+00:00,367.7297188363981,9,2020-07-06T00:00:00+00:00
2020-07-08 19:00:00+00:00,371.9279969501126,9,2020-07-06T00:00:00+00:00
2020-07-08 19:30:00+00:00,353.51023639627005,9,2020-07-06T00:00:00+00:00
2020-07-08 20:00:00+00:00,353.0100560504661,9,2020-07-06T00:00:00+00:00
2020-07-08 20:30:00+00:00,354.9475327689582,9,2020-07-06T00:00:00+00:00
2020-07-08 21:00:00+00:00,340.18797273458466,9,2020-07-06T00:00:00+00:00
2020-07-08 21:30:00+00:00,335.4120871343782,9,2020-07-06T00:00:00+00:00
2020-07-08 22:00:00+00:00,332.7264263943311,9,2020-07-06T00:00:00+00:00
2020-07-08 22:30:00+00:00,323.8064789988149,9,2020-07-06T00:00:00+00:00
2020-07-08 23:00:00+00:00,335.7035783661725,9,2020-07-06T00:00:00+00:00
2020-07-08 23:30:00+00:00,335.1152659303933,9,2020-07-06T00:00:00+00:00
2020-07-09 00:00:00+00:00,338.28020976500534,9,2020-07-06T00:00:00+00:00
2020-07-09 00:30:00+00:00,347.3471583199026,9,2020-07-06T00:00:00+00:00
2020-07-09 01:00:00+00:00,333.2872219686311,9,2020-07-06T00:00:00+00:00
2020-07-09 01:30:00+00:00,333.49772357982204,9,2020-07-06T00:00:00+00:00
2020-07-09 02:00:00+00:00,336.67859056949214,9,2020-07-06T00:00:00+00:00
2020-07-09 02:30:00+00:00,329.1318507612823,9,2020-07-06T00:00:00+00:00
2020-07-09 03:00:00+00:00,324.03485853236606,9,2020-07-06T00:00:00+00:00
2020-07-09 03:30:00+00:00,329.8557216338862,9,2020-07-06T00:00:00+00:00
2020-07-09 04:00:00+00:00,341.3297699307032,9,2020-07-06T00:00:00+00:00
2020-07-09 04:30:00+00:00,339.9682767570115,9,2020-07-06T00:00:00+00:00
2020-07-09 05:00:00+00:00,346.1974917052836,9,2020-07-06T00:00:00+00:00
2020-07-09 05:30:00+00:00,341.2079711954777,9,2020-07-06T00:00:00+00:00
2020-07-09 06:00:00+00:00,353.04508386723955,9,2020-07-06T00:00:00+00:00
2020-07-09 06:30:00+00:00,350.1428290695942,9,2020-07-06T00:00:00+00:00
2020-07-09 07:00:00+00:00,358.7028626965956,9,2020-07-06T00:00:00+00:00
2020-07-09 07:30:00+00:00,350.0438740038811,9,2020-07-06T00:00:00+00:00
2020-07-09 08:00:00+00:00,360.55174772472117,9,2020-07-06T00:00:00+00:00
2020-07-09 08:30:00+00:00,367.1891357816072,9,2020-07-06T00:00:00+00:00
2020-07-09 09:00:00+00:00,385.4673031707211,9,2020-07-06T00:00:00+00:00
2020-07-09 09:30:00+00:00,374.5725408994575,9,2020-07-06T00:00:00+00:00
2020-07-09 10:00:00+00:00,384.24240938053356,9,2020-07-06T00:00:00+00:00
2020-07-09 10:30:00+00:00,394.1215315557854,9,2020-07-06T00:00:00+00:00
2020-07-09 11:00:00+00:00,386.2551149723847,9,2020-07-06T00:00:00+00:00
2020-07-09 11:30:00+00:00,381.8135398129458,9,2020-07-06T00:00:00+00:00
2020-07-09 12:00:00+00:00,371.944878159748,9,2020-07-06T00:00:00+00:00
2020-07-09 12:30:00+00:00,384.33720953628847,9,2020-07-06T00:00:00+00:00
2020-07-09 13:00:00+00:00,397.17956024626875,9,2020-07-06T00:00:00+00:00
2020-07-09 13:30:00+00:00,380.24610390968127,9,2020-07-06T00:00:00+00:00
2020-07-09 14:00:00+00:00,384.21421507338323,9,2020-07-06T00:00:00+00:00
2020-07-09 14:30:00+00:00,385.5467542949631,9,2020-07-06T00:00:00+00:00
2020-07-09 15:00:00+00:00,385.8243462520629,9,2020-07-06T00:00:00+00:00
2020-07-09 15:30:00+00:00,376.1059578905296,9,2020-07-06T00:00:00+00:00
2020-07-09 16:00:00+00:00,385.77878376949445,9,2020-07-06T00:00:00+00:00
2020-07-09 16:30:00+00:00,384.1153579880993,9,2020-07-06T00:00:00+00:00
2020-07-09 17:00:00+00:00,366.08802173346487,9,2020-07-06T00:00:00+00:00
2020-07-09 17:30:00+00:00,352.1105411064084,9,2020-07-06T00:00:00+00:00
2020-07-09 18:00:00+00:00,371.73245659291723,9,2020-07-06T00:00:00+00:00
2020-07-09 18:30:00+00:00,368.191108627359,9,2020-07-06T00:00:00+00:00
2020-07-09 19:00:00+00:00,360.09769729356066,9,2020-07-06T00:00:00+00:00
2020-07-09 19:30:00+00:00,345.90361665834024,9,2020-07-06T00:00:00+00:00
2020-07-09 20:00:00+00:00,346.25593942959847,9,2020-07-06T00:00:00+00:00
2020-07-09 20:30:00+00:00,350.4231655184575,9,2020-07-06T00:00:00+00:00
2020-07-09 21:00:00+00:00,347.57064001838097,9,2020-07-06T00:00:00+00:00
2020-07-09 21:30:00+00:00,344.9558147235444,9,2020-07-06T00:00:00+00:00
2020-07-09 22:00:00+00:00,347.254578049459,9,2020-07-06T00:00:00+00:00
2020-07-09 22:30:00+00:00,331.2795734375247,9,2020-07-06T00:00:00+00:00
2020-07-09 23:00:00+00:00,326.1505705961136,9,2020-07-06T00:00:00+00:00
2020-07-09 23:30:00+00:00,335.0256910755262,9,2020-07-06T00:00:00+00:00
2020-07-10 00:00:00+00:00,341.92374698577106,9,2020-07-06T00:00:00+00:00
2020-07-10 00:30:00+00:00,322.6588904932445,9,2020-07-06T00:00:00+00:00
2020-07-10 01:00:00+00:00,320.7122789664166,9,2020-07-06T00:00:00+00:00
2020-07-10 01:30:00+00:00,344.7548086128071,9,2020-07-06T00:00:00+00:00
2020-07-10 02:00:00+00:00,327.11864112110703,9,2020-07-06T00:00:00+00:00
2020-07-10 02:30:00+00:00,333.5323670621869,9,2020-07-06T00:00:00+00:00
2020-07-10 03:00:00+00:00,346.0516147070856,9,2020-07-06T00:00:00+00:00
2020-07-10 03:30:00+00:00,327.76682659150123,9,2020-07-06T00:00:00+00:00
2020-07-10 04:00:00+00:00,340.74932721327554,9,2020-07-06T00:00:00+00:00
2020-07-10 04:30:00+00:00,343.768659062717,9,2020-07-06T00:00:00+00:00
2020-07-10 05:00:00+00:00,344.54330727994983,9,2020-07-06T00:00:00+00:00
2020-07-10 05:30:00+00:00,343.25729340483156,9,2020-07-06T00:00:00+00:00
2020-07-10 06:00:00+00:00,347.34158319919004,9,2020-07-06T00:00:00+00:00
2020-07-10 06:30:00+00:00,349.37190294347386,9,2020-07-06T00:00:00+00:00
2020-07-10 07:00:00+00:00,367.73977303734824,9,2020-07-06T00:00:00+00:00
2020-07-10 07:30:00+00:00,342.78131405401416,9,2020-07-06T00:00:00+00:00
2020-07-10 08:00:00+00:00,370.0675572403545,9,2020-07-06T00:00:00+00:00
2020-07-10 08:30:00+00:00,366.83126324518184,9,2020-07-06T00:00:00+00:00
2020-07-10 09:00:00+00:00,374.15376087310585,9,2020-07-06T00:00:00+00:00
2020-07-10 09:30:00+00:00,374.109773686523,9,2020-07-06T00:00:00+00:00
2020-07-10 10:00:00+00:00,379.28592335171675,9,2020-07-06T00:00:00+00:00
2020-07-10 10:30:00+00:00,384.2493894422572,9,2020-07-06T00:00:00+00:00
2020-07-10 11:00:00+00:00,368.8374657258513,9,2020-07-06T00:00:00+00:00
2020-07-10 11:30:00+00:00,389.8300821304508,9,2020-07-06T00:00:00+00:00
2020-07-10 12:00:00+00:00,392.0940810851882,9,2020-07-06T00:00:00+00:00
2020-07-10 12:30:00+00:00,387.3447360772859,9,2020-07-06T00:00:00+00:00
2020-07-10 13:00:00+00:00,387.1676219632747,9,2020-07-06T00:00:00+00:00
2020-07-10 13:30:00+00:00,394.8510687831181,9,2020-07-06T00:00:00+00:00
2020-07-10 14:00:00+00:00,402.39989176416844,9,2020-07-06T00:00:00+00:00
2020-07-10 14:30:00+00:00,399.2135471697823,9,2020-07-06T00:00:00+00:00
2020-07-10 15:00:00+00:00,394.375133301278,9,2020-07-06T00:00:00+00:00
2020-07-10 15:30:00+00:00,370.3626014797442,9,2020-07-06T00:00:00+00:00
2020-07-10 16:00:00+00:00,392.8502294982612,9,2020-07-06T00:00:00+00:00
2020-07-10 16:30:00+00:00,380.5663595661507,9,2020-07-06T00:00:00+00:00
2020-07-10 17:00:00+00:00,369.2766500908847,9,2020-07-06T00:00:00+00:00
2020-07-10 17:30:00+00:00,376.34908338603145,9,2020-07-06T00:00:00+00:00
2020-07-10 18:00:00+00:00,376.3895310774434,9,2020-07-06T00:00:00+00:00
2020-07-10 18:30:00+00:00,354.33789439789626,9,2020-07-06T00:00:00+00:00
2020-07-10 19:00:00+00:00,365.8358894372906,9,2020-07-06T00:00:00+00:00
2020-07-10 19:30:00+00:00,356.14570042213967,9,2020-07-06T00:00:00+00:00
2020-07-10 20:00:00+00:00,353.5965589386024,9,2020-07-06T00:00:00+00:00
2020-07-10 20:30:00+00:00,350.53494865196336,9,2020-07-06T00:00:00+00:00
2020-07-10 21:00:00+00:00,351.6472533299579,9,2020-07-06T00:00:00+00:00
2020-07-10 21:30:00+00:00,346.6689775233689,9,2020-07-06T00:00:00+00:00
2020-07-10 22:00:00+00:00,334.9164093756462,9,2020-07-06T00:00:00+00:00
2020-07-10 22:30:00+00:00,333.6730953059984,9,2020-07-06T00:00:00+00:00
2020-07-10 23:00:00+00:00,331.7523531136255,9,2020-07-06T00:00:00+00:00
2020-07-10 23:30:00+00:00,340.1195070900073,9,2020-07-06T00:00:00+00:00
2020-07-11 00:00:00+00:00,305.3602204406483,9,2020-07-06T00:00:00+00:00
2020-07-11 00:30:00+00:00,317.03433306868243,9,2020-07-06T00:00:00+00:00
2020-07-11 01:00:00+00:00,319.3266902120748,9,2020-07-06T00:00:00+00:00
2020-07-11 01:30:00+00:00,312.0309414396197,9,2020-07-06T00:00:00+00:00
2020-07-11 02:00:00+00:00,295.9648915316162,9,2020-07-06T00:00:00+00:00
2020-07-11 02:30:00+00:00,314.09525077577575,9,2020-07-06T00:00:00+00:00
2020-07-11 03:00:00+00:00,317.8795258714733,9,2020-07-06T00:00:00+00:00
2020-07-11 03:30:00+00:00,320.78179480143075,9,2020-07-06T00:00:00+00:00
2020-07-11 04:00:00+00:00,320.4543991299673,9,2020-07-06T00:00:00+00:00
2020-07-11 04:30:00+00:00,328.9579912541035,9,2020-07-06T00:00:00+00:00
2020-07-11 05:00:00+00:00,335.3641247980207,9,2020-07-06T00:00:00+00:00
2020-07-11 05:30:00+00:00,324.91284111308454,9,2020-07-06T00:00:00+00:00
2020-07-11 06:00:00+00:00,337.0663644423166,9,2020-07-06T00:00:00+00:00
2020-07-11 06:30:00+00:00,345.3649851226739,9,2020-07-06T00:00:00+00:00
2020-07-11 07:00:00+00:00,343.30918946936174,9,2020-07-06T00:00:00+00:00
2020-07-11 07:30:00+00:00,341.7048093910268,9,2020-07-06T00:00:00+00:00
2020-07-11 08:00:00+00:00,360.61975865750884,9,2020-07-06T00:00:00+00:00
2020-07-11 08:30:00+00:00,330.59079089689186,9,2020-07-06T00:00:00+00:00
2020-07-11 09:00:00+00:00,363.06608522619587,9,2020-07-06T00:00:00+00:00
2020-07-11 09:30:00+00:00,350.0990516244714,9,2020-07-06T00:00:00+00:00
2020-07-11 10:00:00+00:00,342.0229479165307,9,2020-07-06T00:00:00+00:00
2020-07-11 10:30:00+00:00,365.0855335160663,9,2020-07-06T00:00:00+00:00
2020-07-11 11:00:00+00:00,373.33336073786404,9,2020-07-06T00:00:00+00:00
2020-07-11 11:30:00+00:00,362.17948596522905,9,2020-07-06T00:00:00+00:00
2020-07-11 12:00:00+00:00,369.5030620842315,9,2020-07-06T00:00:00+00:00
2020-07-11 12:30:00+00:00,373.5925281302613,9,2020-07-06T00:00:00+00:00
2020-07-11 13:00:00+00:00,363.16247549699864,9,2020-07-06T00:00:00+00:00
2020-07-11 13:30:00+00:00,368.7568619092752,9,2020-07-06T00:00:00+00:00
2020-07-11 14:00:00+00:00,370.97217300988893,9,2020-07-06T00:00:00+00:00
2020-07-11 14:30:00+00:00,360.31393890573963,9,2020-07-06T00:00:00+00:00
2020-07-11 15:00:00+00:00,361.92072879706234,9,2020-07-06T00:00:00+00:00
2020-07-11 15:30:00+00:00,355.86594975508575,9,2020-07-06T00:00:00+00:00
2020-07-11 16:00:00+00:00,350.65743366519564,9,2020-07-06T00:00:00+00:00
2020-07-11 16:30:00+00:00,357.1644998272053,9,2020-07-06T00:00:00+00:00
2020-07-11 17:00:00+00:00,355.1659116204014,9,2020-07-06T00:00:00+00:00
2020-07-11 17:30:00+00:00,353.78328612056623,9,2020-07-06T00:00:00+00:00
2020-07-11 18:00:00+00:00,350.1254337112191,9,2020-07-06T00:00:00+00:00
2020-07-11 18:30:00+00:00,350.89981091467905,9,2020-07-06T00:00:00+00:00
2020-07-11 19:00:00+00:00,343.4417049324714,9,2020-07-06T00:00:00+00:00
2020-07-11 19:30:00+00:00,334.01380687856397,9,2020-07-06T00:00:00+00:00
2020-07-11 20:00:00+00:00,328.4333778150025,9,2020-07-06T00:00:00+00:00
2020-07-11 20:30:00+00:00,321.1739964932179,9,2020-07-06T00:00:00+00:00
2020-07-11 21:00:00+00:00,335.7952655026947,9,2020-07-06T00:00:00+00:00
2020-07-11 21:30:00+00:00,330.66854934173085,9,2020-07-06T00:00:00+00:00
2020-07-11 22:00:00+00:00,316.06552497766165,9,2020-07-06T00:00:00+00:00
2020-07-11 22:30:00+00:00,317.8101063521752,9,2020-07-06T00:00:00+00:00
2020-07-11 23:00:00+00:00,320.08841588149994,9,2020-07-06T00:00:00+00:00
2020-07-11 23:30:00+00:00,307.3433877798515,9,2020-07-06T00:00:00+00:00
2020-07-12 00:00:00+00:00,307.7174379157179,9,2020-07-06T00:00:00+00:00
2020-07-12 00:30:00+00:00,304.6977554587154,9,2020-07-06T00:00:00+00:00
2020-07-12 01:00:00+00:00,309.7902987408119,9,2020-07-06T00:00:00+00:00
2020-07-12 01:30:00+00:00,319.53822809243155,9,2020-07-06T00:00:00+00:00
2020-07-12 02:00:00+00:00,307.2325458841185,9,2020-07-06T00:00:00+00:00
2020-07-12 02:30:00+00:00,320.0621815961623,9,2020-07-06T00:00:00+00:00
2020-07-12 03:00:00+00:00,316.37622234073376,9,2020-07-06T00:00:00+00:00
2020-07-12 03:30:00+00:00,311.8185448343915,9,2020-07-06T00:00:00+00:00
2020-07-12 04:00:00+00:00,324.38937846159456,9,2020-07-06T00:00:00+00:00
2020-07-12 04:30:00+00:00,309.8569824929265,9,2020-07-06T00:00:00+00:00
2020-07-12 05:00:00+00:00,325.14528513775366,9,2020-07-06T00:00:00+00:00
2020-07-12 05:30:00+00:00,324.946867780747,9,2020-07-06T00:00:00+00:00
2020-07-12 06:00:00+00:00,347.0798398876951,9,2020-07-06T00:00:00+00:00
2020-07-12 06:30:00+00:00,327.8046439356768,9,2020-07-06T00:00:00+00:00
2020-07-12 07:00:00+00:00,340.00004693898927,9,2020-07-06T00:00:00+00:00
2020-07-12 07:30:00+00:00,329.1413330157035,9,2020-07-06T00:00:00+00:00
2020-07-12 08:00:00+00:00,338.1162047976212,9,2020-07-06T00:00:00+00:00
2020-07-12 08:30:00+00:00,350.2617180213905,9,2020-07-06T00:00:00+00:00
2020-07-12 09:00:00+00:00,364.62849034707045,9,2020-07-06T00:00:00+00:00
2020-07-12 09:30:00+00:00,361.3318534133166,9,2020-07-06T00:00:00+00:00
2020-07-12 10:00:00+00:00,346.97773935495957,9,2020-07-06T00:00:00+00:00
2020-07-12 10:30:00+00:00,350.35445847398904,9,2020-07-06T00:00:00+00:00
2020-07-12 11:00:00+00:00,352.80649310745014,9,2020-07-06T00:00:00+00:00
2020-07-12 11:30:00+00:00,361.61791178930844,9,2020-07-06T00:00:00+00:00
2020-07-12 12:00:00+00:00,373.134812010747,9,2020-07-06T00:00:00+00:00
2020-07-12 12:30:00+00:00,371.58829823831167,9,2020-07-06T00:00:00+00:00
2020-07-12 13:00:00+00:00,366.68381905329767,9,2020-07-06T00:00:00+00:00
2020-07-12 13:30:00+00:00,366.18732901441575,9,2020-07-06T00:00:00+00:00
2020-07-12 14:00:00+00:00,347.80433632814095,9,2020-07-06T00:00:00+00:00
2020-07-12 14:30:00+00:00,338.75647703844936,9,2020-07-06T00:00:00+00:00
2020-07-12 15:00:00+00:00,359.4093842690849,9,2020-07-06T00:00:00+00:00
2020-07-12 15:30:00+00:00,348.6562933902299,9,2020-07-06T00:00:00+00:00
2020-07-12 16:00:00+00:00,356.4063398377592,9,2020-07-06T00:00:00+00:00
2020-07-12 16:30:00+00:00,348.9915427651246,9,2020-07-06T00:00:00+00:00
2020-07-12 17:00:00+00:00,356.3305692357239,9,2020-07-06T00:00:00+00:00
2020-07-12 17:30:00+00:00,346.55854586617846,9,2020-07-06T00:00:00+00:00
2020-07-12 18:00:00+00:00,337.25094339506717,9,2020-07-06T00:00:00+00:00
2020-07-12 18:30:00+00:00,343.22210883359645,9,2020-07-06T00:00:00+00:00
2020-07-12 19:00:00+00:00,344.8162281465597,9,2020-07-06T00:00:00+00:00
2020-07-12 19:30:00+00:00,333.85338019064625,9,2020-07-06T00:00:00+00:00
2020-07-12 20:00:00+00:00,339.6499395179951,9,2020-07-06T00:00:00+00:00
2020-07-12 20:30:00+00:00,320.5594749618478,9,2020-07-06T00:00:00+00:00
2020-07-12 21:00:00+00:00,313.6422639876322,9,2020-07-06T00:00:00+00:00
2020-07-12 21:30:00+00:00,320.3443668509057,9,2020-07-06T00:00:00+00:00
2020-07-12 22:00:00+00:00,316.72007298330055,9,2020-07-06T00:00:00+00:00
2020-07-12 22:30:00+00:00,321.3882117739564,9,2020-07-06T00:00:00+00:00
2020-07-12 23:00:00+00:00,311.7960350214144,9,2020-07-06T00:00:00+00:00
2020-07-12 23:30:00+00:00,312.0530862625441,9,2020-07-06T00:00:00+00:00
